[{"stream_name":"stderr","time":5.1662399390000004,"data":"/usr/local/lib/python3.12/dist-packages/nbformat/__init__.py:96: MissingIDFieldWarning: Cell is missing an id field, this will become a hard error in future nbformat versions. You may want to use `normalize()` on your notebooks before validations (available since nbformat 5.1.4). Previous versions of nbformat are fixing this issue transparently, and will stop doing so in the future.\n"}
,{"stream_name":"stderr","time":5.166296683,"data":"  validate(nb)\n"}
,{"stream_name":"stderr","time":5.892796832,"data":"0.00s - Debugger warning: It seems that frozen modules are being used, which may\n"}
,{"stream_name":"stderr","time":5.892822236,"data":"0.00s - make the debugger miss breakpoints. Please pass -Xfrozen_modules=off\n"}
,{"stream_name":"stderr","time":5.892825783,"data":"0.00s - to python to disable frozen modules.\n"}
,{"stream_name":"stderr","time":5.892828405,"data":"0.00s - Note: Debugging will proceed. Set PYDEVD_DISABLE_FILE_VALIDATION=1 to disable this validation.\n"}
,{"stream_name":"stderr","time":6.442252964,"data":"0.00s - Debugger warning: It seems that frozen modules are being used, which may\n"}
,{"stream_name":"stderr","time":6.44228254,"data":"0.00s - make the debugger miss breakpoints. Please pass -Xfrozen_modules=off\n"}
,{"stream_name":"stderr","time":6.442286248,"data":"0.00s - to python to disable frozen modules.\n"}
,{"stream_name":"stderr","time":6.442288823,"data":"0.00s - Note: Debugging will proceed. Set PYDEVD_DISABLE_FILE_VALIDATION=1 to disable this validation.\n"}
,{"stream_name":"stdout","time":11.105571649,"data":"GPU 0      : Tesla T4, 15360 MiB\n"}
,{"stream_name":"stdout","time":11.105615834,"data":"GPU 1      : Tesla T4, 15360 MiB\n"}
,{"stream_name":"stdout","time":11.105621124,"data":"capability : 7.5\n"}
,{"stream_name":"stdout","time":11.105624693,"data":"torch      : 2.10.0+cu128\n"}
,{"stream_name":"stdout","time":11.105628402,"data":"\n"}
,{"stream_name":"stdout","time":11.105632164,"data":"2 GPU(s). Training uses GPU 0; evaluation runs the fine-tune on GPU 0 and the base model on GPU 1, in parallel.\n"}
,{"stream_name":"stdout","time":44.709978424,"data":"ok | unsloth 2026.9.7 | transformers 5.5.0 | trl 0.24.0 | peft 0.19.1 | torch 2.10.0+cu128\n"}
,{"stream_name":"stdout","time":70.852049866,"data":"ok | peft can wrap a layer on this image\n"}
,{"stream_name":"stdout","time":93.818079333,"data":"ok | SFTConfig accepts train_sampling_strategy\n"}
,{"stream_name":"stdout","time":94.940736184,"data":"code: /kaggle/input/datasets/gb1105/medical-ft-code\n"}
,{"stream_name":"stdout","time":94.940790169,"data":"data: /kaggle/input/datasets/gb1105/medical-ft-data\n"}
,{"stream_name":"stdout","time":94.940795194,"data":"train 13,617 examples | max_seq 2496 | reasoning 75% | multiple choice 60%\n"}
,{"stream_name":"stdout","time":94.940798893,"data":"  medreason:mcq            kept  2,750 of target  2,750\n"}
,{"stream_name":"stdout","time":94.940802139,"data":"  medreason:dialogue       kept  1,375 of target  1,375\n"}
,{"stream_name":"stdout","time":94.940805432,"data":"  r1_distill               kept  2,062 of target  2,062\n"}
,{"stream_name":"stdout","time":94.94080856,"data":"  ultramedical             kept  2,062 of target  2,062\n"}
,{"stream_name":"stdout","time":94.940811522,"data":"  medical_o1               kept  1,375 of target  1,375\n"}
,{"stream_name":"stdout","time":94.940817197,"data":"  reasonmed                kept    688 of target    688\n"}
,{"stream_name":"stdout","time":94.940820296,"data":"  medmcqa                  kept  1,000 of target  1,000\n"}
,{"stream_name":"stdout","time":94.940823271,"data":"  medqa                    kept    688 of target    688\n"}
,{"stream_name":"stdout","time":94.940855336,"data":"  pubmedqa_artificial      kept    938 of target    938\n"}
,{"stream_name":"stdout","time":94.940860325,"data":"  medical_o1_direct        kept    812 of target    812\n"}
,{"stream_name":"stdout","time":94.956844269,"data":"training stops by itself after 5.75h at the latest\n"}
,{"stream_name":"stdout","time":94.956868322,"data":"$ python -m training.train --format v2 --data data/v2 --out outputs/run2 --max-seq 2496 --batch-size 2 --grad-accum 8 --rank 64 --lr 1e-4 --epochs 1 --save-steps 200 --group-by-length --probe-steps 20 --no-probe-abort --stop-after-seconds 20700\n"}
,{"stream_name":"stdout","time":94.956900617,"data":"\n"}
,{"stream_name":"stdout","time":113.294310109,"data":"🦥 Unsloth: Will patch your computer to enable 2x faster free finetuning.\n"}
,{"stream_name":"stdout","time":113.294363064,"data":"🦥 Unsloth Zoo will now patch everything to make training faster!\n"}
,{"stream_name":"stdout","time":113.294369014,"data":"==((====))==  Unsloth 2026.9.7: Fast Qwen3 patching. Transformers: 5.5.0.\n"}
,{"stream_name":"stdout","time":113.294373383,"data":"   \\\\   /|    Tesla T4. Num GPUs = 1. Max memory: 14.562 GB. Platform: Linux.\n"}
,{"stream_name":"stdout","time":113.294377252,"data":"O^O/ \\_/ \\    Torch: 2.10.0+cu128. CUDA: 7.5. CUDA Toolkit: 12.8. Triton: 3.6.0\n"}
,{"stream_name":"stdout","time":113.294380916,"data":"\\        /    Bfloat16 = FALSE. FA [Xformers = 0.0.35. FA2 = False]\n"}
,{"stream_name":"stdout","time":113.294384419,"data":" \"-____-\"     Free license: http://github.com/unslothai/unsloth\n"}
,{"stream_name":"stdout","time":113.294388155,"data":"Unsloth: Fast downloading is enabled - ignore downloading bars which are red colored!\n"}
,{"stream_name":"stdout","time":113.496255648,"data":"🦥 Unsloth: Will patch your computer to enable 2x faster free finetuning.\n"}
,{"stream_name":"stdout","time":113.496291973,"data":"🦥 Unsloth Zoo will now patch everything to make training faster!\n"}
,{"stream_name":"stdout","time":113.496297639,"data":"==((====))==  Unsloth 2026.9.7: Fast Qwen3 patching. Transformers: 5.5.0.\n"}
,{"stream_name":"stdout","time":113.496302049,"data":"   \\\\   /|    Tesla T4. Num GPUs = 1. Max memory: 14.562 GB. Platform: Linux.\n"}
,{"stream_name":"stdout","time":113.496306208,"data":"O^O/ \\_/ \\    Torch: 2.10.0+cu128. CUDA: 7.5. CUDA Toolkit: 12.8. Triton: 3.6.0\n"}
,{"stream_name":"stdout","time":113.496310662,"data":"\\        /    Bfloat16 = FALSE. FA [Xformers = 0.0.35. FA2 = False]\n"}
,{"stream_name":"stdout","time":113.496314345,"data":" \"-____-\"     Free license: http://github.com/unslothai/unsloth\n"}
,{"stream_name":"stdout","time":113.496318974,"data":"Unsloth: Fast downloading is enabled - ignore downloading bars which are red colored!\n"}
,{"stream_name":"stderr","time":122.276297702,"data":"Warning: You are sending unauthenticated requests to the HF Hub. Please set a HF_TOKEN to enable higher rate limits and faster downloads.\n"}
,{"stream_name":"stderr","time":122.47834397,"data":"Warning: You are sending unauthenticated requests to the HF Hub. Please set a HF_TOKEN to enable higher rate limits and faster downloads.\n"}
,{"stream_name":"stderr","time":122.47838217,"data":"\n"}
,{"stream_name":"stderr","time":122.478387461,"data":"Warning: You are sending unauthenticated requests to the HF Hub. Please set a HF_TOKEN to enable higher rate limits and faster downloads.\n"}
,{"stream_name":"stderr","time":149.61350304,"data":"Warning: You are sending unauthenticated requests to the HF Hub. Please set a HF_TOKEN to enable higher rate limits and faster downloads.\n"}
,{"stream_name":"stderr","time":149.818634257,"data":"Warning: You are sending unauthenticated requests to the HF Hub. Please set a HF_TOKEN to enable higher rate limits and faster downloads.\n"}
,{"stream_name":"stderr","time":149.818680818,"data":"\n"}
,{"stream_name":"stderr","time":149.818686876,"data":"Warning: You are sending unauthenticated requests to the HF Hub. Please set a HF_TOKEN to enable higher rate limits and faster downloads.\n"}
,{"stream_name":"stderr","time":152.983137347,"data":"\rLoading weights:   0%|          | 0/398 [00:00\u003c?, ?it/s]\rLoading weights:   0%|          | 0/398 [00:00\u003c?, ?it/s]\n"}
,{"stream_name":"stderr","time":153.704415739,"data":"\rLoading weights:   0%|          | 0/398 [00:00\u003c?, ?it/s]\rLoading weights:   0%|          | 1/398 [00:00\u003c04:46,  1.39it/s]\rLoading weights:  25%|██▌       | 100/398 [00:00\u003c00:01, 164.15it/s]\rLoading weights:   0%|          | 1/398 [00:00\u003c04:46,  1.39it/s]\rLoading weights:  25%|██▌       | 100/398 [00:00\u003c00:01, 164.15it/s]\n"}
,{"stream_name":"stderr","time":153.9598102,"data":"\rLoading weights:   0%|          | 1/398 [00:00\u003c04:46,  1.39it/s]\rLoading weights:  25%|██▌       | 100/398 [00:00\u003c00:01, 164.15it/s]\rLoading weights:  40%|███▉      | 158/398 [00:00\u003c00:01, 220.94it/s]\rLoading weights:  52%|█████▏    | 207/398 [00:01\u003c00:00, 260.25it/s]\rLoading weights:  40%|███▉      | 158/398 [00:00\u003c00:01, 220.94it/s]\rLoading weights:  52%|█████▏    | 207/398 [00:01\u003c00:00, 260.25it/s]\n"}
,{"stream_name":"stderr","time":154.200816737,"data":"\rLoading weights:  40%|███▉      | 158/398 [00:00\u003c00:01, 220.94it/s]\rLoading weights:  52%|█████▏    | 207/398 [00:01\u003c00:00, 260.25it/s]\rLoading weights:  63%|██████▎   | 252/398 [00:01\u003c00:00, 291.50it/s]\rLoading weights:  74%|███████▍  | 295/398 [00:01\u003c00:00, 313.12it/s]\rLoading weights:  63%|██████▎   | 252/398 [00:01\u003c00:00, 291.50it/s]\rLoading weights:  74%|███████▍  | 295/398 [00:01\u003c00:00, 313.12it/s]\n"}
,{"stream_name":"stderr","time":154.425134674,"data":"\rLoading weights:  63%|██████▎   | 252/398 [00:01\u003c00:00, 291.50it/s]\rLoading weights:  74%|███████▍  | 295/398 [00:01\u003c00:00, 313.12it/s]\rLoading weights:  84%|████████▍ | 336/398 [00:01\u003c00:00, 328.11it/s]\rLoading weights:  94%|█████████▍| 376/398 [00:01\u003c00:00, 317.99it/s]\rLoading weights:  84%|████████▍ | 336/398 [00:01\u003c00:00, 328.11it/s]\rLoading weights:  94%|█████████▍| 376/398 [00:01\u003c00:00, 317.99it/s]\n"}
,{"stream_name":"stderr","time":154.477567644,"data":"\rLoading weights:  84%|████████▍ | 336/398 [00:01\u003c00:00, 328.11it/s]\rLoading weights:  94%|█████████▍| 376/398 [00:01\u003c00:00, 317.99it/s]\rLoading weights: 100%|██████████| 398/398 [00:01\u003c00:00, 234.45it/s]\n"}
,{"stream_name":"stderr","time":154.679749908,"data":"\rLoading weights: 100%|██████████| 398/398 [00:01\u003c00:00, 234.45it/s]\n"}
,{"stream_name":"stderr","time":154.679792789,"data":"\n"}
,{"stream_name":"stderr","time":154.679800159,"data":"\rLoading weights: 100%|██████████| 398/398 [00:01\u003c00:00, 234.45it/s]\n"}
,{"stream_name":"stderr","time":162.619393243,"data":"Unsloth 2026.9.7 patched 36 layers with 36 QKV layers, 36 O layers and 36 MLP layers.\n"}
,{"stream_name":"stderr","time":162.821690009,"data":"Unsloth 2026.9.7 patched 36 layers with 36 QKV layers, 36 O layers and 36 MLP layers.\n"}
,{"stream_name":"stderr","time":162.821725358,"data":"\n"}
,{"stream_name":"stderr","time":162.821730203,"data":"Unsloth 2026.9.7 patched 36 layers with 36 QKV layers, 36 O layers and 36 MLP layers.\n"}
,{"stream_name":"stderr","time":166.907483257,"data":"warmup_ratio is deprecated and will be removed in v5.2. Use `warmup_steps` instead.\n"}
,{"stream_name":"stderr","time":167.109782255,"data":"warmup_ratio is deprecated and will be removed in v5.2. Use `warmup_steps` instead.\n"}
,{"stream_name":"stderr","time":167.109815785,"data":"\n"}
,{"stream_name":"stderr","time":167.109822257,"data":"warmup_ratio is deprecated and will be removed in v5.2. Use `warmup_steps` instead.\n"}
,{"stream_name":"stdout","time":168.67555843,"data":"train 13,617   max_seq 2496\n"}
,{"stream_name":"stdout","time":168.675596383,"data":"SFTConfig.eos_token = '\u003c|im_end|\u003e' (tokenizer EOS '\u003c|im_end|\u003e', id 151645)\n"}
,{"stream_name":"stdout","time":168.67560258,"data":"trl 0.24.0\n"}
,{"stream_name":"stdout","time":168.675606474,"data":"SFTConfig class: trl.trainer.sft_config.SFTConfig\n"}
,{"stream_name":"stdout","time":168.675610398,"data":"config is an instance of it: True\n"}
,{"stream_name":"stdout","time":168.675614274,"data":"config.eos_token = '\u003c|im_end|\u003e'\n"}
,{"stream_name":"stdout","time":168.878046313,"data":"train 13,617   max_seq 2496\n"}
,{"stream_name":"stdout","time":168.878080956,"data":"SFTConfig.eos_token = '\u003c|im_end|\u003e' (tokenizer EOS '\u003c|im_end|\u003e', id 151645)\n"}
,{"stream_name":"stdout","time":168.878086711,"data":"trl 0.24.0\n"}
,{"stream_name":"stdout","time":168.878090269,"data":"SFTConfig class: trl.trainer.sft_config.SFTConfig\n"}
,{"stream_name":"stdout","time":168.878094343,"data":"config is an instance of it: True\n"}
,{"stream_name":"stdout","time":168.878097992,"data":"config.eos_token = '\u003c|im_end|\u003e'\n"}
,{"stream_name":"stderr","time":168.878905126,"data":"\rUnsloth: Tokenizing [\"text\"] (num_proc=2):   0%|          | 0/13617 [00:00\u003c?, ? examples/s]\rUnsloth: Tokenizing [\"text\"] (num_proc=2):   0%|          | 0/13617 [00:00\u003c?, ? examples/s]\n"}
,{"stream_name":"stderr","time":173.960468716,"data":"\rUnsloth: Tokenizing [\"text\"] (num_proc=2):   0%|          | 0/13617 [00:00\u003c?, ? examples/s]\rUnsloth: Tokenizing [\"text\"] (num_proc=2):   7%|▋         | 1000/13617 [00:05\u003c01:04, 196.78 examples/s]\rUnsloth: Tokenizing [\"text\"] (num_proc=2):   7%|▋         | 1000/13617 [00:05\u003c01:04, 196.78 examples/s]\n"}
,{"stream_name":"stderr","time":175.811896862,"data":"\rUnsloth: Tokenizing [\"text\"] (num_proc=2):   7%|▋         | 1000/13617 [00:05\u003c01:04, 196.78 examples/s]\rUnsloth: Tokenizing [\"text\"] (num_proc=2):  15%|█▍        | 2000/13617 [00:06\u003c00:36, 314.32 examples/s]\rUnsloth: Tokenizing [\"text\"] (num_proc=2):  15%|█▍        | 2000/13617 [00:06\u003c00:36, 314.32 examples/s]\n"}
,{"stream_name":"stderr","time":176.230674055,"data":"\rUnsloth: Tokenizing [\"text\"] (num_proc=2):  15%|█▍        | 2000/13617 [00:06\u003c00:36, 314.32 examples/s]\rUnsloth: Tokenizing [\"text\"] (num_proc=2):  22%|██▏       | 3000/13617 [00:07\u003c00:20, 520.86 examples/s]\rUnsloth: Tokenizing [\"text\"] (num_proc=2):  22%|██▏       | 3000/13617 [00:07\u003c00:20, 520.86 examples/s]\n"}
,{"stream_name":"stderr","time":178.002883661,"data":"\rUnsloth: Tokenizing [\"text\"] (num_proc=2):  22%|██▏       | 3000/13617 [00:07\u003c00:20, 520.86 examples/s]\rUnsloth: Tokenizing [\"text\"] (num_proc=2):  29%|██▉       | 4000/13617 [00:09\u003c00:17, 537.16 examples/s]\rUnsloth: Tokenizing [\"text\"] (num_proc=2):  29%|██▉       | 4000/13617 [00:09\u003c00:17, 537.16 examples/s]\n"}
,{"stream_name":"stderr","time":178.451991278,"data":"\rUnsloth: Tokenizing [\"text\"] (num_proc=2):  29%|██▉       | 4000/13617 [00:09\u003c00:17, 537.16 examples/s]\rUnsloth: Tokenizing [\"text\"] (num_proc=2):  37%|███▋      | 5000/13617 [00:09\u003c00:11, 739.44 examples/s]\rUnsloth: Tokenizing [\"text\"] (num_proc=2):  37%|███▋      | 5000/13617 [00:09\u003c00:11, 739.44 examples/s]\n"}
,{"stream_name":"stderr","time":180.021499238,"data":"\rUnsloth: Tokenizing [\"text\"] (num_proc=2):  37%|███▋      | 5000/13617 [00:09\u003c00:11, 739.44 examples/s]\rUnsloth: Tokenizing [\"text\"] (num_proc=2):  44%|████▍     | 6000/13617 [00:11\u003c00:10, 702.21 examples/s]\rUnsloth: Tokenizing [\"text\"] (num_proc=2):  44%|████▍     | 6000/13617 [00:11\u003c00:10, 702.21 examples/s]\n"}
,{"stream_name":"stderr","time":180.60174087,"data":"\rUnsloth: Tokenizing [\"text\"] (num_proc=2):  44%|████▍     | 6000/13617 [00:11\u003c00:10, 702.21 examples/s]\rUnsloth: Tokenizing [\"text\"] (num_proc=2):  51%|█████▏    | 7000/13617 [00:11\u003c00:07, 869.36 examples/s]\rUnsloth: Tokenizing [\"text\"] (num_proc=2):  51%|█████▏    | 7000/13617 [00:11\u003c00:07, 869.36 examples/s]\n"}
,{"stream_name":"stderr","time":182.047676249,"data":"\rUnsloth: Tokenizing [\"text\"] (num_proc=2):  51%|█████▏    | 7000/13617 [00:11\u003c00:07, 869.36 examples/s]\rUnsloth: Tokenizing [\"text\"] (num_proc=2):  59%|█████▉    | 8000/13617 [00:13\u003c00:06, 803.62 examples/s]\rUnsloth: Tokenizing [\"text\"] (num_proc=2):  59%|█████▉    | 8000/13617 [00:13\u003c00:06, 803.62 examples/s]\n"}
,{"stream_name":"stderr","time":182.732646106,"data":"\rUnsloth: Tokenizing [\"text\"] (num_proc=2):  59%|█████▉    | 8000/13617 [00:13\u003c00:06, 803.62 examples/s]\rUnsloth: Tokenizing [\"text\"] (num_proc=2):  66%|██████▌   | 9000/13617 [00:13\u003c00:04, 935.00 examples/s]\rUnsloth: Tokenizing [\"text\"] (num_proc=2):  66%|██████▌   | 9000/13617 [00:13\u003c00:04, 935.00 examples/s]\n"}
,{"stream_name":"stderr","time":184.209963633,"data":"\rUnsloth: Tokenizing [\"text\"] (num_proc=2):  66%|██████▌   | 9000/13617 [00:13\u003c00:04, 935.00 examples/s]\rUnsloth: Tokenizing [\"text\"] (num_proc=2):  73%|███████▎  | 10000/13617 [00:15\u003c00:04, 836.54 examples/s]\rUnsloth: Tokenizing [\"text\"] (num_proc=2):  73%|███████▎  | 10000/13617 [00:15\u003c00:04, 836.54 examples/s]\n"}
,{"stream_name":"stderr","time":184.758264303,"data":"\rUnsloth: Tokenizing [\"text\"] (num_proc=2):  73%|███████▎  | 10000/13617 [00:15\u003c00:04, 836.54 examples/s]\rUnsloth: Tokenizing [\"text\"] (num_proc=2):  81%|████████  | 11000/13617 [00:15\u003c00:02, 1002.66 examples/s]\rUnsloth: Tokenizing [\"text\"] (num_proc=2):  81%|████████  | 11000/13617 [00:15\u003c00:02, 1002.66 examples/s]\n"}
,{"stream_name":"stderr","time":186.26843977,"data":"\rUnsloth: Tokenizing [\"text\"] (num_proc=2):  81%|████████  | 11000/13617 [00:15\u003c00:02, 1002.66 examples/s]\rUnsloth: Tokenizing [\"text\"] (num_proc=2):  88%|████████▊ | 12000/13617 [00:17\u003c00:01, 867.04 examples/s] \rUnsloth: Tokenizing [\"text\"] (num_proc=2):  88%|████████▊ | 12000/13617 [00:17\u003c00:01, 867.04 examples/s] \n"}
,{"stream_name":"stderr","time":186.473117024,"data":"\rUnsloth: Tokenizing [\"text\"] (num_proc=2):  88%|████████▊ | 12000/13617 [00:17\u003c00:01, 867.04 examples/s] \rUnsloth: Tokenizing [\"text\"] (num_proc=2):  94%|█████████▍| 12809/13617 [00:17\u003c00:00, 1087.99 examples/s]\rUnsloth: Tokenizing [\"text\"] (num_proc=2):  94%|█████████▍| 12809/13617 [00:17\u003c00:00, 1087.99 examples/s]\n"}
,{"stream_name":"stderr","time":187.962247859,"data":"\rUnsloth: Tokenizing [\"text\"] (num_proc=2):  94%|█████████▍| 12809/13617 [00:17\u003c00:00, 1087.99 examples/s]\rUnsloth: Tokenizing [\"text\"] (num_proc=2): 100%|██████████| 13617/13617 [00:19\u003c00:00, 855.11 examples/s] \rUnsloth: Tokenizing [\"text\"] (num_proc=2): 100%|██████████| 13617/13617 [00:19\u003c00:00, 855.11 examples/s] \n"}
,{"stream_name":"stderr","time":188.379497503,"data":"\rUnsloth: Tokenizing [\"text\"] (num_proc=2): 100%|██████████| 13617/13617 [00:19\u003c00:00, 855.11 examples/s] \rUnsloth: Tokenizing [\"text\"] (num_proc=2): 100%|██████████| 13617/13617 [00:19\u003c00:00, 691.08 examples/s]\n"}
,{"stream_name":"stdout","time":188.434942049,"data":"🦥 Unsloth: Padding-free auto-enabled, enabling faster training.\n"}
,{"stream_name":"stderr","time":188.582913496,"data":"\rMap (num_proc=2):   0%|          | 0/13617 [00:00\u003c?, ? examples/s]\rUnsloth: Tokenizing [\"text\"] (num_proc=2): 100%|██████████| 13617/13617 [00:19\u003c00:00, 691.08 examples/s]\n"}
,{"stream_name":"stderr","time":188.582948837,"data":"\rMap (num_proc=2):   0%|          | 0/13617 [00:00\u003c?, ? examples/s]\n"}
,{"stream_name":"stderr","time":188.582952639,"data":"\rUnsloth: Tokenizing [\"text\"] (num_proc=2): 100%|██████████| 13617/13617 [00:19\u003c00:00, 691.08 examples/s]\n"}
,{"stream_name":"stdout","time":188.637854551,"data":"🦥 Unsloth: Padding-free auto-enabled, enabling faster training.\n"}
,{"stream_name":"stderr","time":189.627949531,"data":"\rMap (num_proc=2):   0%|          | 0/13617 [00:00\u003c?, ? examples/s]\rMap (num_proc=2):   7%|▋         | 1000/13617 [00:00\u003c00:12, 1010.53 examples/s]\rMap (num_proc=2):   7%|▋         | 1000/13617 [00:00\u003c00:12, 1010.53 examples/s]\n"}
,{"stream_name":"stderr","time":189.862542302,"data":"\rMap (num_proc=2):   7%|▋         | 1000/13617 [00:00\u003c00:12, 1010.53 examples/s]\rMap (num_proc=2):  15%|█▍        | 2000/13617 [00:01\u003c00:06, 1833.12 examples/s]\rMap (num_proc=2):  15%|█▍        | 2000/13617 [00:01\u003c00:06, 1833.12 examples/s]\n"}
,{"stream_name":"stderr","time":190.250985073,"data":"\rMap (num_proc=2):  15%|█▍        | 2000/13617 [00:01\u003c00:06, 1833.12 examples/s]\rMap (num_proc=2):  22%|██▏       | 3000/13617 [00:01\u003c00:05, 2109.70 examples/s]\rMap (num_proc=2):  29%|██▉       | 4000/13617 [00:01\u003c00:03, 2744.57 examples/s]\rMap (num_proc=2):  22%|██▏       | 3000/13617 [00:01\u003c00:05, 2109.70 examples/s]\rMap (num_proc=2):  29%|██▉       | 4000/13617 [00:01\u003c00:03, 2744.57 examples/s]\n"}
,{"stream_name":"stderr","time":190.812692806,"data":"\rMap (num_proc=2):  22%|██▏       | 3000/13617 [00:01\u003c00:05, 2109.70 examples/s]\rMap (num_proc=2):  29%|██▉       | 4000/13617 [00:01\u003c00:03, 2744.57 examples/s]\rMap (num_proc=2):  37%|███▋      | 5000/13617 [00:02\u003c00:03, 2741.93 examples/s]\rMap (num_proc=2):  44%|████▍     | 6000/13617 [00:02\u003c00:02, 3392.71 examples/s]\rMap (num_proc=2):  37%|███▋      | 5000/13617 [00:02\u003c00:03, 2741.93 examples/s]\rMap (num_proc=2):  44%|████▍     | 6000/13617 [00:02\u003c00:02, 3392.71 examples/s]\n"}
,{"stream_name":"stderr","time":191.392257628,"data":"\rMap (num_proc=2):  37%|███▋      | 5000/13617 [00:02\u003c00:03, 2741.93 examples/s]\rMap (num_proc=2):  44%|████▍     | 6000/13617 [00:02\u003c00:02, 3392.71 examples/s]\rMap (num_proc=2):  51%|█████▏    | 7000/13617 [00:02\u003c00:02, 2977.48 examples/s]\rMap (num_proc=2):  59%|█████▉    | 8000/13617 [00:02\u003c00:01, 3702.78 examples/s]\rMap (num_proc=2):  51%|█████▏    | 7000/13617 [00:02\u003c00:02, 2977.48 examples/s]\rMap (num_proc=2):  59%|█████▉    | 8000/13617 [00:02\u003c00:01, 3702.78 examples/s]\n"}
,{"stream_name":"stderr","time":191.921672059,"data":"\rMap (num_proc=2):  51%|█████▏    | 7000/13617 [00:02\u003c00:02, 2977.48 examples/s]\rMap (num_proc=2):  59%|█████▉    | 8000/13617 [00:02\u003c00:01, 3702.78 examples/s]\rMap (num_proc=2):  66%|██████▌   | 9000/13617 [00:03\u003c00:01, 3217.95 examples/s]\rMap (num_proc=2):  73%|███████▎  | 10000/13617 [00:03\u003c00:00, 3864.81 examples/s]\rMap (num_proc=2):  66%|██████▌   | 9000/13617 [00:03\u003c00:01, 3217.95 examples/s]\rMap (num_proc=2):  73%|███████▎  | 10000/13617 [00:03\u003c00:00, 3864.81 examples/s]\n"}
,{"stream_name":"stderr","time":192.473552265,"data":"\rMap (num_proc=2):  66%|██████▌   | 9000/13617 [00:03\u003c00:01, 3217.95 examples/s]\rMap (num_proc=2):  73%|███████▎  | 10000/13617 [00:03\u003c00:00, 3864.81 examples/s]\rMap (num_proc=2):  81%|████████  | 11000/13617 [00:03\u003c00:00, 3281.09 examples/s]\rMap (num_proc=2):  88%|████████▊ | 12000/13617 [00:04\u003c00:00, 3686.15 examples/s]\rMap (num_proc=2):  81%|████████  | 11000/13617 [00:03\u003c00:00, 3281.09 examples/s]\rMap (num_proc=2):  88%|████████▊ | 12000/13617 [00:04\u003c00:00, 3686.15 examples/s]\n"}
,{"stream_name":"stderr","time":192.999240177,"data":"\rMap (num_proc=2):  81%|████████  | 11000/13617 [00:03\u003c00:00, 3281.09 examples/s]\rMap (num_proc=2):  88%|████████▊ | 12000/13617 [00:04\u003c00:00, 3686.15 examples/s]\rMap (num_proc=2):  94%|█████████▍| 12809/13617 [00:04\u003c00:00, 3256.73 examples/s]\rMap (num_proc=2): 100%|██████████| 13617/13617 [00:04\u003c00:00, 3498.32 examples/s]\rMap (num_proc=2):  94%|█████████▍| 12809/13617 [00:04\u003c00:00, 3256.73 examples/s]\rMap (num_proc=2): 100%|██████████| 13617/13617 [00:04\u003c00:00, 3498.32 examples/s]\n"}
,{"stream_name":"stderr","time":194.871589853,"data":"\rMap (num_proc=2):  94%|█████████▍| 12809/13617 [00:04\u003c00:00, 3256.73 examples/s]\rMap (num_proc=2): 100%|██████████| 13617/13617 [00:04\u003c00:00, 3498.32 examples/s]\rMap (num_proc=2): 100%|██████████| 13617/13617 [00:06\u003c00:00, 2115.72 examples/s]\n"}
,{"stream_name":"stderr","time":195.073826599,"data":"\rMap (num_proc=2): 100%|██████████| 13617/13617 [00:06\u003c00:00, 2115.72 examples/s]\n"}
,{"stream_name":"stderr","time":195.073860939,"data":"\n"}
,{"stream_name":"stderr","time":195.07386451,"data":"\rMap (num_proc=2): 100%|██████████| 13617/13617 [00:06\u003c00:00, 2115.72 examples/s]\n"}
,{"stream_name":"stderr","time":198.936214716,"data":"The tokenizer has new PAD/BOS/EOS tokens that differ from the model config and generation config. The model config and generation config were aligned accordingly, being updated with the tokenizer's values. Updated tokens: {'bos_token_id': None}.\n"}
,{"stream_name":"stderr","time":199.138932452,"data":"The tokenizer has new PAD/BOS/EOS tokens that differ from the model config and generation config. The model config and generation config were aligned accordingly, being updated with the tokenizer's values. Updated tokens: {'bos_token_id': None}.\n"}
,{"stream_name":"stderr","time":199.138967194,"data":"\n"}
,{"stream_name":"stderr","time":199.138994611,"data":"The tokenizer has new PAD/BOS/EOS tokens that differ from the model config and generation config. The model config and generation config were aligned accordingly, being updated with the tokenizer's values. Updated tokens: {'bos_token_id': None}.\n"}
,{"stream_name":"stderr","time":210.527522329,"data":"==((====))==  Unsloth - 2x faster free finetuning | Num GPUs used = 1\n"}
,{"stream_name":"stderr","time":210.527550536,"data":"   \\\\   /|    Num examples = 13,617 | Num Epochs = 1 | Total steps = 852\n"}
,{"stream_name":"stderr","time":210.527555886,"data":"O^O/ \\_/ \\    Batch size per device = 2 | Gradient accumulation steps = 8\n"}
,{"stream_name":"stderr","time":210.527572369,"data":"\\        /    Data Parallel GPUs = 1 | Total batch size (2 x 8 x 1) = 16\n"}
,{"stream_name":"stderr","time":210.527576673,"data":" \"-____-\"     Trainable parameters = 132,120,576 of 4,154,588,672 (3.18% trained)\n"}
,{"stream_name":"stderr","time":210.737110356,"data":"==((====))==  Unsloth - 2x faster free finetuning | Num GPUs used = 1\n"}
,{"stream_name":"stderr","time":210.737134697,"data":"   \\\\   /|    Num examples = 13,617 | Num Epochs = 1 | Total steps = 852\n"}
,{"stream_name":"stderr","time":210.737139494,"data":"O^O/ \\_/ \\    Batch size per device = 2 | Gradient accumulation steps = 8\n"}
,{"stream_name":"stderr","time":210.737143264,"data":"\\        /    Data Parallel GPUs = 1 | Total batch size (2 x 8 x 1) = 16\n"}
,{"stream_name":"stderr","time":210.737146959,"data":" \"-____-\"     Trainable parameters = 132,120,576 of 4,154,588,672 (3.18% trained)\n"}
,{"stream_name":"stderr","time":210.737150731,"data":"\n"}
,{"stream_name":"stderr","time":210.737154021,"data":"==((====))==  Unsloth - 2x faster free finetuning | Num GPUs used = 1\n"}
,{"stream_name":"stderr","time":210.737157389,"data":"   \\\\   /|    Num examples = 13,617 | Num Epochs = 1 | Total steps = 852\n"}
,{"stream_name":"stderr","time":210.737160881,"data":"O^O/ \\_/ \\    Batch size per device = 2 | Gradient accumulation steps = 8\n"}
,{"stream_name":"stderr","time":210.737164382,"data":"\\        /    Data Parallel GPUs = 1 | Total batch size (2 x 8 x 1) = 16\n"}
,{"stream_name":"stderr","time":210.737176102,"data":" \"-____-\"     Trainable parameters = 132,120,576 of 4,154,588,672 (3.18% trained)\n"}
,{"stream_name":"stdout","time":211.468052952,"data":"masking verified: 438 tokens masked, 59 trained\n"}
,{"stream_name":"stdout","time":211.46812499,"data":"  first trained tokens: '\u003cthink\u003e\\n\\n\u003c/think\u003e\\n\\nAnswer: D\\n\\nA reduction in sodium intake leads to a decrease in extracellular fluid volume and therefore a decrease in aerial pressure. The decrease in aerial pressure stimulates renin release,'\n"}
,{"stream_name":"stderr","time":211.611504363,"data":"\r  0%|          | 0/852 [00:00\u003c?, ?it/s]`use_return_dict` is deprecated! Use `return_dict` instead!\n"}
,{"stream_name":"stdout","time":211.671244405,"data":"masking verified: 438 tokens masked, 59 trained\n"}
,{"stream_name":"stdout","time":211.671281888,"data":"  first trained tokens: '\u003cthink\u003e\\n\\n\u003c/think\u003e\\n\\nAnswer: D\\n\\nA reduction in sodium intake leads to a decrease in extracellular fluid volume and therefore a decrease in aerial pressure. The decrease in aerial pressure stimulates renin release,'\n"}
,{"stream_name":"stderr","time":211.672536504,"data":"\r  0%|          | 0/852 [00:00\u003c?, ?it/s]`use_return_dict` is deprecated! Use `return_dict` instead!\n"}
,{"stream_name":"stderr","time":211.672553712,"data":"\n"}
,{"stream_name":"stderr","time":211.672558703,"data":"\r  0%|          | 0/852 [00:00\u003c?, ?it/s]`use_return_dict` is deprecated! Use `return_dict` instead!\n"}
,{"stream_name":"stderr","time":216.002687078,"data":"/usr/local/lib/python3.12/dist-packages/unsloth/import_fixes.py:2825: UserWarning: 'has_cuda' is deprecated, please use 'torch.backends.cuda.is_built()'\n"}
,{"stream_name":"stderr","time":216.00271521,"data":"  return original(name)\n"}
,{"stream_name":"stderr","time":216.002721091,"data":"/usr/local/lib/python3.12/dist-packages/unsloth/import_fixes.py:2825: UserWarning: 'has_cudnn' is deprecated, please use 'torch.backends.cudnn.is_available()'\n"}
,{"stream_name":"stderr","time":216.002739692,"data":"  return original(name)\n"}
,{"stream_name":"stderr","time":216.002957713,"data":"/usr/local/lib/python3.12/dist-packages/unsloth/import_fixes.py:2825: UserWarning: 'has_mps' is deprecated, please use 'torch.backends.mps.is_built()'\n"}
,{"stream_name":"stderr","time":216.002988622,"data":"  return original(name)\n"}
,{"stream_name":"stderr","time":216.002994161,"data":"/usr/local/lib/python3.12/dist-packages/unsloth/import_fixes.py:2825: UserWarning: 'has_mkldnn' is deprecated, please use 'torch.backends.mkldnn.is_available()'\n"}
,{"stream_name":"stderr","time":216.002998045,"data":"  return original(name)\n"}
,{"stream_name":"stderr","time":216.204824495,"data":"/usr/local/lib/python3.12/dist-packages/unsloth/import_fixes.py:2825: UserWarning: 'has_cuda' is deprecated, please use 'torch.backends.cuda.is_built()'\n"}
,{"stream_name":"stderr","time":216.204850961,"data":"  return original(name)\n"}
,{"stream_name":"stderr","time":216.2048558,"data":"/usr/local/lib/python3.12/dist-packages/unsloth/import_fixes.py:2825: UserWarning: 'has_cudnn' is deprecated, please use 'torch.backends.cudnn.is_available()'\n"}
,{"stream_name":"stderr","time":216.204860516,"data":"  return original(name)\n"}
,{"stream_name":"stderr","time":216.20486443,"data":"/usr/local/lib/python3.12/dist-packages/unsloth/import_fixes.py:2825: UserWarning: 'has_mps' is deprecated, please use 'torch.backends.mps.is_built()'\n"}
,{"stream_name":"stderr","time":216.204868809,"data":"  return original(name)\n"}
,{"stream_name":"stderr","time":216.204872367,"data":"/usr/local/lib/python3.12/dist-packages/unsloth/import_fixes.py:2825: UserWarning: 'has_mkldnn' is deprecated, please use 'torch.backends.mkldnn.is_available()'\n"}
,{"stream_name":"stderr","time":216.204876813,"data":"  return original(name)\n"}
,{"stream_name":"stderr","time":216.204881022,"data":"\n"}
,{"stream_name":"stderr","time":216.204884331,"data":"/usr/local/lib/python3.12/dist-packages/unsloth/import_fixes.py:2825: UserWarning: 'has_cuda' is deprecated, please use 'torch.backends.cuda.is_built()'\n"}
,{"stream_name":"stderr","time":216.204888156,"data":"  return original(name)\n"}
,{"stream_name":"stderr","time":216.204891482,"data":"/usr/local/lib/python3.12/dist-packages/unsloth/import_fixes.py:2825: UserWarning: 'has_cudnn' is deprecated, please use 'torch.backends.cudnn.is_available()'\n"}
,{"stream_name":"stderr","time":216.204895294,"data":"  return original(name)\n"}
,{"stream_name":"stderr","time":216.20489839,"data":"/usr/local/lib/python3.12/dist-packages/unsloth/import_fixes.py:2825: UserWarning: 'has_mps' is deprecated, please use 'torch.backends.mps.is_built()'\n"}
,{"stream_name":"stderr","time":216.204903639,"data":"  return original(name)\n"}
,{"stream_name":"stderr","time":216.204911039,"data":"/usr/local/lib/python3.12/dist-packages/unsloth/import_fixes.py:2825: UserWarning: 'has_mkldnn' is deprecated, please use 'torch.backends.mkldnn.is_available()'\n"}
,{"stream_name":"stderr","time":216.204913755,"data":"  return original(name)\n"}
,{"stream_name":"stderr","time":292.70210663,"data":"\r  0%|          | 1/852 [01:21\u003c19:09:13, 81.03s/it]\r  0%|          | 1/852 [01:21\u003c19:09:13, 81.03s/it]\n"}
,{"stream_name":"stderr","time":353.252138807,"data":"\r  0%|          | 1/852 [01:21\u003c19:09:13, 81.03s/it]\r  0%|          | 2/852 [02:21\u003c16:17:14, 68.98s/it]\r  0%|          | 2/852 [02:21\u003c16:17:14, 68.98s/it]\n"}
,{"stream_name":"stderr","time":407.928398204,"data":"\r  0%|          | 2/852 [02:21\u003c16:17:14, 68.98s/it]\r  0%|          | 3/852 [03:16\u003c14:43:37, 62.45s/it]\r  0%|          | 3/852 [03:16\u003c14:43:37, 62.45s/it]\n"}
,{"stream_name":"stderr","time":457.782770409,"data":"\r  0%|          | 3/852 [03:16\u003c14:43:37, 62.45s/it]\r  0%|          | 4/852 [04:06\u003c13:32:21, 57.48s/it]\r  0%|          | 4/852 [04:06\u003c13:32:21, 57.48s/it]\n"}
,{"stream_name":"stderr","time":500.388533809,"data":"\r  0%|          | 4/852 [04:06\u003c13:32:21, 57.48s/it]\r  1%|          | 5/852 [04:48\u003c12:15:41, 52.11s/it]\r  1%|          | 5/852 [04:48\u003c12:15:41, 52.11s/it]\n"}
,{"stream_name":"stderr","time":539.031941202,"data":"\r  1%|          | 5/852 [04:48\u003c12:15:41, 52.11s/it]\r  1%|          | 6/852 [05:27\u003c11:10:14, 47.53s/it]\r  1%|          | 6/852 [05:27\u003c11:10:14, 47.53s/it]\n"}
,{"stream_name":"stderr","time":575.309104258,"data":"\r  1%|          | 6/852 [05:27\u003c11:10:14, 47.53s/it]\r  1%|          | 7/852 [06:03\u003c10:17:36, 43.85s/it]\r  1%|          | 7/852 [06:03\u003c10:17:36, 43.85s/it]\n"}
,{"stream_name":"stderr","time":610.403363637,"data":"\r  1%|          | 7/852 [06:03\u003c10:17:36, 43.85s/it]\r  1%|          | 8/852 [06:38\u003c9:37:37, 41.06s/it] \r  1%|          | 8/852 [06:38\u003c9:37:37, 41.06s/it] \n"}
,{"stream_name":"stderr","time":644.577941419,"data":"\r  1%|          | 8/852 [06:38\u003c9:37:37, 41.06s/it] \r  1%|          | 9/852 [07:12\u003c9:06:41, 38.91s/it]\r  1%|          | 9/852 [07:12\u003c9:06:41, 38.91s/it]\n"}
,{"stream_name":"stderr","time":674.963576474,"data":"\r  1%|          | 9/852 [07:12\u003c9:06:41, 38.91s/it]\r  1%|          | 10/852 [07:43\u003c8:29:07, 36.28s/it]\r                                                  \r\r  1%|          | 10/852 [07:43\u003c8:29:07, 36.28s/it]\r  1%|          | 10/852 [07:43\u003c8:29:07, 36.28s/it]\r                                                  \r\r  1%|          | 10/852 [07:43\u003c8:29:07, 36.28s/it]\n"}
,{"stream_name":"stderr","time":704.62662552,"data":"\r  1%|          | 10/852 [07:43\u003c8:29:07, 36.28s/it]\r                                                  \r\r  1%|          | 10/852 [07:43\u003c8:29:07, 36.28s/it]\r  1%|▏         | 11/852 [08:12\u003c8:00:09, 34.26s/it]\r  1%|▏         | 11/852 [08:12\u003c8:00:09, 34.26s/it]\n"}
,{"stream_name":"stderr","time":733.532505115,"data":"\r  1%|▏         | 11/852 [08:12\u003c8:00:09, 34.26s/it]\r  1%|▏         | 12/852 [08:41\u003c7:36:47, 32.63s/it]\r  1%|▏         | 12/852 [08:41\u003c7:36:47, 32.63s/it]\n"}
,{"stream_name":"stderr","time":762.374512383,"data":"\r  1%|▏         | 12/852 [08:41\u003c7:36:47, 32.63s/it]\r  2%|▏         | 13/852 [09:10\u003c7:20:13, 31.48s/it]\r  2%|▏         | 13/852 [09:10\u003c7:20:13, 31.48s/it]\n"}
,{"stream_name":"stderr","time":790.137130015,"data":"\r  2%|▏         | 13/852 [09:10\u003c7:20:13, 31.48s/it]\r  2%|▏         | 14/852 [09:38\u003c7:03:57, 30.36s/it]\r  2%|▏         | 14/852 [09:38\u003c7:03:57, 30.36s/it]\n"}
,{"stream_name":"stderr","time":817.353214225,"data":"\r  2%|▏         | 14/852 [09:38\u003c7:03:57, 30.36s/it]\r  2%|▏         | 15/852 [10:05\u003c6:50:17, 29.41s/it]\r  2%|▏         | 15/852 [10:05\u003c6:50:17, 29.41s/it]\n"}
,{"stream_name":"stderr","time":844.033571181,"data":"\r  2%|▏         | 15/852 [10:05\u003c6:50:17, 29.41s/it]\r  2%|▏         | 16/852 [10:32\u003c6:38:18, 28.59s/it]\r  2%|▏         | 16/852 [10:32\u003c6:38:18, 28.59s/it]\n"}
,{"stream_name":"stderr","time":870.319795061,"data":"\r  2%|▏         | 16/852 [10:32\u003c6:38:18, 28.59s/it]\r  2%|▏         | 17/852 [10:58\u003c6:28:14, 27.90s/it]\r  2%|▏         | 17/852 [10:58\u003c6:28:14, 27.90s/it]\n"}
,{"stream_name":"stderr","time":896.474917373,"data":"\r  2%|▏         | 17/852 [10:58\u003c6:28:14, 27.90s/it]\r  2%|▏         | 18/852 [11:24\u003c6:20:27, 27.37s/it]\r  2%|▏         | 18/852 [11:24\u003c6:20:27, 27.37s/it]\n"}
,{"stream_name":"stderr","time":921.263920256,"data":"\r  2%|▏         | 18/852 [11:24\u003c6:20:27, 27.37s/it]\r  2%|▏         | 19/852 [11:49\u003c6:09:16, 26.60s/it]\r  2%|▏         | 19/852 [11:49\u003c6:09:16, 26.60s/it]\n"}
,{"stream_name":"stdout","time":944.2813059,"data":"Unsloth: Will smartly offload gradients to save VRAM!\n"}
,{"stream_name":"stdout","time":944.281356515,"data":"Unsloth: Double buffering enabled (parallel H2D + compute) for backward pass.\n"}
,{"stream_name":"stdout","time":944.28136199,"data":"{'loss': '1.105', 'grad_norm': '0.4555', 'learning_rate': '3.462e-05', 'epoch': '0.01175'}\n"}
,{"stream_name":"stdout","time":944.281371334,"data":"\n"}
,{"stream_name":"stdout","time":944.281374244,"data":"probe: 38.85s/step, projected 9.19h for 852 steps\n"}
,{"stream_name":"stdout","time":944.281376698,"data":"probe warning:\n"}
,{"stream_name":"stdout","time":944.281379005,"data":"STOP. Projected training time is 9.2h against a budget of 6.0h (38.85s/step).\n"}
,{"stream_name":"stdout","time":944.281387565,"data":"FIX: halve --batch-size and double --grad-accum, which keeps the effective batch identical, or cut the training set with the --medmcqa / --chatdoctor flags on prepare_data.py.\n"}
,{"stream_name":"stdout","time":944.281390281,"data":"the --stop-after-seconds guard ends training in time instead\n"}
,{"stream_name":"stdout","time":944.488917369,"data":"Unsloth: Will smartly offload gradients to save VRAM!\n"}
,{"stream_name":"stdout","time":944.488941714,"data":"Unsloth: Double buffering enabled (parallel H2D + compute) for backward pass.\n"}
,{"stream_name":"stdout","time":944.488946356,"data":"{'loss': '1.105', 'grad_norm': '0.4555', 'learning_rate': '3.462e-05', 'epoch': '0.01175'}\n"}
,{"stream_name":"stdout","time":944.488950255,"data":"\n"}
,{"stream_name":"stdout","time":944.48897525,"data":"probe: 38.85s/step, projected 9.19h for 852 steps\n"}
,{"stream_name":"stdout","time":944.488979922,"data":"probe warning:\n"}
,{"stream_name":"stdout","time":944.488983396,"data":"STOP. Projected training time is 9.2h against a budget of 6.0h (38.85s/step).\n"}
,{"stream_name":"stdout","time":944.488987834,"data":"FIX: halve --batch-size and double --grad-accum, which keeps the effective batch identical, or cut the training set with the --medmcqa / --chatdoctor flags on prepare_data.py.\n"}
,{"stream_name":"stdout","time":944.488992175,"data":"the --stop-after-seconds guard ends training in time instead\n"}
,{"stream_name":"stderr","time":944.489716483,"data":"\r  2%|▏         | 19/852 [11:49\u003c6:09:16, 26.60s/it]\r  2%|▏         | 20/852 [12:12\u003c5:54:46, 25.58s/it]\r                                                  \r\r  2%|▏         | 20/852 [12:12\u003c5:54:46, 25.58s/it]\r  2%|▏         | 20/852 [12:12\u003c5:54:46, 25.58s/it]\r                                                  \r\r  2%|▏         | 20/852 [12:12\u003c5:54:46, 25.58s/it]\n"}
,{"stream_name":"stderr","time":967.800993183,"data":"\r  2%|▏         | 20/852 [12:12\u003c5:54:46, 25.58s/it]\r                                                  \r\r  2%|▏         | 20/852 [12:12\u003c5:54:46, 25.58s/it]\r  2%|▏         | 21/852 [12:36\u003c5:44:55, 24.90s/it]\r  2%|▏         | 21/852 [12:36\u003c5:44:55, 24.90s/it]\n"}
,{"stream_name":"stderr","time":991.29194631,"data":"\r  2%|▏         | 21/852 [12:36\u003c5:44:55, 24.90s/it]\r  3%|▎         | 22/852 [12:59\u003c5:38:37, 24.48s/it]\r  3%|▎         | 22/852 [12:59\u003c5:38:37, 24.48s/it]\n"}
,{"stream_name":"stderr","time":1014.700903469,"data":"\r  3%|▎         | 22/852 [12:59\u003c5:38:37, 24.48s/it]\r  3%|▎         | 23/852 [13:23\u003c5:33:47, 24.16s/it]\r  3%|▎         | 23/852 [13:23\u003c5:33:47, 24.16s/it]\n"}
,{"stream_name":"stderr","time":1037.732708582,"data":"\r  3%|▎         | 23/852 [13:23\u003c5:33:47, 24.16s/it]\r  3%|▎         | 24/852 [13:46\u003c5:28:42, 23.82s/it]\r  3%|▎         | 24/852 [13:46\u003c5:28:42, 23.82s/it]\n"}
,{"stream_name":"stderr","time":1060.572638371,"data":"\r  3%|▎         | 24/852 [13:46\u003c5:28:42, 23.82s/it]\r  3%|▎         | 25/852 [14:08\u003c5:24:16, 23.53s/it]\r  3%|▎         | 25/852 [14:08\u003c5:24:16, 23.53s/it]\n"}
,{"stream_name":"stderr","time":1083.21918822,"data":"\r  3%|▎         | 25/852 [14:08\u003c5:24:16, 23.53s/it]\r  3%|▎         | 26/852 [14:31\u003c5:20:13, 23.26s/it]\r  3%|▎         | 26/852 [14:31\u003c5:20:13, 23.26s/it]\n"}
,{"stream_name":"stderr","time":1105.486907883,"data":"\r  3%|▎         | 26/852 [14:31\u003c5:20:13, 23.26s/it]\r  3%|▎         | 27/852 [14:53\u003c5:15:45, 22.96s/it]\r  3%|▎         | 27/852 [14:53\u003c5:15:45, 22.96s/it]\n"}
,{"stream_name":"stderr","time":1126.550027408,"data":"\r  3%|▎         | 27/852 [14:53\u003c5:15:45, 22.96s/it]\r  3%|▎         | 28/852 [15:14\u003c5:07:31, 22.39s/it]\r  3%|▎         | 28/852 [15:14\u003c5:07:31, 22.39s/it]\n"}
,{"stream_name":"stderr","time":1147.430175733,"data":"\r  3%|▎         | 28/852 [15:14\u003c5:07:31, 22.39s/it]\r  3%|▎         | 29/852 [15:35\u003c5:00:56, 21.94s/it]\r  3%|▎         | 29/852 [15:35\u003c5:00:56, 21.94s/it]\n"}
,{"stream_name":"stderr","time":1168.058524372,"data":"\r  3%|▎         | 29/852 [15:35\u003c5:00:56, 21.94s/it]\r  4%|▎         | 30/852 [15:56\u003c4:55:10, 21.55s/it]\r                                                  \r\r  4%|▎         | 30/852 [15:56\u003c4:55:10, 21.55s/it]\r  4%|▎         | 30/852 [15:56\u003c4:55:10, 21.55s/it]\r                                                  \r\r  4%|▎         | 30/852 [15:56\u003c4:55:10, 21.55s/it]\n"}
,{"stream_name":"stderr","time":1188.406339592,"data":"\r  4%|▎         | 30/852 [15:56\u003c4:55:10, 21.55s/it]\r                                                  \r\r  4%|▎         | 30/852 [15:56\u003c4:55:10, 21.55s/it]\r  4%|▎         | 31/852 [16:16\u003c4:49:55, 21.19s/it]\r  4%|▎         | 31/852 [16:16\u003c4:49:55, 21.19s/it]\n"}
,{"stream_name":"stderr","time":1208.498299177,"data":"\r  4%|▎         | 31/852 [16:16\u003c4:49:55, 21.19s/it]\r  4%|▍         | 32/852 [16:36\u003c4:45:02, 20.86s/it]\r  4%|▍         | 32/852 [16:36\u003c4:45:02, 20.86s/it]\n"}
,{"stream_name":"stderr","time":1227.346234343,"data":"\r  4%|▍         | 32/852 [16:36\u003c4:45:02, 20.86s/it]\r  4%|▍         | 33/852 [16:55\u003c4:36:29, 20.26s/it]\r  4%|▍         | 33/852 [16:55\u003c4:36:29, 20.26s/it]\n"}
,{"stream_name":"stderr","time":1246.006503256,"data":"\r  4%|▍         | 33/852 [16:55\u003c4:36:29, 20.26s/it]\r  4%|▍         | 34/852 [17:14\u003c4:29:36, 19.78s/it]\r  4%|▍         | 34/852 [17:14\u003c4:29:36, 19.78s/it]\n"}
,{"stream_name":"stderr","time":1264.244676374,"data":"\r  4%|▍         | 34/852 [17:14\u003c4:29:36, 19.78s/it]\r  4%|▍         | 35/852 [17:32\u003c4:23:01, 19.32s/it]\r  4%|▍         | 35/852 [17:32\u003c4:23:01, 19.32s/it]\n"}
,{"stream_name":"stderr","time":1282.189932832,"data":"\r  4%|▍         | 35/852 [17:32\u003c4:23:01, 19.32s/it]\r  4%|▍         | 36/852 [17:50\u003c4:17:04, 18.90s/it]\r  4%|▍         | 36/852 [17:50\u003c4:17:04, 18.90s/it]\n"}
,{"stream_name":"stderr","time":1297.989599984,"data":"\r  4%|▍         | 36/852 [17:50\u003c4:17:04, 18.90s/it]\r  4%|▍         | 37/852 [18:06\u003c4:04:08, 17.97s/it]\r  4%|▍         | 37/852 [18:06\u003c4:04:08, 17.97s/it]\n"}
,{"stream_name":"stderr","time":1313.329793064,"data":"\r  4%|▍         | 37/852 [18:06\u003c4:04:08, 17.97s/it]\r  4%|▍         | 38/852 [18:21\u003c3:53:06, 17.18s/it]\r  4%|▍         | 38/852 [18:21\u003c3:53:06, 17.18s/it]\n"}
,{"stream_name":"stderr","time":1328.463297003,"data":"\r  4%|▍         | 38/852 [18:21\u003c3:53:06, 17.18s/it]\r  5%|▍         | 39/852 [18:36\u003c3:44:30, 16.57s/it]\r  5%|▍         | 39/852 [18:36\u003c3:44:30, 16.57s/it]\n"}
,{"stream_name":"stderr","time":1343.33594862,"data":"\r  5%|▍         | 39/852 [18:36\u003c3:44:30, 16.57s/it]\r  5%|▍         | 40/852 [18:51\u003c3:37:19, 16.06s/it]\r                                                  \r\r  5%|▍         | 40/852 [18:51\u003c3:37:19, 16.06s/it]\r  5%|▍         | 40/852 [18:51\u003c3:37:19, 16.06s/it]\r                                                  \r\r  5%|▍         | 40/852 [18:51\u003c3:37:19, 16.06s/it]\n"}
,{"stream_name":"stderr","time":1358.029527089,"data":"\r  5%|▍         | 40/852 [18:51\u003c3:37:19, 16.06s/it]\r                                                  \r\r  5%|▍         | 40/852 [18:51\u003c3:37:19, 16.06s/it]\r  5%|▍         | 41/852 [19:06\u003c3:31:32, 15.65s/it]\r  5%|▍         | 41/852 [19:06\u003c3:31:32, 15.65s/it]\n"}
,{"stream_name":"stderr","time":1371.887034007,"data":"\r  5%|▍         | 41/852 [19:06\u003c3:31:32, 15.65s/it]\r  5%|▍         | 42/852 [19:20\u003c3:24:01, 15.11s/it]\r  5%|▍         | 42/852 [19:20\u003c3:24:01, 15.11s/it]\n"}
,{"stream_name":"stderr","time":1384.248008345,"data":"\r  5%|▍         | 42/852 [19:20\u003c3:24:01, 15.11s/it]\r  5%|▌         | 43/852 [19:32\u003c3:12:37, 14.29s/it]\r  5%|▌         | 43/852 [19:32\u003c3:12:37, 14.29s/it]\n"}
,{"stream_name":"stderr","time":1394.842627532,"data":"\r  5%|▌         | 43/852 [19:32\u003c3:12:37, 14.29s/it]\r  5%|▌         | 44/852 [19:43\u003c2:57:29, 13.18s/it]\r  5%|▌         | 44/852 [19:43\u003c2:57:29, 13.18s/it]\n"}
,{"stream_name":"stderr","time":1403.926323545,"data":"\r  5%|▌         | 44/852 [19:43\u003c2:57:29, 13.18s/it]\r  5%|▌         | 45/852 [19:52\u003c2:40:44, 11.95s/it]\r  5%|▌         | 45/852 [19:52\u003c2:40:44, 11.95s/it]\n"}
,{"stream_name":"stderr","time":1412.050572093,"data":"\r  5%|▌         | 45/852 [19:52\u003c2:40:44, 11.95s/it]\r  5%|▌         | 46/852 [20:00\u003c2:25:07, 10.80s/it]\r  5%|▌         | 46/852 [20:00\u003c2:25:07, 10.80s/it]\n"}
,{"stream_name":"stderr","time":1419.849719377,"data":"\r  5%|▌         | 46/852 [20:00\u003c2:25:07, 10.80s/it]\r  6%|▌         | 47/852 [20:08\u003c2:12:49,  9.90s/it]\r  6%|▌         | 47/852 [20:08\u003c2:12:49,  9.90s/it]\n"}
,{"stream_name":"stderr","time":1427.185518747,"data":"\r  6%|▌         | 47/852 [20:08\u003c2:12:49,  9.90s/it]\r  6%|▌         | 48/852 [20:15\u003c2:02:22,  9.13s/it]\r  6%|▌         | 48/852 [20:15\u003c2:02:22,  9.13s/it]\n"}
,{"stream_name":"stderr","time":1434.07356152,"data":"\r  6%|▌         | 48/852 [20:15\u003c2:02:22,  9.13s/it]\r  6%|▌         | 49/852 [20:22\u003c1:53:12,  8.46s/it]\r  6%|▌         | 49/852 [20:22\u003c1:53:12,  8.46s/it]\n"}
,{"stream_name":"stderr","time":1440.380863546,"data":"\r  6%|▌         | 49/852 [20:22\u003c1:53:12,  8.46s/it]\r  6%|▌         | 50/852 [20:28\u003c1:44:26,  7.81s/it]\r                                                  \r\r  6%|▌         | 50/852 [20:28\u003c1:44:26,  7.81s/it]\r  6%|▌         | 50/852 [20:28\u003c1:44:26,  7.81s/it]\r                                                  \r\r  6%|▌         | 50/852 [20:28\u003c1:44:26,  7.81s/it]\n"}
,{"stream_name":"stderr","time":1513.946548468,"data":"\r  6%|▌         | 50/852 [20:28\u003c1:44:26,  7.81s/it]\r                                                  \r\r  6%|▌         | 50/852 [20:28\u003c1:44:26,  7.81s/it]\r  6%|▌         | 51/852 [21:42\u003c6:07:37, 27.54s/it]\r  6%|▌         | 51/852 [21:42\u003c6:07:37, 27.54s/it]\n"}
,{"stream_name":"stderr","time":1575.806968832,"data":"\r  6%|▌         | 51/852 [21:42\u003c6:07:37, 27.54s/it]\r  6%|▌         | 52/852 [22:44\u003c8:24:27, 37.83s/it]\r  6%|▌         | 52/852 [22:44\u003c8:24:27, 37.83s/it]\n"}
,{"stream_name":"stderr","time":1632.652813139,"data":"\r  6%|▌         | 52/852 [22:44\u003c8:24:27, 37.83s/it]\r  6%|▌         | 53/852 [23:40\u003c9:39:46, 43.54s/it]\r  6%|▌         | 53/852 [23:40\u003c9:39:46, 43.54s/it]\n"}
,{"stream_name":"stderr","time":1681.765416383,"data":"\r  6%|▌         | 53/852 [23:40\u003c9:39:46, 43.54s/it]\r  6%|▋         | 54/852 [24:30\u003c10:01:17, 45.21s/it]\r  6%|▋         | 54/852 [24:30\u003c10:01:17, 45.21s/it]\n"}
,{"stream_name":"stderr","time":1725.606242695,"data":"\r  6%|▋         | 54/852 [24:30\u003c10:01:17, 45.21s/it]\r  6%|▋         | 55/852 [25:13\u003c9:55:03, 44.80s/it] \r  6%|▋         | 55/852 [25:13\u003c9:55:03, 44.80s/it] \n"}
,{"stream_name":"stderr","time":1764.660470905,"data":"\r  6%|▋         | 55/852 [25:13\u003c9:55:03, 44.80s/it] \r  7%|▋         | 56/852 [25:52\u003c9:31:28, 43.08s/it]\r  7%|▋         | 56/852 [25:52\u003c9:31:28, 43.08s/it]\n"}
,{"stream_name":"stderr","time":1800.800173139,"data":"\r  7%|▋         | 56/852 [25:52\u003c9:31:28, 43.08s/it]\r  7%|▋         | 57/852 [26:29\u003c9:03:11, 41.00s/it]\r  7%|▋         | 57/852 [26:29\u003c9:03:11, 41.00s/it]\n"}
,{"stream_name":"stderr","time":1836.139552113,"data":"\r  7%|▋         | 57/852 [26:29\u003c9:03:11, 41.00s/it]\r  7%|▋         | 58/852 [27:04\u003c8:40:03, 39.30s/it]\r  7%|▋         | 58/852 [27:04\u003c8:40:03, 39.30s/it]\n"}
,{"stream_name":"stderr","time":1869.256885882,"data":"\r  7%|▋         | 58/852 [27:04\u003c8:40:03, 39.30s/it]\r  7%|▋         | 59/852 [27:37\u003c8:14:53, 37.44s/it]\r  7%|▋         | 59/852 [27:37\u003c8:14:53, 37.44s/it]\n"}
,{"stream_name":"stderr","time":1899.094834424,"data":"\r  7%|▋         | 59/852 [27:37\u003c8:14:53, 37.44s/it]\r  7%|▋         | 60/852 [28:07\u003c7:44:09, 35.16s/it]\r                                                  \r\r  7%|▋         | 60/852 [28:07\u003c7:44:09, 35.16s/it]\r  7%|▋         | 60/852 [28:07\u003c7:44:09, 35.16s/it]\r                                                  \r\r  7%|▋         | 60/852 [28:07\u003c7:44:09, 35.16s/it]\n"}
,{"stream_name":"stderr","time":1928.361776591,"data":"\r  7%|▋         | 60/852 [28:07\u003c7:44:09, 35.16s/it]\r                                                  \r\r  7%|▋         | 60/852 [28:07\u003c7:44:09, 35.16s/it]\r  7%|▋         | 61/852 [28:36\u003c7:20:12, 33.39s/it]\r  7%|▋         | 61/852 [28:36\u003c7:20:12, 33.39s/it]\n"}
,{"stream_name":"stderr","time":1957.151821435,"data":"\r  7%|▋         | 61/852 [28:36\u003c7:20:12, 33.39s/it]\r  7%|▋         | 62/852 [29:05\u003c7:01:31, 32.01s/it]\r  7%|▋         | 62/852 [29:05\u003c7:01:31, 32.01s/it]\n"}
,{"stream_name":"stderr","time":1986.054389257,"data":"\r  7%|▋         | 62/852 [29:05\u003c7:01:31, 32.01s/it]\r  7%|▋         | 63/852 [29:34\u003c6:48:41, 31.08s/it]\r  7%|▋         | 63/852 [29:34\u003c6:48:41, 31.08s/it]\n"}
,{"stream_name":"stderr","time":2014.041587529,"data":"\r  7%|▋         | 63/852 [29:34\u003c6:48:41, 31.08s/it]\r  8%|▊         | 64/852 [30:02\u003c6:36:00, 30.15s/it]\r  8%|▊         | 64/852 [30:02\u003c6:36:00, 30.15s/it]\n"}
,{"stream_name":"stderr","time":2041.612672222,"data":"\r  8%|▊         | 64/852 [30:02\u003c6:36:00, 30.15s/it]\r  8%|▊         | 65/852 [30:29\u003c6:25:19, 29.38s/it]\r  8%|▊         | 65/852 [30:29\u003c6:25:19, 29.38s/it]\n"}
,{"stream_name":"stderr","time":2068.913624071,"data":"\r  8%|▊         | 65/852 [30:29\u003c6:25:19, 29.38s/it]\r  8%|▊         | 66/852 [30:57\u003c6:16:42, 28.76s/it]\r  8%|▊         | 66/852 [30:57\u003c6:16:42, 28.76s/it]\n"}
,{"stream_name":"stderr","time":2095.641414899,"data":"\r  8%|▊         | 66/852 [30:57\u003c6:16:42, 28.76s/it]\r  8%|▊         | 67/852 [31:23\u003c6:08:12, 28.14s/it]\r  8%|▊         | 67/852 [31:23\u003c6:08:12, 28.14s/it]\n"}
,{"stream_name":"stderr","time":2122.115026199,"data":"\r  8%|▊         | 67/852 [31:23\u003c6:08:12, 28.14s/it]\r  8%|▊         | 68/852 [31:50\u003c6:01:15, 27.65s/it]\r  8%|▊         | 68/852 [31:50\u003c6:01:15, 27.65s/it]\n"}
,{"stream_name":"stderr","time":2148.425270387,"data":"\r  8%|▊         | 68/852 [31:50\u003c6:01:15, 27.65s/it]\r  8%|▊         | 69/852 [32:16\u003c5:55:30, 27.24s/it]\r  8%|▊         | 69/852 [32:16\u003c5:55:30, 27.24s/it]\n"}
,{"stream_name":"stderr","time":2174.598041924,"data":"\r  8%|▊         | 69/852 [32:16\u003c5:55:30, 27.24s/it]\r  8%|▊         | 70/852 [32:42\u003c5:50:55, 26.92s/it]\r                                                  \r\r  8%|▊         | 70/852 [32:42\u003c5:50:55, 26.92s/it]\r  8%|▊         | 70/852 [32:42\u003c5:50:55, 26.92s/it]\r                                                  \r\r  8%|▊         | 70/852 [32:42\u003c5:50:55, 26.92s/it]\n"}
,{"stream_name":"stderr","time":2197.707154911,"data":"\r  8%|▊         | 70/852 [32:42\u003c5:50:55, 26.92s/it]\r                                                  \r\r  8%|▊         | 70/852 [32:42\u003c5:50:55, 26.92s/it]\r  8%|▊         | 71/852 [33:06\u003c5:35:31, 25.78s/it]\r  8%|▊         | 71/852 [33:06\u003c5:35:31, 25.78s/it]\n"}
,{"stream_name":"stderr","time":2221.151271369,"data":"\r  8%|▊         | 71/852 [33:06\u003c5:35:31, 25.78s/it]\r  8%|▊         | 72/852 [33:29\u003c5:26:03, 25.08s/it]\r  8%|▊         | 72/852 [33:29\u003c5:26:03, 25.08s/it]\n"}
,{"stream_name":"stderr","time":2244.420340253,"data":"\r  8%|▊         | 72/852 [33:29\u003c5:26:03, 25.08s/it]\r  9%|▊         | 73/852 [33:52\u003c5:18:31, 24.53s/it]\r  9%|▊         | 73/852 [33:52\u003c5:18:31, 24.53s/it]\n"}
,{"stream_name":"stderr","time":2267.801904619,"data":"\r  9%|▊         | 73/852 [33:52\u003c5:18:31, 24.53s/it]\r  9%|▊         | 74/852 [34:16\u003c5:13:41, 24.19s/it]\r  9%|▊         | 74/852 [34:16\u003c5:13:41, 24.19s/it]\n"}
,{"stream_name":"stderr","time":2290.666400726,"data":"\r  9%|▊         | 74/852 [34:16\u003c5:13:41, 24.19s/it]\r  9%|▉         | 75/852 [34:38\u003c5:08:05, 23.79s/it]\r  9%|▉         | 75/852 [34:38\u003c5:08:05, 23.79s/it]\n"}
,{"stream_name":"stderr","time":2313.181563388,"data":"\r  9%|▉         | 75/852 [34:38\u003c5:08:05, 23.79s/it]\r  9%|▉         | 76/852 [35:01\u003c5:02:46, 23.41s/it]\r  9%|▉         | 76/852 [35:01\u003c5:02:46, 23.41s/it]\n"}
,{"stream_name":"stderr","time":2335.403674982,"data":"\r  9%|▉         | 76/852 [35:01\u003c5:02:46, 23.41s/it]\r  9%|▉         | 77/852 [35:23\u003c4:57:45, 23.05s/it]\r  9%|▉         | 77/852 [35:23\u003c4:57:45, 23.05s/it]\n"}
,{"stream_name":"stderr","time":2357.502537792,"data":"\r  9%|▉         | 77/852 [35:23\u003c4:57:45, 23.05s/it]\r  9%|▉         | 78/852 [35:45\u003c4:53:42, 22.77s/it]\r  9%|▉         | 78/852 [35:45\u003c4:53:42, 22.77s/it]\n"}
,{"stream_name":"stderr","time":2379.085651687,"data":"\r  9%|▉         | 78/852 [35:45\u003c4:53:42, 22.77s/it]\r  9%|▉         | 79/852 [36:07\u003c4:48:41, 22.41s/it]\r  9%|▉         | 79/852 [36:07\u003c4:48:41, 22.41s/it]\n"}
,{"stream_name":"stderr","time":2399.729711561,"data":"\r  9%|▉         | 79/852 [36:07\u003c4:48:41, 22.41s/it]\r  9%|▉         | 80/852 [36:28\u003c4:41:33, 21.88s/it]\r                                                  \r\r  9%|▉         | 80/852 [36:28\u003c4:41:33, 21.88s/it]\r  9%|▉         | 80/852 [36:28\u003c4:41:33, 21.88s/it]\r                                                  \r\r  9%|▉         | 80/852 [36:28\u003c4:41:33, 21.88s/it]\n"}
,{"stream_name":"stderr","time":2420.053448632,"data":"\r  9%|▉         | 80/852 [36:28\u003c4:41:33, 21.88s/it]\r                                                  \r\r  9%|▉         | 80/852 [36:28\u003c4:41:33, 21.88s/it]\r 10%|▉         | 81/852 [36:48\u003c4:35:09, 21.41s/it]\r 10%|▉         | 81/852 [36:48\u003c4:35:09, 21.41s/it]\n"}
,{"stream_name":"stderr","time":2439.60562802,"data":"\r 10%|▉         | 81/852 [36:48\u003c4:35:09, 21.41s/it]\r 10%|▉         | 82/852 [37:07\u003c4:27:40, 20.86s/it]\r 10%|▉         | 82/852 [37:07\u003c4:27:40, 20.86s/it]\n"}
,{"stream_name":"stderr","time":2458.327783986,"data":"\r 10%|▉         | 82/852 [37:07\u003c4:27:40, 20.86s/it]\r 10%|▉         | 83/852 [37:26\u003c4:19:03, 20.21s/it]\r 10%|▉         | 83/852 [37:26\u003c4:19:03, 20.21s/it]\n"}
,{"stream_name":"stderr","time":2476.762979696,"data":"\r 10%|▉         | 83/852 [37:26\u003c4:19:03, 20.21s/it]\r 10%|▉         | 84/852 [37:45\u003c4:11:56, 19.68s/it]\r 10%|▉         | 84/852 [37:45\u003c4:11:56, 19.68s/it]\n"}
,{"stream_name":"stderr","time":2494.960301975,"data":"\r 10%|▉         | 84/852 [37:45\u003c4:11:56, 19.68s/it]\r 10%|▉         | 85/852 [38:03\u003c4:05:53, 19.24s/it]\r 10%|▉         | 85/852 [38:03\u003c4:05:53, 19.24s/it]\n"}
,{"stream_name":"stderr","time":2510.82110458,"data":"\r 10%|▉         | 85/852 [38:03\u003c4:05:53, 19.24s/it]\r 10%|█         | 86/852 [38:19\u003c3:52:40, 18.23s/it]\r 10%|█         | 86/852 [38:19\u003c3:52:40, 18.23s/it]\n"}
,{"stream_name":"stderr","time":2526.007105313,"data":"\r 10%|█         | 86/852 [38:19\u003c3:52:40, 18.23s/it]\r 10%|█         | 87/852 [38:34\u003c3:40:43, 17.31s/it]\r 10%|█         | 87/852 [38:34\u003c3:40:43, 17.31s/it]\n"}
,{"stream_name":"stderr","time":2540.955711224,"data":"\r 10%|█         | 87/852 [38:34\u003c3:40:43, 17.31s/it]\r 10%|█         | 88/852 [38:49\u003c3:31:25, 16.60s/it]\r 10%|█         | 88/852 [38:49\u003c3:31:25, 16.60s/it]\n"}
,{"stream_name":"stderr","time":2555.755402019,"data":"\r 10%|█         | 88/852 [38:49\u003c3:31:25, 16.60s/it]\r 10%|█         | 89/852 [39:04\u003c3:24:16, 16.06s/it]\r 10%|█         | 89/852 [39:04\u003c3:24:16, 16.06s/it]\n"}
,{"stream_name":"stderr","time":2570.38249921,"data":"\r 10%|█         | 89/852 [39:04\u003c3:24:16, 16.06s/it]\r 11%|█         | 90/852 [39:18\u003c3:18:30, 15.63s/it]\r                                                  \r\r 11%|█         | 90/852 [39:18\u003c3:18:30, 15.63s/it]\r 11%|█         | 90/852 [39:18\u003c3:18:30, 15.63s/it]\r                                                  \r\r 11%|█         | 90/852 [39:18\u003c3:18:30, 15.63s/it]\n"}
,{"stream_name":"stderr","time":2584.034718098,"data":"\r 11%|█         | 90/852 [39:18\u003c3:18:30, 15.63s/it]\r                                                  \r\r 11%|█         | 90/852 [39:18\u003c3:18:30, 15.63s/it]\r 11%|█         | 91/852 [39:32\u003c3:10:44, 15.04s/it]\r 11%|█         | 91/852 [39:32\u003c3:10:44, 15.04s/it]\n"}
,{"stream_name":"stderr","time":2596.046839211,"data":"\r 11%|█         | 91/852 [39:32\u003c3:10:44, 15.04s/it]\r 11%|█         | 92/852 [39:44\u003c2:58:59, 14.13s/it]\r 11%|█         | 92/852 [39:44\u003c2:58:59, 14.13s/it]\n"}
,{"stream_name":"stderr","time":2606.556309288,"data":"\r 11%|█         | 92/852 [39:44\u003c2:58:59, 14.13s/it]\r 11%|█         | 93/852 [39:54\u003c2:44:59, 13.04s/it]\r 11%|█         | 93/852 [39:54\u003c2:44:59, 13.04s/it]\n"}
,{"stream_name":"stderr","time":2616.086964498,"data":"\r 11%|█         | 93/852 [39:54\u003c2:44:59, 13.04s/it]\r 11%|█         | 94/852 [40:04\u003c2:31:29, 11.99s/it]\r 11%|█         | 94/852 [40:04\u003c2:31:29, 11.99s/it]\n"}
,{"stream_name":"stderr","time":2624.542388701,"data":"\r 11%|█         | 94/852 [40:04\u003c2:31:29, 11.99s/it]\r 11%|█         | 95/852 [40:12\u003c2:17:54, 10.93s/it]\r 11%|█         | 95/852 [40:12\u003c2:17:54, 10.93s/it]\n"}
,{"stream_name":"stderr","time":2632.639034258,"data":"\r 11%|█         | 95/852 [40:12\u003c2:17:54, 10.93s/it]\r 11%|█▏        | 96/852 [40:20\u003c2:07:00, 10.08s/it]\r 11%|█▏        | 96/852 [40:20\u003c2:07:00, 10.08s/it]\n"}
,{"stream_name":"stderr","time":2640.484876051,"data":"\r 11%|█▏        | 96/852 [40:20\u003c2:07:00, 10.08s/it]\r 11%|█▏        | 97/852 [40:28\u003c1:58:21,  9.41s/it]\r 11%|█▏        | 97/852 [40:28\u003c1:58:21,  9.41s/it]\n"}
,{"stream_name":"stderr","time":2647.786135792,"data":"\r 11%|█▏        | 97/852 [40:28\u003c1:58:21,  9.41s/it]\r 12%|█▏        | 98/852 [40:36\u003c1:50:18,  8.78s/it]\r 12%|█▏        | 98/852 [40:36\u003c1:50:18,  8.78s/it]\n"}
,{"stream_name":"stderr","time":2654.640215973,"data":"\r 12%|█▏        | 98/852 [40:36\u003c1:50:18,  8.78s/it]\r 12%|█▏        | 99/852 [40:42\u003c1:42:55,  8.20s/it]\r 12%|█▏        | 99/852 [40:42\u003c1:42:55,  8.20s/it]\n"}
,{"stream_name":"stderr","time":2661.110088243,"data":"\r 12%|█▏        | 99/852 [40:42\u003c1:42:55,  8.20s/it]\r 12%|█▏        | 100/852 [40:49\u003c1:36:16,  7.68s/it]\r                                                   \r\r 12%|█▏        | 100/852 [40:49\u003c1:36:16,  7.68s/it]\r 12%|█▏        | 100/852 [40:49\u003c1:36:16,  7.68s/it]\r                                                   \r\r 12%|█▏        | 100/852 [40:49\u003c1:36:16,  7.68s/it]\n"}
,{"stream_name":"stderr","time":2731.35559965,"data":"\r 12%|█▏        | 100/852 [40:49\u003c1:36:16,  7.68s/it]\r                                                   \r\r 12%|█▏        | 100/852 [40:49\u003c1:36:16,  7.68s/it]\r 12%|█▏        | 101/852 [41:59\u003c5:31:02, 26.45s/it]\r 12%|█▏        | 101/852 [41:59\u003c5:31:02, 26.45s/it]\n"}
,{"stream_name":"stderr","time":2792.027955885,"data":"\r 12%|█▏        | 101/852 [41:59\u003c5:31:02, 26.45s/it]\r 12%|█▏        | 102/852 [43:00\u003c7:38:56, 36.72s/it]\r 12%|█▏        | 102/852 [43:00\u003c7:38:56, 36.72s/it]\n"}
,{"stream_name":"stderr","time":2847.101193039,"data":"\r 12%|█▏        | 102/852 [43:00\u003c7:38:56, 36.72s/it]\r 12%|█▏        | 103/852 [43:55\u003c8:47:04, 42.22s/it]\r 12%|█▏        | 103/852 [43:55\u003c8:47:04, 42.22s/it]\n"}
,{"stream_name":"stderr","time":2896.522913718,"data":"\r 12%|█▏        | 103/852 [43:55\u003c8:47:04, 42.22s/it]\r 12%|█▏        | 104/852 [44:44\u003c9:13:15, 44.38s/it]\r 12%|█▏        | 104/852 [44:44\u003c9:13:15, 44.38s/it]\n"}
,{"stream_name":"stderr","time":2940.338658112,"data":"\r 12%|█▏        | 104/852 [44:44\u003c9:13:15, 44.38s/it]\r 12%|█▏        | 105/852 [45:28\u003c9:10:27, 44.21s/it]\r 12%|█▏        | 105/852 [45:28\u003c9:10:27, 44.21s/it]\n"}
,{"stream_name":"stderr","time":2979.272605202,"data":"\r 12%|█▏        | 105/852 [45:28\u003c9:10:27, 44.21s/it]\r 12%|█▏        | 106/852 [46:07\u003c8:50:00, 42.63s/it]\r 12%|█▏        | 106/852 [46:07\u003c8:50:00, 42.63s/it]\n"}
,{"stream_name":"stderr","time":3015.534652096,"data":"\r 12%|█▏        | 106/852 [46:07\u003c8:50:00, 42.63s/it]\r 13%|█▎        | 107/852 [46:43\u003c8:25:36, 40.72s/it]\r 13%|█▎        | 107/852 [46:43\u003c8:25:36, 40.72s/it]\n"}
,{"stream_name":"stderr","time":3050.911689638,"data":"\r 13%|█▎        | 107/852 [46:43\u003c8:25:36, 40.72s/it]\r 13%|█▎        | 108/852 [47:19\u003c8:05:03, 39.12s/it]\r 13%|█▎        | 108/852 [47:19\u003c8:05:03, 39.12s/it]\n"}
,{"stream_name":"stderr","time":3085.220207674,"data":"\r 13%|█▎        | 108/852 [47:19\u003c8:05:03, 39.12s/it]\r 13%|█▎        | 109/852 [47:53\u003c7:46:30, 37.67s/it]\r 13%|█▎        | 109/852 [47:53\u003c7:46:30, 37.67s/it]\n"}
,{"stream_name":"stderr","time":3116.439729538,"data":"\r 13%|█▎        | 109/852 [47:53\u003c7:46:30, 37.67s/it]\r 13%|█▎        | 110/852 [48:24\u003c7:21:56, 35.74s/it]\r                                                   \r\r 13%|█▎        | 110/852 [48:24\u003c7:21:56, 35.74s/it]\r 13%|█▎        | 110/852 [48:24\u003c7:21:56, 35.74s/it]\r                                                   \r\r 13%|█▎        | 110/852 [48:24\u003c7:21:56, 35.74s/it]\n"}
,{"stream_name":"stderr","time":3146.262531449,"data":"\r 13%|█▎        | 110/852 [48:24\u003c7:21:56, 35.74s/it]\r                                                   \r\r 13%|█▎        | 110/852 [48:24\u003c7:21:56, 35.74s/it]\r 13%|█▎        | 111/852 [48:54\u003c6:59:29, 33.97s/it]\r 13%|█▎        | 111/852 [48:54\u003c6:59:29, 33.97s/it]\n"}
,{"stream_name":"stderr","time":3175.421719741,"data":"\r 13%|█▎        | 111/852 [48:54\u003c6:59:29, 33.97s/it]\r 13%|█▎        | 112/852 [49:23\u003c6:41:04, 32.52s/it]\r 13%|█▎        | 112/852 [49:23\u003c6:41:04, 32.52s/it]\n"}
,{"stream_name":"stderr","time":3204.674177844,"data":"\r 13%|█▎        | 112/852 [49:23\u003c6:41:04, 32.52s/it]\r 13%|█▎        | 113/852 [49:53\u003c6:28:31, 31.54s/it]\r 13%|█▎        | 113/852 [49:53\u003c6:28:31, 31.54s/it]\n"}
,{"stream_name":"stderr","time":3233.430376653,"data":"\r 13%|█▎        | 113/852 [49:53\u003c6:28:31, 31.54s/it]\r 13%|█▎        | 114/852 [50:21\u003c6:17:40, 30.71s/it]\r 13%|█▎        | 114/852 [50:21\u003c6:17:40, 30.71s/it]\n"}
,{"stream_name":"stderr","time":3261.479356604,"data":"\r 13%|█▎        | 114/852 [50:21\u003c6:17:40, 30.71s/it]\r 13%|█▎        | 115/852 [50:49\u003c6:07:24, 29.91s/it]\r 13%|█▎        | 115/852 [50:49\u003c6:07:24, 29.91s/it]\n"}
,{"stream_name":"stderr","time":3289.120762542,"data":"\r 13%|█▎        | 115/852 [50:49\u003c6:07:24, 29.91s/it]\r 14%|█▎        | 116/852 [51:17\u003c5:58:31, 29.23s/it]\r 14%|█▎        | 116/852 [51:17\u003c5:58:31, 29.23s/it]\n"}
,{"stream_name":"stderr","time":3316.321211291,"data":"\r 14%|█▎        | 116/852 [51:17\u003c5:58:31, 29.23s/it]\r 14%|█▎        | 117/852 [51:44\u003c5:50:37, 28.62s/it]\r 14%|█▎        | 117/852 [51:44\u003c5:50:37, 28.62s/it]\n"}
,{"stream_name":"stderr","time":3342.956370179,"data":"\r 14%|█▎        | 117/852 [51:44\u003c5:50:37, 28.62s/it]\r 14%|█▍        | 118/852 [52:11\u003c5:42:49, 28.02s/it]\r 14%|█▍        | 118/852 [52:11\u003c5:42:49, 28.02s/it]\n"}
,{"stream_name":"stderr","time":3369.383080307,"data":"\r 14%|█▍        | 118/852 [52:11\u003c5:42:49, 28.02s/it]\r 14%|█▍        | 119/852 [52:37\u003c5:36:31, 27.55s/it]\r 14%|█▍        | 119/852 [52:37\u003c5:36:31, 27.55s/it]\n"}
,{"stream_name":"stderr","time":3395.645567862,"data":"\r 14%|█▍        | 119/852 [52:37\u003c5:36:31, 27.55s/it]\r 14%|█▍        | 120/852 [53:03\u003c5:31:20, 27.16s/it]\r                                                   \r\r 14%|█▍        | 120/852 [53:03\u003c5:31:20, 27.16s/it]\r 14%|█▍        | 120/852 [53:03\u003c5:31:20, 27.16s/it]\r                                                   \r\r 14%|█▍        | 120/852 [53:03\u003c5:31:20, 27.16s/it]\n"}
,{"stream_name":"stderr","time":3419.491170916,"data":"\r 14%|█▍        | 120/852 [53:03\u003c5:31:20, 27.16s/it]\r                                                   \r\r 14%|█▍        | 120/852 [53:03\u003c5:31:20, 27.16s/it]\r 14%|█▍        | 121/852 [53:27\u003c5:18:48, 26.17s/it]\r 14%|█▍        | 121/852 [53:27\u003c5:18:48, 26.17s/it]\n"}
,{"stream_name":"stderr","time":3442.883994652,"data":"\r 14%|█▍        | 121/852 [53:27\u003c5:18:48, 26.17s/it]\r 14%|█▍        | 122/852 [53:51\u003c5:08:12, 25.33s/it]\r 14%|█▍        | 122/852 [53:51\u003c5:08:12, 25.33s/it]\n"}
,{"stream_name":"stderr","time":3466.094761879,"data":"\r 14%|█▍        | 122/852 [53:51\u003c5:08:12, 25.33s/it]\r 14%|█▍        | 123/852 [54:14\u003c5:00:05, 24.70s/it]\r 14%|█▍        | 123/852 [54:14\u003c5:00:05, 24.70s/it]\n"}
,{"stream_name":"stderr","time":3489.625767155,"data":"\r 14%|█▍        | 123/852 [54:14\u003c5:00:05, 24.70s/it]\r 15%|█▍        | 124/852 [54:37\u003c4:55:23, 24.35s/it]\r 15%|█▍        | 124/852 [54:37\u003c4:55:23, 24.35s/it]\n"}
,{"stream_name":"stderr","time":3512.807821398,"data":"\r 15%|█▍        | 124/852 [54:37\u003c4:55:23, 24.35s/it]\r 15%|█▍        | 125/852 [55:01\u003c4:50:47, 24.00s/it]\r 15%|█▍        | 125/852 [55:01\u003c4:50:47, 24.00s/it]\n"}
,{"stream_name":"stderr","time":3535.729401585,"data":"\r 15%|█▍        | 125/852 [55:01\u003c4:50:47, 24.00s/it]\r 15%|█▍        | 126/852 [55:24\u003c4:46:25, 23.67s/it]\r 15%|█▍        | 126/852 [55:24\u003c4:46:25, 23.67s/it]\n"}
,{"stream_name":"stderr","time":3558.357185822,"data":"\r 15%|█▍        | 126/852 [55:24\u003c4:46:25, 23.67s/it]\r 15%|█▍        | 127/852 [55:46\u003c4:42:18, 23.36s/it]\r 15%|█▍        | 127/852 [55:46\u003c4:42:18, 23.36s/it]\n"}
,{"stream_name":"stderr","time":3580.719631352,"data":"\r 15%|█▍        | 127/852 [55:46\u003c4:42:18, 23.36s/it]\r 15%|█▌        | 128/852 [56:09\u003c4:38:15, 23.06s/it]\r 15%|█▌        | 128/852 [56:09\u003c4:38:15, 23.06s/it]\n"}
,{"stream_name":"stderr","time":3602.125614074,"data":"\r 15%|█▌        | 128/852 [56:09\u003c4:38:15, 23.06s/it]\r 15%|█▌        | 129/852 [56:30\u003c4:31:55, 22.57s/it]\r 15%|█▌        | 129/852 [56:30\u003c4:31:55, 22.57s/it]\n"}
,{"stream_name":"stderr","time":3622.94038381,"data":"\r 15%|█▌        | 129/852 [56:30\u003c4:31:55, 22.57s/it]\r 15%|█▌        | 130/852 [56:51\u003c4:25:11, 22.04s/it]\r                                                   \r\r 15%|█▌        | 130/852 [56:51\u003c4:25:11, 22.04s/it]\r 15%|█▌        | 130/852 [56:51\u003c4:25:11, 22.04s/it]\r                                                   \r\r 15%|█▌        | 130/852 [56:51\u003c4:25:11, 22.04s/it]\n"}
,{"stream_name":"stderr","time":3643.343282174,"data":"\r 15%|█▌        | 130/852 [56:51\u003c4:25:11, 22.04s/it]\r                                                   \r\r 15%|█▌        | 130/852 [56:51\u003c4:25:11, 22.04s/it]\r 15%|█▌        | 131/852 [57:11\u003c4:18:57, 21.55s/it]\r 15%|█▌        | 131/852 [57:11\u003c4:18:57, 21.55s/it]\n"}
,{"stream_name":"stderr","time":3663.196987694,"data":"\r 15%|█▌        | 131/852 [57:11\u003c4:18:57, 21.55s/it]\r 15%|█▌        | 132/852 [57:31\u003c4:12:26, 21.04s/it]\r 15%|█▌        | 132/852 [57:31\u003c4:12:26, 21.04s/it]\n"}
,{"stream_name":"stderr","time":3681.933009511,"data":"\r 15%|█▌        | 132/852 [57:31\u003c4:12:26, 21.04s/it]\r 16%|█▌        | 133/852 [57:50\u003c4:03:52, 20.35s/it]\r 16%|█▌        | 133/852 [57:50\u003c4:03:52, 20.35s/it]\n"}
,{"stream_name":"stderr","time":3700.385978904,"data":"\r 16%|█▌        | 133/852 [57:50\u003c4:03:52, 20.35s/it]\r 16%|█▌        | 134/852 [58:08\u003c3:56:41, 19.78s/it]\r 16%|█▌        | 134/852 [58:08\u003c3:56:41, 19.78s/it]\n"}
,{"stream_name":"stderr","time":3718.340941377,"data":"\r 16%|█▌        | 134/852 [58:08\u003c3:56:41, 19.78s/it]\r 16%|█▌        | 135/852 [58:26\u003c3:49:51, 19.23s/it]\r 16%|█▌        | 135/852 [58:26\u003c3:49:51, 19.23s/it]\n"}
,{"stream_name":"stderr","time":3736.083997728,"data":"\r 16%|█▌        | 135/852 [58:26\u003c3:49:51, 19.23s/it]\r 16%|█▌        | 136/852 [58:44\u003c3:44:08, 18.78s/it]\r 16%|█▌        | 136/852 [58:44\u003c3:44:08, 18.78s/it]\n"}
,{"stream_name":"stderr","time":3751.314812691,"data":"\r 16%|█▌        | 136/852 [58:44\u003c3:44:08, 18.78s/it]\r 16%|█▌        | 137/852 [58:59\u003c3:31:10, 17.72s/it]\r 16%|█▌        | 137/852 [58:59\u003c3:31:10, 17.72s/it]\n"}
,{"stream_name":"stderr","time":3766.423801124,"data":"\r 16%|█▌        | 137/852 [58:59\u003c3:31:10, 17.72s/it]\r 16%|█▌        | 138/852 [59:14\u003c3:21:31, 16.94s/it]\r 16%|█▌        | 138/852 [59:14\u003c3:21:31, 16.94s/it]\n"}
,{"stream_name":"stderr","time":3781.317540283,"data":"\r 16%|█▌        | 138/852 [59:14\u003c3:21:31, 16.94s/it]\r 16%|█▋        | 139/852 [59:29\u003c3:13:59, 16.33s/it]\r 16%|█▋        | 139/852 [59:29\u003c3:13:59, 16.33s/it]\n"}
,{"stream_name":"stderr","time":3796.019948397,"data":"\r 16%|█▋        | 139/852 [59:29\u003c3:13:59, 16.33s/it]\r 16%|█▋        | 140/852 [59:44\u003c3:07:56, 15.84s/it]\r                                                   \r\r 16%|█▋        | 140/852 [59:44\u003c3:07:56, 15.84s/it]\r 16%|█▋        | 140/852 [59:44\u003c3:07:56, 15.84s/it]\r                                                   \r\r 16%|█▋        | 140/852 [59:44\u003c3:07:56, 15.84s/it]\n"}
,{"stream_name":"stderr","time":3809.940491747,"data":"\r 16%|█▋        | 140/852 [59:44\u003c3:07:56, 15.84s/it]\r                                                   \r\r 16%|█▋        | 140/852 [59:44\u003c3:07:56, 15.84s/it]\r 17%|█▋        | 141/852 [59:58\u003c3:00:50, 15.26s/it]\r 17%|█▋        | 141/852 [59:58\u003c3:00:50, 15.26s/it]\n"}
,{"stream_name":"stderr","time":3822.328135998,"data":"\r 17%|█▋        | 141/852 [59:58\u003c3:00:50, 15.26s/it]\r 17%|█▋        | 142/852 [1:00:10\u003c2:50:24, 14.40s/it]\r 17%|█▋        | 142/852 [1:00:10\u003c2:50:24, 14.40s/it]\n"}
,{"stream_name":"stderr","time":3833.837627783,"data":"\r 17%|█▋        | 142/852 [1:00:10\u003c2:50:24, 14.40s/it]\r 17%|█▋        | 143/852 [1:00:22\u003c2:39:55, 13.53s/it]\r 17%|█▋        | 143/852 [1:00:22\u003c2:39:55, 13.53s/it]\n"}
,{"stream_name":"stderr","time":3843.9999006,"data":"\r 17%|█▋        | 143/852 [1:00:22\u003c2:39:55, 13.53s/it]\r 17%|█▋        | 144/852 [1:00:32\u003c2:27:42, 12.52s/it]\r 17%|█▋        | 144/852 [1:00:32\u003c2:27:42, 12.52s/it]\n"}
,{"stream_name":"stderr","time":3852.323826221,"data":"\r 17%|█▋        | 144/852 [1:00:32\u003c2:27:42, 12.52s/it]\r 17%|█▋        | 145/852 [1:00:40\u003c2:12:43, 11.26s/it]\r 17%|█▋        | 145/852 [1:00:40\u003c2:12:43, 11.26s/it]\n"}
,{"stream_name":"stderr","time":3860.25863836,"data":"\r 17%|█▋        | 145/852 [1:00:40\u003c2:12:43, 11.26s/it]\r 17%|█▋        | 146/852 [1:00:48\u003c2:00:47, 10.27s/it]\r 17%|█▋        | 146/852 [1:00:48\u003c2:00:47, 10.27s/it]\n"}
,{"stream_name":"stderr","time":3867.819891228,"data":"\r 17%|█▋        | 146/852 [1:00:48\u003c2:00:47, 10.27s/it]\r 17%|█▋        | 147/852 [1:00:56\u003c1:51:05,  9.45s/it]\r 17%|█▋        | 147/852 [1:00:56\u003c1:51:05,  9.45s/it]\n"}
,{"stream_name":"stderr","time":3875.008780449,"data":"\r 17%|█▋        | 147/852 [1:00:56\u003c1:51:05,  9.45s/it]\r 17%|█▋        | 148/852 [1:01:03\u003c1:42:55,  8.77s/it]\r 17%|█▋        | 148/852 [1:01:03\u003c1:42:55,  8.77s/it]\n"}
,{"stream_name":"stderr","time":3881.934444444,"data":"\r 17%|█▋        | 148/852 [1:01:03\u003c1:42:55,  8.77s/it]\r 17%|█▋        | 149/852 [1:01:10\u003c1:36:19,  8.22s/it]\r 17%|█▋        | 149/852 [1:01:10\u003c1:36:19,  8.22s/it]\n"}
,{"stream_name":"stderr","time":3888.215456246,"data":"\r 17%|█▋        | 149/852 [1:01:10\u003c1:36:19,  8.22s/it]\r 18%|█▊        | 150/852 [1:01:16\u003c1:29:22,  7.64s/it]\r                                                     \r\r 18%|█▊        | 150/852 [1:01:16\u003c1:29:22,  7.64s/it]\r 18%|█▊        | 150/852 [1:01:16\u003c1:29:22,  7.64s/it]\r                                                     \r\r 18%|█▊        | 150/852 [1:01:16\u003c1:29:22,  7.64s/it]\n"}
,{"stream_name":"stderr","time":3956.526606366,"data":"\r 18%|█▊        | 150/852 [1:01:16\u003c1:29:22,  7.64s/it]\r                                                     \r\r 18%|█▊        | 150/852 [1:01:16\u003c1:29:22,  7.64s/it]\r 18%|█▊        | 151/852 [1:02:24\u003c5:01:52, 25.84s/it]\r 18%|█▊        | 151/852 [1:02:24\u003c5:01:52, 25.84s/it]\n"}
,{"stream_name":"stderr","time":4011.135450573,"data":"\r 18%|█▊        | 151/852 [1:02:24\u003c5:01:52, 25.84s/it]\r 18%|█▊        | 152/852 [1:03:19\u003c6:42:08, 34.47s/it]\r 18%|█▊        | 152/852 [1:03:19\u003c6:42:08, 34.47s/it]\n"}
,{"stream_name":"stderr","time":4059.564991381,"data":"\r 18%|█▊        | 152/852 [1:03:19\u003c6:42:08, 34.47s/it]\r 18%|█▊        | 153/852 [1:04:07\u003c7:30:21, 38.66s/it]\r 18%|█▊        | 153/852 [1:04:07\u003c7:30:21, 38.66s/it]\n"}
,{"stream_name":"stderr","time":4104.908239381,"data":"\r 18%|█▊        | 153/852 [1:04:07\u003c7:30:21, 38.66s/it]\r 18%|█▊        | 154/852 [1:04:53\u003c7:53:02, 40.66s/it]\r 18%|█▊        | 154/852 [1:04:53\u003c7:53:02, 40.66s/it]\n"}
,{"stream_name":"stderr","time":4145.734806056,"data":"\r 18%|█▊        | 154/852 [1:04:53\u003c7:53:02, 40.66s/it]\r 18%|█▊        | 155/852 [1:05:34\u003c7:52:56, 40.71s/it]\r 18%|█▊        | 155/852 [1:05:34\u003c7:52:56, 40.71s/it]\n"}
,{"stream_name":"stderr","time":4181.814500691,"data":"\r 18%|█▊        | 155/852 [1:05:34\u003c7:52:56, 40.71s/it]\r 18%|█▊        | 156/852 [1:06:10\u003c7:36:08, 39.32s/it]\r 18%|█▊        | 156/852 [1:06:10\u003c7:36:08, 39.32s/it]\n"}
,{"stream_name":"stderr","time":4217.108005252,"data":"\r 18%|█▊        | 156/852 [1:06:10\u003c7:36:08, 39.32s/it]\r 18%|█▊        | 157/852 [1:06:45\u003c7:21:29, 38.11s/it]\r 18%|█▊        | 157/852 [1:06:45\u003c7:21:29, 38.11s/it]\n"}
,{"stream_name":"stderr","time":4251.374950251,"data":"\r 18%|█▊        | 157/852 [1:06:45\u003c7:21:29, 38.11s/it]\r 19%|█▊        | 158/852 [1:07:19\u003c7:07:30, 36.96s/it]\r 19%|█▊        | 158/852 [1:07:19\u003c7:07:30, 36.96s/it]\n"}
,{"stream_name":"stderr","time":4281.892833064,"data":"\r 19%|█▊        | 158/852 [1:07:19\u003c7:07:30, 36.96s/it]\r 19%|█▊        | 159/852 [1:07:50\u003c6:44:33, 35.03s/it]\r 19%|█▊        | 159/852 [1:07:50\u003c6:44:33, 35.03s/it]\n"}
,{"stream_name":"stderr","time":4312.055414269,"data":"\r 19%|█▊        | 159/852 [1:07:50\u003c6:44:33, 35.03s/it]\r 19%|█▉        | 160/852 [1:08:20\u003c6:27:07, 33.57s/it]\r                                                     \r\r 19%|█▉        | 160/852 [1:08:20\u003c6:27:07, 33.57s/it]\r 19%|█▉        | 160/852 [1:08:20\u003c6:27:07, 33.57s/it]\r                                                     \r\r 19%|█▉        | 160/852 [1:08:20\u003c6:27:07, 33.57s/it]\n"}
,{"stream_name":"stderr","time":4341.511734413,"data":"\r 19%|█▉        | 160/852 [1:08:20\u003c6:27:07, 33.57s/it]\r                                                     \r\r 19%|█▉        | 160/852 [1:08:20\u003c6:27:07, 33.57s/it]\r 19%|█▉        | 161/852 [1:08:49\u003c6:12:25, 32.34s/it]\r 19%|█▉        | 161/852 [1:08:49\u003c6:12:25, 32.34s/it]\n"}
,{"stream_name":"stderr","time":4370.196942444,"data":"\r 19%|█▉        | 161/852 [1:08:49\u003c6:12:25, 32.34s/it]\r 19%|█▉        | 162/852 [1:09:18\u003c5:59:15, 31.24s/it]\r 19%|█▉        | 162/852 [1:09:18\u003c5:59:15, 31.24s/it]\n"}
,{"stream_name":"stderr","time":4399.48519875,"data":"\r 19%|█▉        | 162/852 [1:09:18\u003c5:59:15, 31.24s/it]\r 19%|█▉        | 163/852 [1:09:47\u003c5:52:02, 30.66s/it]\r 19%|█▉        | 163/852 [1:09:47\u003c5:52:02, 30.66s/it]\n"}
,{"stream_name":"stderr","time":4427.961017638,"data":"\r 19%|█▉        | 163/852 [1:09:47\u003c5:52:02, 30.66s/it]\r 19%|█▉        | 164/852 [1:10:16\u003c5:43:59, 30.00s/it]\r 19%|█▉        | 164/852 [1:10:16\u003c5:43:59, 30.00s/it]\n"}
,{"stream_name":"stderr","time":4455.37725565,"data":"\r 19%|█▉        | 164/852 [1:10:16\u003c5:43:59, 30.00s/it]\r 19%|█▉        | 165/852 [1:10:43\u003c5:34:39, 29.23s/it]\r 19%|█▉        | 165/852 [1:10:43\u003c5:34:39, 29.23s/it]\n"}
,{"stream_name":"stderr","time":4482.181071266,"data":"\r 19%|█▉        | 165/852 [1:10:43\u003c5:34:39, 29.23s/it]\r 19%|█▉        | 166/852 [1:11:10\u003c5:25:49, 28.50s/it]\r 19%|█▉        | 166/852 [1:11:10\u003c5:25:49, 28.50s/it]\n"}
,{"stream_name":"stderr","time":4508.60448355,"data":"\r 19%|█▉        | 166/852 [1:11:10\u003c5:25:49, 28.50s/it]\r 20%|█▉        | 167/852 [1:11:36\u003c5:18:16, 27.88s/it]\r 20%|█▉        | 167/852 [1:11:36\u003c5:18:16, 27.88s/it]\n"}
,{"stream_name":"stderr","time":4534.905542853,"data":"\r 20%|█▉        | 167/852 [1:11:36\u003c5:18:16, 27.88s/it]\r 20%|█▉        | 168/852 [1:12:03\u003c5:12:23, 27.40s/it]\r 20%|█▉        | 168/852 [1:12:03\u003c5:12:23, 27.40s/it]\n"}
,{"stream_name":"stderr","time":4559.723111821,"data":"\r 20%|█▉        | 168/852 [1:12:03\u003c5:12:23, 27.40s/it]\r 20%|█▉        | 169/852 [1:12:28\u003c5:03:08, 26.63s/it]\r 20%|█▉        | 169/852 [1:12:28\u003c5:03:08, 26.63s/it]\n"}
,{"stream_name":"stderr","time":4582.835293611,"data":"\r 20%|█▉        | 169/852 [1:12:28\u003c5:03:08, 26.63s/it]\r 20%|█▉        | 170/852 [1:12:51\u003c4:50:37, 25.57s/it]\r                                                     \r\r 20%|█▉        | 170/852 [1:12:51\u003c4:50:37, 25.57s/it]\r 20%|█▉        | 170/852 [1:12:51\u003c4:50:37, 25.57s/it]\r                                                     \r\r 20%|█▉        | 170/852 [1:12:51\u003c4:50:37, 25.57s/it]\n"}
,{"stream_name":"stderr","time":4606.182855881,"data":"\r 20%|█▉        | 170/852 [1:12:51\u003c4:50:37, 25.57s/it]\r                                                     \r\r 20%|█▉        | 170/852 [1:12:51\u003c4:50:37, 25.57s/it]\r 20%|██        | 171/852 [1:13:14\u003c4:42:42, 24.91s/it]\r 20%|██        | 171/852 [1:13:14\u003c4:42:42, 24.91s/it]\n"}
,{"stream_name":"stderr","time":4629.430129902,"data":"\r 20%|██        | 171/852 [1:13:14\u003c4:42:42, 24.91s/it]\r 20%|██        | 172/852 [1:13:37\u003c4:36:36, 24.41s/it]\r 20%|██        | 172/852 [1:13:37\u003c4:36:36, 24.41s/it]\n"}
,{"stream_name":"stderr","time":4652.51085212,"data":"\r 20%|██        | 172/852 [1:13:37\u003c4:36:36, 24.41s/it]\r 20%|██        | 173/852 [1:14:00\u003c4:31:44, 24.01s/it]\r 20%|██        | 173/852 [1:14:00\u003c4:31:44, 24.01s/it]\n"}
,{"stream_name":"stderr","time":4675.358101863,"data":"\r 20%|██        | 173/852 [1:14:00\u003c4:31:44, 24.01s/it]\r 20%|██        | 174/852 [1:14:23\u003c4:27:18, 23.66s/it]\r 20%|██        | 174/852 [1:14:23\u003c4:27:18, 23.66s/it]\n"}
,{"stream_name":"stderr","time":4697.930803018,"data":"\r 20%|██        | 174/852 [1:14:23\u003c4:27:18, 23.66s/it]\r 21%|██        | 175/852 [1:14:46\u003c4:23:19, 23.34s/it]\r 21%|██        | 175/852 [1:14:46\u003c4:23:19, 23.34s/it]\n"}
,{"stream_name":"stderr","time":4720.370740543,"data":"\r 21%|██        | 175/852 [1:14:46\u003c4:23:19, 23.34s/it]\r 21%|██        | 176/852 [1:15:08\u003c4:19:52, 23.07s/it]\r 21%|██        | 176/852 [1:15:08\u003c4:19:52, 23.07s/it]\n"}
,{"stream_name":"stderr","time":4742.632357945,"data":"\r 21%|██        | 176/852 [1:15:08\u003c4:19:52, 23.07s/it]\r 21%|██        | 177/852 [1:15:30\u003c4:16:48, 22.83s/it]\r 21%|██        | 177/852 [1:15:30\u003c4:16:48, 22.83s/it]\n"}
,{"stream_name":"stderr","time":4764.326551404,"data":"\r 21%|██        | 177/852 [1:15:30\u003c4:16:48, 22.83s/it]\r 21%|██        | 178/852 [1:15:52\u003c4:12:33, 22.48s/it]\r 21%|██        | 178/852 [1:15:52\u003c4:12:33, 22.48s/it]\n"}
,{"stream_name":"stderr","time":4785.049569123,"data":"\r 21%|██        | 178/852 [1:15:52\u003c4:12:33, 22.48s/it]\r 21%|██        | 179/852 [1:16:13\u003c4:06:18, 21.96s/it]\r 21%|██        | 179/852 [1:16:13\u003c4:06:18, 21.96s/it]\n"}
,{"stream_name":"stderr","time":4805.509060877,"data":"\r 21%|██        | 179/852 [1:16:13\u003c4:06:18, 21.96s/it]\r 21%|██        | 180/852 [1:16:33\u003c4:00:52, 21.51s/it]\r                                                     \r\r 21%|██        | 180/852 [1:16:33\u003c4:00:52, 21.51s/it]\r 21%|██        | 180/852 [1:16:33\u003c4:00:52, 21.51s/it]\r                                                     \r\r 21%|██        | 180/852 [1:16:33\u003c4:00:52, 21.51s/it]\n"}
,{"stream_name":"stderr","time":4825.779894165,"data":"\r 21%|██        | 180/852 [1:16:33\u003c4:00:52, 21.51s/it]\r                                                     \r\r 21%|██        | 180/852 [1:16:33\u003c4:00:52, 21.51s/it]\r 21%|██        | 181/852 [1:16:54\u003c3:56:24, 21.14s/it]\r 21%|██        | 181/852 [1:16:54\u003c3:56:24, 21.14s/it]\n"}
,{"stream_name":"stderr","time":4845.903427871,"data":"\r 21%|██        | 181/852 [1:16:54\u003c3:56:24, 21.14s/it]\r 21%|██▏       | 182/852 [1:17:14\u003c3:52:34, 20.83s/it]\r 21%|██▏       | 182/852 [1:17:14\u003c3:52:34, 20.83s/it]\n"}
,{"stream_name":"stderr","time":4864.703493482,"data":"\r 21%|██▏       | 182/852 [1:17:14\u003c3:52:34, 20.83s/it]\r 21%|██▏       | 183/852 [1:17:33\u003c3:45:31, 20.23s/it]\r 21%|██▏       | 183/852 [1:17:33\u003c3:45:31, 20.23s/it]\n"}
,{"stream_name":"stderr","time":4883.271506653,"data":"\r 21%|██▏       | 183/852 [1:17:33\u003c3:45:31, 20.23s/it]\r 22%|██▏       | 184/852 [1:17:51\u003c3:39:36, 19.73s/it]\r 22%|██▏       | 184/852 [1:17:51\u003c3:39:36, 19.73s/it]\n"}
,{"stream_name":"stderr","time":4901.450658485,"data":"\r 22%|██▏       | 184/852 [1:17:51\u003c3:39:36, 19.73s/it]\r 22%|██▏       | 185/852 [1:18:09\u003c3:34:09, 19.26s/it]\r 22%|██▏       | 185/852 [1:18:09\u003c3:34:09, 19.26s/it]\n"}
,{"stream_name":"stderr","time":4918.469834652,"data":"\r 22%|██▏       | 185/852 [1:18:09\u003c3:34:09, 19.26s/it]\r 22%|██▏       | 186/852 [1:18:26\u003c3:26:19, 18.59s/it]\r 22%|██▏       | 186/852 [1:18:26\u003c3:26:19, 18.59s/it]\n"}
,{"stream_name":"stderr","time":4933.751168791,"data":"\r 22%|██▏       | 186/852 [1:18:26\u003c3:26:19, 18.59s/it]\r 22%|██▏       | 187/852 [1:18:42\u003c3:15:03, 17.60s/it]\r 22%|██▏       | 187/852 [1:18:42\u003c3:15:03, 17.60s/it]\n"}
,{"stream_name":"stderr","time":4948.946039765,"data":"\r 22%|██▏       | 187/852 [1:18:42\u003c3:15:03, 17.60s/it]\r 22%|██▏       | 188/852 [1:18:57\u003c3:06:44, 16.87s/it]\r 22%|██▏       | 188/852 [1:18:57\u003c3:06:44, 16.87s/it]\n"}
,{"stream_name":"stderr","time":4963.889495112,"data":"\r 22%|██▏       | 188/852 [1:18:57\u003c3:06:44, 16.87s/it]\r 22%|██▏       | 189/852 [1:19:12\u003c3:00:05, 16.30s/it]\r 22%|██▏       | 189/852 [1:19:12\u003c3:00:05, 16.30s/it]\n"}
,{"stream_name":"stderr","time":4978.523674152,"data":"\r 22%|██▏       | 189/852 [1:19:12\u003c3:00:05, 16.30s/it]\r 22%|██▏       | 190/852 [1:19:26\u003c2:54:19, 15.80s/it]\r                                                     \r\r 22%|██▏       | 190/852 [1:19:26\u003c2:54:19, 15.80s/it]\r 22%|██▏       | 190/852 [1:19:26\u003c2:54:19, 15.80s/it]\r                                                     \r\r 22%|██▏       | 190/852 [1:19:26\u003c2:54:19, 15.80s/it]\n"}
,{"stream_name":"stderr","time":4992.274964397,"data":"\r 22%|██▏       | 190/852 [1:19:26\u003c2:54:19, 15.80s/it]\r                                                     \r\r 22%|██▏       | 190/852 [1:19:26\u003c2:54:19, 15.80s/it]\r 22%|██▏       | 191/852 [1:19:40\u003c2:47:13, 15.18s/it]\r 22%|██▏       | 191/852 [1:19:40\u003c2:47:13, 15.18s/it]\n"}
,{"stream_name":"stderr","time":5004.803357901,"data":"\r 22%|██▏       | 191/852 [1:19:40\u003c2:47:13, 15.18s/it]\r 23%|██▎       | 192/852 [1:19:53\u003c2:38:16, 14.39s/it]\r 23%|██▎       | 192/852 [1:19:53\u003c2:38:16, 14.39s/it]\n"}
,{"stream_name":"stderr","time":5015.816580206,"data":"\r 23%|██▎       | 192/852 [1:19:53\u003c2:38:16, 14.39s/it]\r 23%|██▎       | 193/852 [1:20:04\u003c2:26:55, 13.38s/it]\r 23%|██▎       | 193/852 [1:20:04\u003c2:26:55, 13.38s/it]\n"}
,{"stream_name":"stderr","time":5025.415441668,"data":"\r 23%|██▎       | 193/852 [1:20:04\u003c2:26:55, 13.38s/it]\r 23%|██▎       | 194/852 [1:20:13\u003c2:14:13, 12.24s/it]\r 23%|██▎       | 194/852 [1:20:13\u003c2:14:13, 12.24s/it]\n"}
,{"stream_name":"stderr","time":5033.838630337,"data":"\r 23%|██▎       | 194/852 [1:20:13\u003c2:14:13, 12.24s/it]\r 23%|██▎       | 195/852 [1:20:22\u003c2:01:31, 11.10s/it]\r 23%|██▎       | 195/852 [1:20:22\u003c2:01:31, 11.10s/it]\n"}
,{"stream_name":"stderr","time":5041.888729317,"data":"\r 23%|██▎       | 195/852 [1:20:22\u003c2:01:31, 11.10s/it]\r 23%|██▎       | 196/852 [1:20:30\u003c1:51:20, 10.18s/it]\r 23%|██▎       | 196/852 [1:20:30\u003c1:51:20, 10.18s/it]\n"}
,{"stream_name":"stderr","time":5049.712155367,"data":"\r 23%|██▎       | 196/852 [1:20:30\u003c1:51:20, 10.18s/it]\r 23%|██▎       | 197/852 [1:20:38\u003c1:43:26,  9.48s/it]\r 23%|██▎       | 197/852 [1:20:38\u003c1:43:26,  9.48s/it]\n"}
,{"stream_name":"stderr","time":5056.904076352,"data":"\r 23%|██▎       | 197/852 [1:20:38\u003c1:43:26,  9.48s/it]\r 23%|██▎       | 198/852 [1:20:45\u003c1:35:46,  8.79s/it]\r 23%|██▎       | 198/852 [1:20:45\u003c1:35:46,  8.79s/it]\n"}
,{"stream_name":"stderr","time":5063.795579956,"data":"\r 23%|██▎       | 198/852 [1:20:45\u003c1:35:46,  8.79s/it]\r 23%|██▎       | 199/852 [1:20:52\u003c1:29:28,  8.22s/it]\r 23%|██▎       | 199/852 [1:20:52\u003c1:29:28,  8.22s/it]\n"}
,{"stream_name":"stderr","time":5069.990703413,"data":"\r 23%|██▎       | 199/852 [1:20:52\u003c1:29:28,  8.22s/it]\r 23%|██▎       | 200/852 [1:20:58\u003c1:22:44,  7.61s/it]\r                                                     \r\r 23%|██▎       | 200/852 [1:20:58\u003c1:22:44,  7.61s/it]\r 23%|██▎       | 200/852 [1:20:58\u003c1:22:44,  7.61s/it]\r                                                     \r\r 23%|██▎       | 200/852 [1:20:58\u003c1:22:44,  7.61s/it]\n"}
,{"stream_name":"stderr","time":5071.337005134,"data":"\r 23%|██▎       | 200/852 [1:20:58\u003c1:22:44,  7.61s/it]\r                                                     \r\r 23%|██▎       | 200/852 [1:20:58\u003c1:22:44,  7.61s/it]Unsloth: Restored added_tokens_decoder metadata in outputs/run2/checkpoint-200/tokenizer_config.json.\n"}
,{"stream_name":"stderr","time":5071.539253315,"data":"Unsloth: Restored added_tokens_decoder metadata in outputs/run2/checkpoint-200/tokenizer_config.json.\n"}
,{"stream_name":"stderr","time":5071.539280086,"data":"\n"}
,{"stream_name":"stderr","time":5071.539286476,"data":"Unsloth: Restored added_tokens_decoder metadata in outputs/run2/checkpoint-200/tokenizer_config.json.\n"}
,{"stream_name":"stderr","time":5144.742542598,"data":"\r 24%|██▎       | 201/852 [1:22:13\u003c5:01:06, 27.75s/it]\r 24%|██▎       | 201/852 [1:22:13\u003c5:01:06, 27.75s/it]\n"}
,{"stream_name":"stderr","time":5204.421796279,"data":"\r 24%|██▎       | 201/852 [1:22:13\u003c5:01:06, 27.75s/it]\r 24%|██▎       | 202/852 [1:23:12\u003c6:44:23, 37.33s/it]\r 24%|██▎       | 202/852 [1:23:12\u003c6:44:23, 37.33s/it]\n"}
,{"stream_name":"stderr","time":5255.59432196,"data":"\r 24%|██▎       | 202/852 [1:23:12\u003c6:44:23, 37.33s/it]\r 24%|██▍       | 203/852 [1:24:03\u003c7:28:42, 41.48s/it]\r 24%|██▍       | 203/852 [1:24:03\u003c7:28:42, 41.48s/it]\n"}
,{"stream_name":"stderr","time":5300.969986685,"data":"\r 24%|██▍       | 203/852 [1:24:03\u003c7:28:42, 41.48s/it]\r 24%|██▍       | 204/852 [1:24:49\u003c7:40:37, 42.65s/it]\r 24%|██▍       | 204/852 [1:24:49\u003c7:40:37, 42.65s/it]\n"}
,{"stream_name":"stderr","time":5340.656130863,"data":"\r 24%|██▍       | 204/852 [1:24:49\u003c7:40:37, 42.65s/it]\r 24%|██▍       | 205/852 [1:25:28\u003c7:30:19, 41.76s/it]\r 24%|██▍       | 205/852 [1:25:28\u003c7:30:19, 41.76s/it]\n"}
,{"stream_name":"stderr","time":5377.084383628,"data":"\r 24%|██▍       | 205/852 [1:25:28\u003c7:30:19, 41.76s/it]\r 24%|██▍       | 206/852 [1:26:05\u003c7:12:24, 40.16s/it]\r 24%|██▍       | 206/852 [1:26:05\u003c7:12:24, 40.16s/it]\n"}
,{"stream_name":"stderr","time":5412.810672586,"data":"\r 24%|██▍       | 206/852 [1:26:05\u003c7:12:24, 40.16s/it]\r 24%|██▍       | 207/852 [1:26:41\u003c6:57:25, 38.83s/it]\r 24%|██▍       | 207/852 [1:26:41\u003c6:57:25, 38.83s/it]\n"}
,{"stream_name":"stderr","time":5447.590248657,"data":"\r 24%|██▍       | 207/852 [1:26:41\u003c6:57:25, 38.83s/it]\r 24%|██▍       | 208/852 [1:27:15\u003c6:43:44, 37.62s/it]\r 24%|██▍       | 208/852 [1:27:15\u003c6:43:44, 37.62s/it]\n"}
,{"stream_name":"stderr","time":5480.623670632,"data":"\r 24%|██▍       | 208/852 [1:27:15\u003c6:43:44, 37.62s/it]\r 25%|██▍       | 209/852 [1:27:48\u003c6:28:20, 36.24s/it]\r 25%|██▍       | 209/852 [1:27:48\u003c6:28:20, 36.24s/it]\n"}
,{"stream_name":"stderr","time":5510.761699469,"data":"\r 25%|██▍       | 209/852 [1:27:48\u003c6:28:20, 36.24s/it]\r 25%|██▍       | 210/852 [1:28:19\u003c6:08:11, 34.41s/it]\r                                                     \r\r 25%|██▍       | 210/852 [1:28:19\u003c6:08:11, 34.41s/it]\r 25%|██▍       | 210/852 [1:28:19\u003c6:08:11, 34.41s/it]\r                                                     \r\r 25%|██▍       | 210/852 [1:28:19\u003c6:08:11, 34.41s/it]\n"}
,{"stream_name":"stderr","time":5539.91931004,"data":"\r 25%|██▍       | 210/852 [1:28:19\u003c6:08:11, 34.41s/it]\r                                                     \r\r 25%|██▍       | 210/852 [1:28:19\u003c6:08:11, 34.41s/it]\r 25%|██▍       | 211/852 [1:28:48\u003c5:50:49, 32.84s/it]\r 25%|██▍       | 211/852 [1:28:48\u003c5:50:49, 32.84s/it]\n"}
,{"stream_name":"stderr","time":5568.64381137,"data":"\r 25%|██▍       | 211/852 [1:28:48\u003c5:50:49, 32.84s/it]\r 25%|██▍       | 212/852 [1:29:16\u003c5:37:02, 31.60s/it]\r 25%|██▍       | 212/852 [1:29:16\u003c5:37:02, 31.60s/it]\n"}
,{"stream_name":"stderr","time":5598.070998195,"data":"\r 25%|██▍       | 212/852 [1:29:16\u003c5:37:02, 31.60s/it]\r 25%|██▌       | 213/852 [1:29:46\u003c5:29:39, 30.95s/it]\r 25%|██▌       | 213/852 [1:29:46\u003c5:29:39, 30.95s/it]\n"}
,{"stream_name":"stderr","time":5626.178466367,"data":"\r 25%|██▌       | 213/852 [1:29:46\u003c5:29:39, 30.95s/it]\r 25%|██▌       | 214/852 [1:30:14\u003c5:19:59, 30.09s/it]\r 25%|██▌       | 214/852 [1:30:14\u003c5:19:59, 30.09s/it]\n"}
,{"stream_name":"stderr","time":5653.928862812,"data":"\r 25%|██▌       | 214/852 [1:30:14\u003c5:19:59, 30.09s/it]\r 25%|██▌       | 215/852 [1:30:42\u003c5:12:05, 29.40s/it]\r 25%|██▌       | 215/852 [1:30:42\u003c5:12:05, 29.40s/it]\n"}
,{"stream_name":"stderr","time":5681.135124115,"data":"\r 25%|██▌       | 215/852 [1:30:42\u003c5:12:05, 29.40s/it]\r 25%|██▌       | 216/852 [1:31:09\u003c5:04:36, 28.74s/it]\r 25%|██▌       | 216/852 [1:31:09\u003c5:04:36, 28.74s/it]\n"}
,{"stream_name":"stderr","time":5707.685529216,"data":"\r 25%|██▌       | 216/852 [1:31:09\u003c5:04:36, 28.74s/it]\r 25%|██▌       | 217/852 [1:31:36\u003c4:57:13, 28.08s/it]\r 25%|██▌       | 217/852 [1:31:36\u003c4:57:13, 28.08s/it]\n"}
,{"stream_name":"stderr","time":5734.111671485,"data":"\r 25%|██▌       | 217/852 [1:31:36\u003c4:57:13, 28.08s/it]\r 26%|██▌       | 218/852 [1:32:02\u003c4:51:27, 27.58s/it]\r 26%|██▌       | 218/852 [1:32:02\u003c4:51:27, 27.58s/it]\n"}
,{"stream_name":"stderr","time":5760.327270099,"data":"\r 26%|██▌       | 218/852 [1:32:02\u003c4:51:27, 27.58s/it]\r 26%|██▌       | 219/852 [1:32:28\u003c4:46:42, 27.18s/it]\r 26%|██▌       | 219/852 [1:32:28\u003c4:46:42, 27.18s/it]\n"}
,{"stream_name":"stderr","time":5784.419899683,"data":"\r 26%|██▌       | 219/852 [1:32:28\u003c4:46:42, 27.18s/it]\r 26%|██▌       | 220/852 [1:32:52\u003c4:36:28, 26.25s/it]\r                                                     \r\r 26%|██▌       | 220/852 [1:32:52\u003c4:36:28, 26.25s/it]\r 26%|██▌       | 220/852 [1:32:52\u003c4:36:28, 26.25s/it]\r                                                     \r\r 26%|██▌       | 220/852 [1:32:52\u003c4:36:28, 26.25s/it]\n"}
,{"stream_name":"stderr","time":5807.736160468,"data":"\r 26%|██▌       | 220/852 [1:32:52\u003c4:36:28, 26.25s/it]\r                                                     \r\r 26%|██▌       | 220/852 [1:32:52\u003c4:36:28, 26.25s/it]\r 26%|██▌       | 221/852 [1:33:16\u003c4:26:49, 25.37s/it]\r 26%|██▌       | 221/852 [1:33:16\u003c4:26:49, 25.37s/it]\n"}
,{"stream_name":"stderr","time":5831.107191115,"data":"\r 26%|██▌       | 221/852 [1:33:16\u003c4:26:49, 25.37s/it]\r 26%|██▌       | 222/852 [1:33:39\u003c4:20:01, 24.76s/it]\r 26%|██▌       | 222/852 [1:33:39\u003c4:20:01, 24.76s/it]\n"}
,{"stream_name":"stderr","time":5854.571491339,"data":"\r 26%|██▌       | 222/852 [1:33:39\u003c4:20:01, 24.76s/it]\r 26%|██▌       | 223/852 [1:34:02\u003c4:15:35, 24.38s/it]\r 26%|██▌       | 223/852 [1:34:02\u003c4:15:35, 24.38s/it]\n"}
,{"stream_name":"stderr","time":5877.646134385,"data":"\r 26%|██▌       | 223/852 [1:34:02\u003c4:15:35, 24.38s/it]\r 26%|██▋       | 224/852 [1:34:25\u003c4:11:03, 23.99s/it]\r 26%|██▋       | 224/852 [1:34:25\u003c4:11:03, 23.99s/it]\n"}
,{"stream_name":"stderr","time":5900.249064042,"data":"\r 26%|██▋       | 224/852 [1:34:25\u003c4:11:03, 23.99s/it]\r 26%|██▋       | 225/852 [1:34:48\u003c4:06:21, 23.57s/it]\r 26%|██▋       | 225/852 [1:34:48\u003c4:06:21, 23.57s/it]\n"}
,{"stream_name":"stderr","time":5922.622568286,"data":"\r 26%|██▋       | 225/852 [1:34:48\u003c4:06:21, 23.57s/it]\r 27%|██▋       | 226/852 [1:35:10\u003c4:02:09, 23.21s/it]\r 27%|██▋       | 226/852 [1:35:10\u003c4:02:09, 23.21s/it]\n"}
,{"stream_name":"stderr","time":5944.786593161,"data":"\r 27%|██▋       | 226/852 [1:35:10\u003c4:02:09, 23.21s/it]\r 27%|██▋       | 227/852 [1:35:33\u003c3:58:32, 22.90s/it]\r 27%|██▋       | 227/852 [1:35:33\u003c3:58:32, 22.90s/it]\n"}
,{"stream_name":"stderr","time":5965.935125383,"data":"\r 27%|██▋       | 227/852 [1:35:33\u003c3:58:32, 22.90s/it]\r 27%|██▋       | 228/852 [1:35:54\u003c3:52:39, 22.37s/it]\r 27%|██▋       | 228/852 [1:35:54\u003c3:52:39, 22.37s/it]\n"}
,{"stream_name":"stderr","time":5986.708817547,"data":"\r 27%|██▋       | 228/852 [1:35:54\u003c3:52:39, 22.37s/it]\r 27%|██▋       | 229/852 [1:36:15\u003c3:47:20, 21.90s/it]\r 27%|██▋       | 229/852 [1:36:15\u003c3:47:20, 21.90s/it]\n"}
,{"stream_name":"stderr","time":6007.109978724,"data":"\r 27%|██▋       | 229/852 [1:36:15\u003c3:47:20, 21.90s/it]\r 27%|██▋       | 230/852 [1:36:35\u003c3:42:17, 21.44s/it]\r                                                     \r\r 27%|██▋       | 230/852 [1:36:35\u003c3:42:17, 21.44s/it]\r 27%|██▋       | 230/852 [1:36:35\u003c3:42:17, 21.44s/it]\r                                                     \r\r 27%|██▋       | 230/852 [1:36:35\u003c3:42:17, 21.44s/it]\n"}
,{"stream_name":"stderr","time":6027.277707531,"data":"\r 27%|██▋       | 230/852 [1:36:35\u003c3:42:17, 21.44s/it]\r                                                     \r\r 27%|██▋       | 230/852 [1:36:35\u003c3:42:17, 21.44s/it]\r 27%|██▋       | 231/852 [1:36:55\u003c3:38:01, 21.06s/it]\r 27%|██▋       | 231/852 [1:36:55\u003c3:38:01, 21.06s/it]\n"}
,{"stream_name":"stderr","time":6047.048002937,"data":"\r 27%|██▋       | 231/852 [1:36:55\u003c3:38:01, 21.06s/it]\r 27%|██▋       | 232/852 [1:37:15\u003c3:33:36, 20.67s/it]\r 27%|██▋       | 232/852 [1:37:15\u003c3:33:36, 20.67s/it]\n"}
,{"stream_name":"stderr","time":6065.809550677,"data":"\r 27%|██▋       | 232/852 [1:37:15\u003c3:33:36, 20.67s/it]\r 27%|██▋       | 233/852 [1:37:34\u003c3:27:23, 20.10s/it]\r 27%|██▋       | 233/852 [1:37:34\u003c3:27:23, 20.10s/it]\n"}
,{"stream_name":"stderr","time":6084.420479423,"data":"\r 27%|██▋       | 233/852 [1:37:34\u003c3:27:23, 20.10s/it]\r 27%|██▋       | 234/852 [1:37:52\u003c3:22:24, 19.65s/it]\r 27%|██▋       | 234/852 [1:37:52\u003c3:22:24, 19.65s/it]\n"}
,{"stream_name":"stderr","time":6102.620505693,"data":"\r 27%|██▋       | 234/852 [1:37:52\u003c3:22:24, 19.65s/it]\r 28%|██▊       | 235/852 [1:38:10\u003c3:17:38, 19.22s/it]\r 28%|██▊       | 235/852 [1:38:10\u003c3:17:38, 19.22s/it]\n"}
,{"stream_name":"stderr","time":6120.53732895,"data":"\r 28%|██▊       | 235/852 [1:38:10\u003c3:17:38, 19.22s/it]\r 28%|██▊       | 236/852 [1:38:28\u003c3:13:16, 18.83s/it]\r 28%|██▊       | 236/852 [1:38:28\u003c3:13:16, 18.83s/it]\n"}
,{"stream_name":"stderr","time":6135.917631867,"data":"\r 28%|██▊       | 236/852 [1:38:28\u003c3:13:16, 18.83s/it]\r 28%|██▊       | 237/852 [1:38:44\u003c3:02:24, 17.80s/it]\r 28%|██▊       | 237/852 [1:38:44\u003c3:02:24, 17.80s/it]\n"}
,{"stream_name":"stderr","time":6151.088921837,"data":"\r 28%|██▊       | 237/852 [1:38:44\u003c3:02:24, 17.80s/it]\r 28%|██▊       | 238/852 [1:38:59\u003c2:54:00, 17.00s/it]\r 28%|██▊       | 238/852 [1:38:59\u003c2:54:00, 17.00s/it]\n"}
,{"stream_name":"stderr","time":6166.15433333,"data":"\r 28%|██▊       | 238/852 [1:38:59\u003c2:54:00, 17.00s/it]\r 28%|██▊       | 239/852 [1:39:14\u003c2:47:49, 16.43s/it]\r 28%|██▊       | 239/852 [1:39:14\u003c2:47:49, 16.43s/it]\n"}
,{"stream_name":"stderr","time":6180.773974726,"data":"\r 28%|██▊       | 239/852 [1:39:14\u003c2:47:49, 16.43s/it]\r 28%|██▊       | 240/852 [1:39:29\u003c2:42:01, 15.88s/it]\r                                                     \r\r 28%|██▊       | 240/852 [1:39:29\u003c2:42:01, 15.88s/it]\r 28%|██▊       | 240/852 [1:39:29\u003c2:42:01, 15.88s/it]\r                                                     \r\r 28%|██▊       | 240/852 [1:39:29\u003c2:42:01, 15.88s/it]\n"}
,{"stream_name":"stderr","time":6194.371149601,"data":"\r 28%|██▊       | 240/852 [1:39:29\u003c2:42:01, 15.88s/it]\r                                                     \r\r 28%|██▊       | 240/852 [1:39:29\u003c2:42:01, 15.88s/it]\r 28%|██▊       | 241/852 [1:39:42\u003c2:34:42, 15.19s/it]\r 28%|██▊       | 241/852 [1:39:42\u003c2:34:42, 15.19s/it]\n"}
,{"stream_name":"stderr","time":6206.290081426,"data":"\r 28%|██▊       | 241/852 [1:39:42\u003c2:34:42, 15.19s/it]\r 28%|██▊       | 242/852 [1:39:54\u003c2:24:32, 14.22s/it]\r 28%|██▊       | 242/852 [1:39:54\u003c2:24:32, 14.22s/it]\n"}
,{"stream_name":"stderr","time":6216.873229176,"data":"\r 28%|██▊       | 242/852 [1:39:54\u003c2:24:32, 14.22s/it]\r 29%|██▊       | 243/852 [1:40:05\u003c2:13:14, 13.13s/it]\r 29%|██▊       | 243/852 [1:40:05\u003c2:13:14, 13.13s/it]\n"}
,{"stream_name":"stderr","time":6226.255715327,"data":"\r 29%|██▊       | 243/852 [1:40:05\u003c2:13:14, 13.13s/it]\r 29%|██▊       | 244/852 [1:40:14\u003c2:01:35, 12.00s/it]\r 29%|██▊       | 244/852 [1:40:14\u003c2:01:35, 12.00s/it]\n"}
,{"stream_name":"stderr","time":6234.470547621,"data":"\r 29%|██▊       | 244/852 [1:40:14\u003c2:01:35, 12.00s/it]\r 29%|██▉       | 245/852 [1:40:22\u003c1:49:56, 10.87s/it]\r 29%|██▉       | 245/852 [1:40:22\u003c1:49:56, 10.87s/it]\n"}
,{"stream_name":"stderr","time":6242.440617459,"data":"\r 29%|██▉       | 245/852 [1:40:22\u003c1:49:56, 10.87s/it]\r 29%|██▉       | 246/852 [1:40:30\u003c1:40:59, 10.00s/it]\r 29%|██▉       | 246/852 [1:40:30\u003c1:40:59, 10.00s/it]\n"}
,{"stream_name":"stderr","time":6250.148343771,"data":"\r 29%|██▉       | 246/852 [1:40:30\u003c1:40:59, 10.00s/it]\r 29%|██▉       | 247/852 [1:40:38\u003c1:33:53,  9.31s/it]\r 29%|██▉       | 247/852 [1:40:38\u003c1:33:53,  9.31s/it]\n"}
,{"stream_name":"stderr","time":6257.317206061,"data":"\r 29%|██▉       | 247/852 [1:40:38\u003c1:33:53,  9.31s/it]\r 29%|██▉       | 248/852 [1:40:45\u003c1:27:12,  8.66s/it]\r 29%|██▉       | 248/852 [1:40:45\u003c1:27:12,  8.66s/it]\n"}
,{"stream_name":"stderr","time":6264.184357123,"data":"\r 29%|██▉       | 248/852 [1:40:45\u003c1:27:12,  8.66s/it]\r 29%|██▉       | 249/852 [1:40:52\u003c1:21:42,  8.13s/it]\r 29%|██▉       | 249/852 [1:40:52\u003c1:21:42,  8.13s/it]\n"}
,{"stream_name":"stderr","time":6270.154322376,"data":"\r 29%|██▉       | 249/852 [1:40:52\u003c1:21:42,  8.13s/it]\r 29%|██▉       | 250/852 [1:40:58\u003c1:15:04,  7.48s/it]\r                                                     \r\r 29%|██▉       | 250/852 [1:40:58\u003c1:15:04,  7.48s/it]\r 29%|██▉       | 250/852 [1:40:58\u003c1:15:04,  7.48s/it]\r                                                     \r\r 29%|██▉       | 250/852 [1:40:58\u003c1:15:04,  7.48s/it]\n"}
,{"stream_name":"stderr","time":6339.165806224,"data":"\r 29%|██▉       | 250/852 [1:40:58\u003c1:15:04,  7.48s/it]\r                                                     \r\r 29%|██▉       | 250/852 [1:40:58\u003c1:15:04,  7.48s/it]\r 29%|██▉       | 251/852 [1:42:07\u003c4:19:48, 25.94s/it]\r 29%|██▉       | 251/852 [1:42:07\u003c4:19:48, 25.94s/it]\n"}
,{"stream_name":"stderr","time":6397.223101123,"data":"\r 29%|██▉       | 251/852 [1:42:07\u003c4:19:48, 25.94s/it]\r 30%|██▉       | 252/852 [1:43:05\u003c5:55:41, 35.57s/it]\r 30%|██▉       | 252/852 [1:43:05\u003c5:55:41, 35.57s/it]\n"}
,{"stream_name":"stderr","time":6451.647564694,"data":"\r 30%|██▉       | 252/852 [1:43:05\u003c5:55:41, 35.57s/it]\r 30%|██▉       | 253/852 [1:43:59\u003c6:51:34, 41.23s/it]\r 30%|██▉       | 253/852 [1:43:59\u003c6:51:34, 41.23s/it]\n"}
,{"stream_name":"stderr","time":6499.502858148,"data":"\r 30%|██▉       | 253/852 [1:43:59\u003c6:51:34, 41.23s/it]\r 30%|██▉       | 254/852 [1:44:47\u003c7:10:44, 43.22s/it]\r 30%|██▉       | 254/852 [1:44:47\u003c7:10:44, 43.22s/it]\n"}
,{"stream_name":"stderr","time":6542.019501926,"data":"\r 30%|██▉       | 254/852 [1:44:47\u003c7:10:44, 43.22s/it]\r 30%|██▉       | 255/852 [1:45:30\u003c7:07:55, 43.01s/it]\r 30%|██▉       | 255/852 [1:45:30\u003c7:07:55, 43.01s/it]\n"}
,{"stream_name":"stderr","time":6579.895259534,"data":"\r 30%|██▉       | 255/852 [1:45:30\u003c7:07:55, 43.01s/it]\r 30%|███       | 256/852 [1:46:08\u003c6:51:54, 41.47s/it]\r 30%|███       | 256/852 [1:46:08\u003c6:51:54, 41.47s/it]\n"}
,{"stream_name":"stderr","time":6615.987440258,"data":"\r 30%|███       | 256/852 [1:46:08\u003c6:51:54, 41.47s/it]\r 30%|███       | 257/852 [1:46:44\u003c6:35:13, 39.86s/it]\r 30%|███       | 257/852 [1:46:44\u003c6:35:13, 39.86s/it]\n"}
,{"stream_name":"stderr","time":6651.201018094,"data":"\r 30%|███       | 257/852 [1:46:44\u003c6:35:13, 39.86s/it]\r 30%|███       | 258/852 [1:47:19\u003c6:20:46, 38.46s/it]\r 30%|███       | 258/852 [1:47:19\u003c6:20:46, 38.46s/it]\n"}
,{"stream_name":"stderr","time":6683.066199477,"data":"\r 30%|███       | 258/852 [1:47:19\u003c6:20:46, 38.46s/it]\r 30%|███       | 259/852 [1:47:51\u003c6:00:34, 36.48s/it]\r 30%|███       | 259/852 [1:47:51\u003c6:00:34, 36.48s/it]\n"}
,{"stream_name":"stderr","time":6713.269337835,"data":"\r 30%|███       | 259/852 [1:47:51\u003c6:00:34, 36.48s/it]\r 31%|███       | 260/852 [1:48:21\u003c5:41:22, 34.60s/it]\r                                                     \r\r 31%|███       | 260/852 [1:48:21\u003c5:41:22, 34.60s/it]\r 31%|███       | 260/852 [1:48:21\u003c5:41:22, 34.60s/it]\r                                                     \r\r 31%|███       | 260/852 [1:48:21\u003c5:41:22, 34.60s/it]\n"}
,{"stream_name":"stderr","time":6742.667344875,"data":"\r 31%|███       | 260/852 [1:48:21\u003c5:41:22, 34.60s/it]\r                                                     \r\r 31%|███       | 260/852 [1:48:21\u003c5:41:22, 34.60s/it]\r 31%|███       | 261/852 [1:48:50\u003c5:25:28, 33.04s/it]\r 31%|███       | 261/852 [1:48:50\u003c5:25:28, 33.04s/it]\n"}
,{"stream_name":"stderr","time":6771.471809635,"data":"\r 31%|███       | 261/852 [1:48:50\u003c5:25:28, 33.04s/it]\r 31%|███       | 262/852 [1:49:19\u003c5:12:20, 31.76s/it]\r 31%|███       | 262/852 [1:49:19\u003c5:12:20, 31.76s/it]\n"}
,{"stream_name":"stderr","time":6800.491811697,"data":"\r 31%|███       | 262/852 [1:49:19\u003c5:12:20, 31.76s/it]\r 31%|███       | 263/852 [1:49:48\u003c5:03:48, 30.95s/it]\r 31%|███       | 263/852 [1:49:48\u003c5:03:48, 30.95s/it]\n"}
,{"stream_name":"stderr","time":6828.394831212,"data":"\r 31%|███       | 263/852 [1:49:48\u003c5:03:48, 30.95s/it]\r 31%|███       | 264/852 [1:50:16\u003c4:54:16, 30.03s/it]\r 31%|███       | 264/852 [1:50:16\u003c4:54:16, 30.03s/it]\n"}
,{"stream_name":"stderr","time":6855.825876274,"data":"\r 31%|███       | 264/852 [1:50:16\u003c4:54:16, 30.03s/it]\r 31%|███       | 265/852 [1:50:44\u003c4:46:12, 29.26s/it]\r 31%|███       | 265/852 [1:50:44\u003c4:46:12, 29.26s/it]\n"}
,{"stream_name":"stderr","time":6882.649379729,"data":"\r 31%|███       | 265/852 [1:50:44\u003c4:46:12, 29.26s/it]\r 31%|███       | 266/852 [1:51:10\u003c4:38:33, 28.52s/it]\r 31%|███       | 266/852 [1:51:10\u003c4:38:33, 28.52s/it]\n"}
,{"stream_name":"stderr","time":6909.158137729,"data":"\r 31%|███       | 266/852 [1:51:10\u003c4:38:33, 28.52s/it]\r 31%|███▏      | 267/852 [1:51:37\u003c4:32:14, 27.92s/it]\r 31%|███▏      | 267/852 [1:51:37\u003c4:32:14, 27.92s/it]\n"}
,{"stream_name":"stderr","time":6935.439435209,"data":"\r 31%|███▏      | 267/852 [1:51:37\u003c4:32:14, 27.92s/it]\r 31%|███▏      | 268/852 [1:52:03\u003c4:26:56, 27.43s/it]\r 31%|███▏      | 268/852 [1:52:03\u003c4:26:56, 27.43s/it]\n"}
,{"stream_name":"stderr","time":6961.636786722,"data":"\r 31%|███▏      | 268/852 [1:52:03\u003c4:26:56, 27.43s/it]\r 32%|███▏      | 269/852 [1:52:29\u003c4:22:56, 27.06s/it]\r 32%|███▏      | 269/852 [1:52:29\u003c4:22:56, 27.06s/it]\n"}
,{"stream_name":"stderr","time":6984.882675392,"data":"\r 32%|███▏      | 269/852 [1:52:29\u003c4:22:56, 27.06s/it]\r 32%|███▏      | 270/852 [1:52:53\u003c4:11:20, 25.91s/it]\r                                                     \r\r 32%|███▏      | 270/852 [1:52:53\u003c4:11:20, 25.91s/it]\r 32%|███▏      | 270/852 [1:52:53\u003c4:11:20, 25.91s/it]\r                                                     \r\r 32%|███▏      | 270/852 [1:52:53\u003c4:11:20, 25.91s/it]\n"}
,{"stream_name":"stderr","time":7008.143464744,"data":"\r 32%|███▏      | 270/852 [1:52:53\u003c4:11:20, 25.91s/it]\r                                                     \r\r 32%|███▏      | 270/852 [1:52:53\u003c4:11:20, 25.91s/it]\r 32%|███▏      | 271/852 [1:53:16\u003c4:03:15, 25.12s/it]\r 32%|███▏      | 271/852 [1:53:16\u003c4:03:15, 25.12s/it]\n"}
,{"stream_name":"stderr","time":7031.345368884,"data":"\r 32%|███▏      | 271/852 [1:53:16\u003c4:03:15, 25.12s/it]\r 32%|███▏      | 272/852 [1:53:39\u003c3:57:13, 24.54s/it]\r 32%|███▏      | 272/852 [1:53:39\u003c3:57:13, 24.54s/it]\n"}
,{"stream_name":"stderr","time":7054.688939393,"data":"\r 32%|███▏      | 272/852 [1:53:39\u003c3:57:13, 24.54s/it]\r 32%|███▏      | 273/852 [1:54:03\u003c3:53:23, 24.19s/it]\r 32%|███▏      | 273/852 [1:54:03\u003c3:53:23, 24.19s/it]\n"}
,{"stream_name":"stderr","time":7077.498383323,"data":"\r 32%|███▏      | 273/852 [1:54:03\u003c3:53:23, 24.19s/it]\r 32%|███▏      | 274/852 [1:54:25\u003c3:48:58, 23.77s/it]\r 32%|███▏      | 274/852 [1:54:25\u003c3:48:58, 23.77s/it]\n"}
,{"stream_name":"stderr","time":7099.870263243,"data":"\r 32%|███▏      | 274/852 [1:54:25\u003c3:48:58, 23.77s/it]\r 32%|███▏      | 275/852 [1:54:48\u003c3:44:35, 23.35s/it]\r 32%|███▏      | 275/852 [1:54:48\u003c3:44:35, 23.35s/it]\n"}
,{"stream_name":"stderr","time":7122.020803066,"data":"\r 32%|███▏      | 275/852 [1:54:48\u003c3:44:35, 23.35s/it]\r 32%|███▏      | 276/852 [1:55:10\u003c3:40:41, 22.99s/it]\r 32%|███▏      | 276/852 [1:55:10\u003c3:40:41, 22.99s/it]\n"}
,{"stream_name":"stderr","time":7143.290928349,"data":"\r 32%|███▏      | 276/852 [1:55:10\u003c3:40:41, 22.99s/it]\r 33%|███▎      | 277/852 [1:55:31\u003c3:35:24, 22.48s/it]\r 33%|███▎      | 277/852 [1:55:31\u003c3:35:24, 22.48s/it]\n"}
,{"stream_name":"stderr","time":7163.995220633,"data":"\r 33%|███▎      | 277/852 [1:55:31\u003c3:35:24, 22.48s/it]\r 33%|███▎      | 278/852 [1:55:52\u003c3:29:54, 21.94s/it]\r 33%|███▎      | 278/852 [1:55:52\u003c3:29:54, 21.94s/it]\n"}
,{"stream_name":"stderr","time":7184.384247474,"data":"\r 33%|███▎      | 278/852 [1:55:52\u003c3:29:54, 21.94s/it]\r 33%|███▎      | 279/852 [1:56:12\u003c3:25:07, 21.48s/it]\r 33%|███▎      | 279/852 [1:56:12\u003c3:25:07, 21.48s/it]\n"}
,{"stream_name":"stderr","time":7204.702390631,"data":"\r 33%|███▎      | 279/852 [1:56:12\u003c3:25:07, 21.48s/it]\r 33%|███▎      | 280/852 [1:56:33\u003c3:21:24, 21.13s/it]\r                                                     \r\r 33%|███▎      | 280/852 [1:56:33\u003c3:21:24, 21.13s/it]\r 33%|███▎      | 280/852 [1:56:33\u003c3:21:24, 21.13s/it]\r                                                     \r\r 33%|███▎      | 280/852 [1:56:33\u003c3:21:24, 21.13s/it]\n"}
,{"stream_name":"stderr","time":7224.838366442,"data":"\r 33%|███▎      | 280/852 [1:56:33\u003c3:21:24, 21.13s/it]\r                                                     \r\r 33%|███▎      | 280/852 [1:56:33\u003c3:21:24, 21.13s/it]\r 33%|███▎      | 281/852 [1:56:53\u003c3:18:16, 20.83s/it]\r 33%|███▎      | 281/852 [1:56:53\u003c3:18:16, 20.83s/it]\n"}
,{"stream_name":"stderr","time":7244.349390371,"data":"\r 33%|███▎      | 281/852 [1:56:53\u003c3:18:16, 20.83s/it]\r 33%|███▎      | 282/852 [1:57:12\u003c3:14:06, 20.43s/it]\r 33%|███▎      | 282/852 [1:57:12\u003c3:14:06, 20.43s/it]\n"}
,{"stream_name":"stderr","time":7262.937981781,"data":"\r 33%|███▎      | 282/852 [1:57:12\u003c3:14:06, 20.43s/it]\r 33%|███▎      | 283/852 [1:57:31\u003c3:08:33, 19.88s/it]\r 33%|███▎      | 283/852 [1:57:31\u003c3:08:33, 19.88s/it]\n"}
,{"stream_name":"stderr","time":7281.202760825,"data":"\r 33%|███▎      | 283/852 [1:57:31\u003c3:08:33, 19.88s/it]\r 33%|███▎      | 284/852 [1:57:49\u003c3:03:35, 19.39s/it]\r 33%|███▎      | 284/852 [1:57:49\u003c3:03:35, 19.39s/it]\n"}
,{"stream_name":"stderr","time":7299.163233054,"data":"\r 33%|███▎      | 284/852 [1:57:49\u003c3:03:35, 19.39s/it]\r 33%|███▎      | 285/852 [1:58:07\u003c2:59:14, 18.97s/it]\r 33%|███▎      | 285/852 [1:58:07\u003c2:59:14, 18.97s/it]\n"}
,{"stream_name":"stderr","time":7315.178899511,"data":"\r 33%|███▎      | 285/852 [1:58:07\u003c2:59:14, 18.97s/it]\r 34%|███▎      | 286/852 [1:58:23\u003c2:50:31, 18.08s/it]\r 34%|███▎      | 286/852 [1:58:23\u003c2:50:31, 18.08s/it]\n"}
,{"stream_name":"stderr","time":7330.389662821,"data":"\r 34%|███▎      | 286/852 [1:58:23\u003c2:50:31, 18.08s/it]\r 34%|███▎      | 287/852 [1:58:38\u003c2:42:10, 17.22s/it]\r 34%|███▎      | 287/852 [1:58:38\u003c2:42:10, 17.22s/it]\n"}
,{"stream_name":"stderr","time":7345.470652907,"data":"\r 34%|███▎      | 287/852 [1:58:38\u003c2:42:10, 17.22s/it]\r 34%|███▍      | 288/852 [1:58:53\u003c2:35:48, 16.58s/it]\r 34%|███▍      | 288/852 [1:58:53\u003c2:35:48, 16.58s/it]\n"}
,{"stream_name":"stderr","time":7360.307128204,"data":"\r 34%|███▍      | 288/852 [1:58:53\u003c2:35:48, 16.58s/it]\r 34%|███▍      | 289/852 [1:59:08\u003c2:30:40, 16.06s/it]\r 34%|███▍      | 289/852 [1:59:08\u003c2:30:40, 16.06s/it]\n"}
,{"stream_name":"stderr","time":7374.586790607,"data":"\r 34%|███▍      | 289/852 [1:59:08\u003c2:30:40, 16.06s/it]\r 34%|███▍      | 290/852 [1:59:22\u003c2:25:24, 15.52s/it]\r                                                     \r\r 34%|███▍      | 290/852 [1:59:22\u003c2:25:24, 15.52s/it]\r 34%|███▍      | 290/852 [1:59:22\u003c2:25:24, 15.52s/it]\r                                                     \r\r 34%|███▍      | 290/852 [1:59:22\u003c2:25:24, 15.52s/it]\n"}
,{"stream_name":"stderr","time":7387.503622837,"data":"\r 34%|███▍      | 290/852 [1:59:22\u003c2:25:24, 15.52s/it]\r                                                     \r\r 34%|███▍      | 290/852 [1:59:22\u003c2:25:24, 15.52s/it]\r 34%|███▍      | 291/852 [1:59:35\u003c2:17:47, 14.74s/it]\r 34%|███▍      | 291/852 [1:59:35\u003c2:17:47, 14.74s/it]\n"}
,{"stream_name":"stderr","time":7399.83594429,"data":"\r 34%|███▍      | 291/852 [1:59:35\u003c2:17:47, 14.74s/it]\r 34%|███▍      | 292/852 [1:59:48\u003c2:10:51, 14.02s/it]\r 34%|███▍      | 292/852 [1:59:48\u003c2:10:51, 14.02s/it]\n"}
,{"stream_name":"stderr","time":7410.311633752,"data":"\r 34%|███▍      | 292/852 [1:59:48\u003c2:10:51, 14.02s/it]\r 34%|███▍      | 293/852 [1:59:58\u003c2:00:43, 12.96s/it]\r 34%|███▍      | 293/852 [1:59:58\u003c2:00:43, 12.96s/it]\n"}
,{"stream_name":"stderr","time":7419.082093244,"data":"\r 34%|███▍      | 293/852 [1:59:58\u003c2:00:43, 12.96s/it]\r 35%|███▍      | 294/852 [2:00:07\u003c1:48:47, 11.70s/it]\r 35%|███▍      | 294/852 [2:00:07\u003c1:48:47, 11.70s/it]\n"}
,{"stream_name":"stderr","time":7427.299699022,"data":"\r 35%|███▍      | 294/852 [2:00:07\u003c1:48:47, 11.70s/it]\r 35%|███▍      | 295/852 [2:00:15\u003c1:38:56, 10.66s/it]\r 35%|███▍      | 295/852 [2:00:15\u003c1:38:56, 10.66s/it]\n"}
,{"stream_name":"stderr","time":7435.190491985,"data":"\r 35%|███▍      | 295/852 [2:00:15\u003c1:38:56, 10.66s/it]\r 35%|███▍      | 296/852 [2:00:23\u003c1:31:04,  9.83s/it]\r 35%|███▍      | 296/852 [2:00:23\u003c1:31:04,  9.83s/it]\n"}
,{"stream_name":"stderr","time":7442.780202549,"data":"\r 35%|███▍      | 296/852 [2:00:23\u003c1:31:04,  9.83s/it]\r 35%|███▍      | 297/852 [2:00:31\u003c1:24:41,  9.16s/it]\r 35%|███▍      | 297/852 [2:00:31\u003c1:24:41,  9.16s/it]\n"}
,{"stream_name":"stderr","time":7449.898025804,"data":"\r 35%|███▍      | 297/852 [2:00:31\u003c1:24:41,  9.16s/it]\r 35%|███▍      | 298/852 [2:00:38\u003c1:18:51,  8.54s/it]\r 35%|███▍      | 298/852 [2:00:38\u003c1:18:51,  8.54s/it]\n"}
,{"stream_name":"stderr","time":7456.713371742,"data":"\r 35%|███▍      | 298/852 [2:00:38\u003c1:18:51,  8.54s/it]\r 35%|███▌      | 299/852 [2:00:45\u003c1:13:59,  8.03s/it]\r 35%|███▌      | 299/852 [2:00:45\u003c1:13:59,  8.03s/it]\n"}
,{"stream_name":"stderr","time":7462.994176669,"data":"\r 35%|███▌      | 299/852 [2:00:45\u003c1:13:59,  8.03s/it]\r 35%|███▌      | 300/852 [2:00:51\u003c1:09:01,  7.50s/it]\r                                                     \r\r 35%|███▌      | 300/852 [2:00:51\u003c1:09:01,  7.50s/it]\r 35%|███▌      | 300/852 [2:00:51\u003c1:09:01,  7.50s/it]\r                                                     \r\r 35%|███▌      | 300/852 [2:00:51\u003c1:09:01,  7.50s/it]\n"}
,{"stream_name":"stderr","time":7536.377160056,"data":"\r 35%|███▌      | 300/852 [2:00:51\u003c1:09:01,  7.50s/it]\r                                                     \r\r 35%|███▌      | 300/852 [2:00:51\u003c1:09:01,  7.50s/it]\r 35%|███▌      | 301/852 [2:02:04\u003c4:10:21, 27.26s/it]\r 35%|███▌      | 301/852 [2:02:04\u003c4:10:21, 27.26s/it]\n"}
,{"stream_name":"stderr","time":7594.940616688,"data":"\r 35%|███▌      | 301/852 [2:02:04\u003c4:10:21, 27.26s/it]\r 35%|███▌      | 302/852 [2:03:03\u003c5:35:57, 36.65s/it]\r 35%|███▌      | 302/852 [2:03:03\u003c5:35:57, 36.65s/it]\n"}
,{"stream_name":"stderr","time":7649.062704978,"data":"\r 35%|███▌      | 302/852 [2:03:03\u003c5:35:57, 36.65s/it]\r 36%|███▌      | 303/852 [2:03:57\u003c6:23:19, 41.89s/it]\r 36%|███▌      | 303/852 [2:03:57\u003c6:23:19, 41.89s/it]\n"}
,{"stream_name":"stderr","time":7696.563787286,"data":"\r 36%|███▌      | 303/852 [2:03:57\u003c6:23:19, 41.89s/it]\r 36%|███▌      | 304/852 [2:04:44\u003c6:37:57, 43.57s/it]\r 36%|███▌      | 304/852 [2:04:44\u003c6:37:57, 43.57s/it]\n"}
,{"stream_name":"stderr","time":7739.476792819,"data":"\r 36%|███▌      | 304/852 [2:04:44\u003c6:37:57, 43.57s/it]\r 36%|███▌      | 305/852 [2:05:27\u003c6:35:27, 43.38s/it]\r 36%|███▌      | 305/852 [2:05:27\u003c6:35:27, 43.38s/it]\n"}
,{"stream_name":"stderr","time":7778.55578252,"data":"\r 36%|███▌      | 305/852 [2:05:27\u003c6:35:27, 43.38s/it]\r 36%|███▌      | 306/852 [2:06:06\u003c6:23:00, 42.09s/it]\r 36%|███▌      | 306/852 [2:06:06\u003c6:23:00, 42.09s/it]\n"}
,{"stream_name":"stderr","time":7814.798802453,"data":"\r 36%|███▌      | 306/852 [2:06:06\u003c6:23:00, 42.09s/it]\r 36%|███▌      | 307/852 [2:06:43\u003c6:06:20, 40.33s/it]\r 36%|███▌      | 307/852 [2:06:43\u003c6:06:20, 40.33s/it]\n"}
,{"stream_name":"stderr","time":7849.582166028,"data":"\r 36%|███▌      | 307/852 [2:06:43\u003c6:06:20, 40.33s/it]\r 36%|███▌      | 308/852 [2:07:17\u003c5:50:36, 38.67s/it]\r 36%|███▌      | 308/852 [2:07:17\u003c5:50:36, 38.67s/it]\n"}
,{"stream_name":"stderr","time":7883.419546068,"data":"\r 36%|███▌      | 308/852 [2:07:17\u003c5:50:36, 38.67s/it]\r 36%|███▋      | 309/852 [2:07:51\u003c5:36:50, 37.22s/it]\r 36%|███▋      | 309/852 [2:07:51\u003c5:36:50, 37.22s/it]\n"}
,{"stream_name":"stderr","time":7913.71231158,"data":"\r 36%|███▋      | 309/852 [2:07:51\u003c5:36:50, 37.22s/it]\r 36%|███▋      | 310/852 [2:08:22\u003c5:17:26, 35.14s/it]\r                                                     \r\r 36%|███▋      | 310/852 [2:08:22\u003c5:17:26, 35.14s/it]\r 36%|███▋      | 310/852 [2:08:22\u003c5:17:26, 35.14s/it]\r                                                     \r\r 36%|███▋      | 310/852 [2:08:22\u003c5:17:26, 35.14s/it]\n"}
,{"stream_name":"stderr","time":7943.017824014,"data":"\r 36%|███▋      | 310/852 [2:08:22\u003c5:17:26, 35.14s/it]\r                                                     \r\r 36%|███▋      | 310/852 [2:08:22\u003c5:17:26, 35.14s/it]\r 37%|███▋      | 311/852 [2:08:51\u003c5:01:07, 33.40s/it]\r 37%|███▋      | 311/852 [2:08:51\u003c5:01:07, 33.40s/it]\n"}
,{"stream_name":"stderr","time":7971.620664695,"data":"\r 37%|███▋      | 311/852 [2:08:51\u003c5:01:07, 33.40s/it]\r 37%|███▋      | 312/852 [2:09:19\u003c4:47:34, 31.95s/it]\r 37%|███▋      | 312/852 [2:09:19\u003c4:47:34, 31.95s/it]\n"}
,{"stream_name":"stderr","time":8000.585409981,"data":"\r 37%|███▋      | 312/852 [2:09:19\u003c4:47:34, 31.95s/it]\r 37%|███▋      | 313/852 [2:09:48\u003c4:39:02, 31.06s/it]\r 37%|███▋      | 313/852 [2:09:48\u003c4:39:02, 31.06s/it]\n"}
,{"stream_name":"stderr","time":8028.663120996,"data":"\r 37%|███▋      | 313/852 [2:09:48\u003c4:39:02, 31.06s/it]\r 37%|███▋      | 314/852 [2:10:16\u003c4:30:27, 30.16s/it]\r 37%|███▋      | 314/852 [2:10:16\u003c4:30:27, 30.16s/it]\n"}
,{"stream_name":"stderr","time":8056.233270019,"data":"\r 37%|███▋      | 314/852 [2:10:16\u003c4:30:27, 30.16s/it]\r 37%|███▋      | 315/852 [2:10:44\u003c4:23:01, 29.39s/it]\r 37%|███▋      | 315/852 [2:10:44\u003c4:23:01, 29.39s/it]\n"}
,{"stream_name":"stderr","time":8083.218844143,"data":"\r 37%|███▋      | 315/852 [2:10:44\u003c4:23:01, 29.39s/it]\r 37%|███▋      | 316/852 [2:11:11\u003c4:16:03, 28.66s/it]\r 37%|███▋      | 316/852 [2:11:11\u003c4:16:03, 28.66s/it]\n"}
,{"stream_name":"stderr","time":8109.752825448,"data":"\r 37%|███▋      | 316/852 [2:11:11\u003c4:16:03, 28.66s/it]\r 37%|███▋      | 317/852 [2:11:38\u003c4:09:55, 28.03s/it]\r 37%|███▋      | 317/852 [2:11:38\u003c4:09:55, 28.03s/it]\n"}
,{"stream_name":"stderr","time":8136.166004886,"data":"\r 37%|███▋      | 317/852 [2:11:38\u003c4:09:55, 28.03s/it]\r 37%|███▋      | 318/852 [2:12:04\u003c4:05:06, 27.54s/it]\r 37%|███▋      | 318/852 [2:12:04\u003c4:05:06, 27.54s/it]\n"}
,{"stream_name":"stderr","time":8162.427896604,"data":"\r 37%|███▋      | 318/852 [2:12:04\u003c4:05:06, 27.54s/it]\r 37%|███▋      | 319/852 [2:12:30\u003c4:01:16, 27.16s/it]\r 37%|███▋      | 319/852 [2:12:30\u003c4:01:16, 27.16s/it]\n"}
,{"stream_name":"stderr","time":8188.245385797,"data":"\r 37%|███▋      | 319/852 [2:12:30\u003c4:01:16, 27.16s/it]\r 38%|███▊      | 320/852 [2:12:56\u003c3:57:11, 26.75s/it]\r                                                     \r\r 38%|███▊      | 320/852 [2:12:56\u003c3:57:11, 26.75s/it]\r 38%|███▊      | 320/852 [2:12:56\u003c3:57:11, 26.75s/it]\r                                                     \r\r 38%|███▊      | 320/852 [2:12:56\u003c3:57:11, 26.75s/it]\n"}
,{"stream_name":"stderr","time":8211.249123076,"data":"\r 38%|███▊      | 320/852 [2:12:56\u003c3:57:11, 26.75s/it]\r                                                     \r\r 38%|███▊      | 320/852 [2:12:56\u003c3:57:11, 26.75s/it]\r 38%|███▊      | 321/852 [2:13:19\u003c3:46:51, 25.63s/it]\r 38%|███▊      | 321/852 [2:13:19\u003c3:46:51, 25.63s/it]\n"}
,{"stream_name":"stderr","time":8234.869124303,"data":"\r 38%|███▊      | 321/852 [2:13:19\u003c3:46:51, 25.63s/it]\r 38%|███▊      | 322/852 [2:13:43\u003c3:41:03, 25.03s/it]\r 38%|███▊      | 322/852 [2:13:43\u003c3:41:03, 25.03s/it]\n"}
,{"stream_name":"stderr","time":8258.14878009,"data":"\r 38%|███▊      | 322/852 [2:13:43\u003c3:41:03, 25.03s/it]\r 38%|███▊      | 323/852 [2:14:06\u003c3:36:03, 24.51s/it]\r 38%|███▊      | 323/852 [2:14:06\u003c3:36:03, 24.51s/it]\n"}
,{"stream_name":"stderr","time":8281.48753639,"data":"\r 38%|███▊      | 323/852 [2:14:06\u003c3:36:03, 24.51s/it]\r 38%|███▊      | 324/852 [2:14:29\u003c3:32:31, 24.15s/it]\r 38%|███▊      | 324/852 [2:14:29\u003c3:32:31, 24.15s/it]\n"}
,{"stream_name":"stderr","time":8304.27134438,"data":"\r 38%|███▊      | 324/852 [2:14:29\u003c3:32:31, 24.15s/it]\r 38%|███▊      | 325/852 [2:14:52\u003c3:28:34, 23.75s/it]\r 38%|███▊      | 325/852 [2:14:52\u003c3:28:34, 23.75s/it]\n"}
,{"stream_name":"stderr","time":8326.646666331,"data":"\r 38%|███▊      | 325/852 [2:14:52\u003c3:28:34, 23.75s/it]\r 38%|███▊      | 326/852 [2:15:14\u003c3:24:30, 23.33s/it]\r 38%|███▊      | 326/852 [2:15:14\u003c3:24:30, 23.33s/it]\n"}
,{"stream_name":"stderr","time":8348.576907324,"data":"\r 38%|███▊      | 326/852 [2:15:14\u003c3:24:30, 23.33s/it]\r 38%|███▊      | 327/852 [2:15:36\u003c3:20:30, 22.91s/it]\r 38%|███▊      | 327/852 [2:15:36\u003c3:20:30, 22.91s/it]\n"}
,{"stream_name":"stderr","time":8369.426939819,"data":"\r 38%|███▊      | 327/852 [2:15:36\u003c3:20:30, 22.91s/it]\r 38%|███▊      | 328/852 [2:15:57\u003c3:14:38, 22.29s/it]\r 38%|███▊      | 328/852 [2:15:57\u003c3:14:38, 22.29s/it]\n"}
,{"stream_name":"stderr","time":8390.012500559,"data":"\r 38%|███▊      | 328/852 [2:15:57\u003c3:14:38, 22.29s/it]\r 39%|███▊      | 329/852 [2:16:18\u003c3:09:53, 21.79s/it]\r 39%|███▊      | 329/852 [2:16:18\u003c3:09:53, 21.79s/it]\n"}
,{"stream_name":"stderr","time":8410.559473774,"data":"\r 39%|███▊      | 329/852 [2:16:18\u003c3:09:53, 21.79s/it]\r 39%|███▊      | 330/852 [2:16:38\u003c3:06:15, 21.41s/it]\r                                                     \r\r 39%|███▊      | 330/852 [2:16:38\u003c3:06:15, 21.41s/it]\r 39%|███▊      | 330/852 [2:16:38\u003c3:06:15, 21.41s/it]\r                                                     \r\r 39%|███▊      | 330/852 [2:16:38\u003c3:06:15, 21.41s/it]\n"}
,{"stream_name":"stderr","time":8430.766409784,"data":"\r 39%|███▊      | 330/852 [2:16:38\u003c3:06:15, 21.41s/it]\r                                                     \r\r 39%|███▊      | 330/852 [2:16:38\u003c3:06:15, 21.41s/it]\r 39%|███▉      | 331/852 [2:16:59\u003c3:02:48, 21.05s/it]\r 39%|███▉      | 331/852 [2:16:59\u003c3:02:48, 21.05s/it]\n"}
,{"stream_name":"stderr","time":8449.951655643,"data":"\r 39%|███▉      | 331/852 [2:16:59\u003c3:02:48, 21.05s/it]\r 39%|███▉      | 332/852 [2:17:18\u003c2:57:33, 20.49s/it]\r 39%|███▉      | 332/852 [2:17:18\u003c2:57:33, 20.49s/it]\n"}
,{"stream_name":"stderr","time":8468.613772328,"data":"\r 39%|███▉      | 332/852 [2:17:18\u003c2:57:33, 20.49s/it]\r 39%|███▉      | 333/852 [2:17:36\u003c2:52:31, 19.94s/it]\r 39%|███▉      | 333/852 [2:17:36\u003c2:52:31, 19.94s/it]\n"}
,{"stream_name":"stderr","time":8486.814098618,"data":"\r 39%|███▉      | 333/852 [2:17:36\u003c2:52:31, 19.94s/it]\r 39%|███▉      | 334/852 [2:17:55\u003c2:47:37, 19.42s/it]\r 39%|███▉      | 334/852 [2:17:55\u003c2:47:37, 19.42s/it]\n"}
,{"stream_name":"stderr","time":8504.702314732,"data":"\r 39%|███▉      | 334/852 [2:17:55\u003c2:47:37, 19.42s/it]\r 39%|███▉      | 335/852 [2:18:13\u003c2:43:23, 18.96s/it]\r 39%|███▉      | 335/852 [2:18:13\u003c2:43:23, 18.96s/it]\n"}
,{"stream_name":"stderr","time":8520.105239436,"data":"\r 39%|███▉      | 335/852 [2:18:13\u003c2:43:23, 18.96s/it]\r 39%|███▉      | 336/852 [2:18:28\u003c2:33:50, 17.89s/it]\r 39%|███▉      | 336/852 [2:18:28\u003c2:33:50, 17.89s/it]\n"}
,{"stream_name":"stderr","time":8535.321247446,"data":"\r 39%|███▉      | 336/852 [2:18:28\u003c2:33:50, 17.89s/it]\r 40%|███▉      | 337/852 [2:18:43\u003c2:26:43, 17.09s/it]\r 40%|███▉      | 337/852 [2:18:43\u003c2:26:43, 17.09s/it]\n"}
,{"stream_name":"stderr","time":8550.413931492,"data":"\r 40%|███▉      | 337/852 [2:18:43\u003c2:26:43, 17.09s/it]\r 40%|███▉      | 338/852 [2:18:58\u003c2:21:15, 16.49s/it]\r 40%|███▉      | 338/852 [2:18:58\u003c2:21:15, 16.49s/it]\n"}
,{"stream_name":"stderr","time":8565.222675105,"data":"\r 40%|███▉      | 338/852 [2:18:58\u003c2:21:15, 16.49s/it]\r 40%|███▉      | 339/852 [2:19:13\u003c2:16:42, 15.99s/it]\r 40%|███▉      | 339/852 [2:19:13\u003c2:16:42, 15.99s/it]\n"}
,{"stream_name":"stderr","time":8579.589837819,"data":"\r 40%|███▉      | 339/852 [2:19:13\u003c2:16:42, 15.99s/it]\r 40%|███▉      | 340/852 [2:19:27\u003c2:12:17, 15.50s/it]\r                                                     \r\r 40%|███▉      | 340/852 [2:19:27\u003c2:12:17, 15.50s/it]\r 40%|███▉      | 340/852 [2:19:27\u003c2:12:17, 15.50s/it]\r                                                     \r\r 40%|███▉      | 340/852 [2:19:27\u003c2:12:17, 15.50s/it]\n"}
,{"stream_name":"stderr","time":8592.60454059,"data":"\r 40%|███▉      | 340/852 [2:19:27\u003c2:12:17, 15.50s/it]\r                                                     \r\r 40%|███▉      | 340/852 [2:19:27\u003c2:12:17, 15.50s/it]\r 40%|████      | 341/852 [2:19:40\u003c2:05:38, 14.75s/it]\r 40%|████      | 341/852 [2:19:40\u003c2:05:38, 14.75s/it]\n"}
,{"stream_name":"stderr","time":8604.617653507,"data":"\r 40%|████      | 341/852 [2:19:40\u003c2:05:38, 14.75s/it]\r 40%|████      | 342/852 [2:19:52\u003c1:58:26, 13.93s/it]\r 40%|████      | 342/852 [2:19:52\u003c1:58:26, 13.93s/it]\n"}
,{"stream_name":"stderr","time":8615.146980372,"data":"\r 40%|████      | 342/852 [2:19:52\u003c1:58:26, 13.93s/it]\r 40%|████      | 343/852 [2:20:03\u003c1:49:32, 12.91s/it]\r 40%|████      | 343/852 [2:20:03\u003c1:49:32, 12.91s/it]\n"}
,{"stream_name":"stderr","time":8624.768216063,"data":"\r 40%|████      | 343/852 [2:20:03\u003c1:49:32, 12.91s/it]\r 40%|████      | 344/852 [2:20:13\u003c1:40:55, 11.92s/it]\r 40%|████      | 344/852 [2:20:13\u003c1:40:55, 11.92s/it]\n"}
,{"stream_name":"stderr","time":8632.849691137,"data":"\r 40%|████      | 344/852 [2:20:13\u003c1:40:55, 11.92s/it]\r 40%|████      | 345/852 [2:20:21\u003c1:31:02, 10.77s/it]\r 40%|████      | 345/852 [2:20:21\u003c1:31:02, 10.77s/it]\n"}
,{"stream_name":"stderr","time":8640.513159002,"data":"\r 40%|████      | 345/852 [2:20:21\u003c1:31:02, 10.77s/it]\r 41%|████      | 346/852 [2:20:28\u003c1:22:59,  9.84s/it]\r 41%|████      | 346/852 [2:20:28\u003c1:22:59,  9.84s/it]\n"}
,{"stream_name":"stderr","time":8647.701661796,"data":"\r 41%|████      | 346/852 [2:20:28\u003c1:22:59,  9.84s/it]\r 41%|████      | 347/852 [2:20:36\u003c1:16:07,  9.05s/it]\r 41%|████      | 347/852 [2:20:36\u003c1:16:07,  9.05s/it]\n"}
,{"stream_name":"stderr","time":8654.696204588,"data":"\r 41%|████      | 347/852 [2:20:36\u003c1:16:07,  9.05s/it]\r 41%|████      | 348/852 [2:20:43\u003c1:10:48,  8.43s/it]\r 41%|████      | 348/852 [2:20:43\u003c1:10:48,  8.43s/it]\n"}
,{"stream_name":"stderr","time":8661.460319034,"data":"\r 41%|████      | 348/852 [2:20:43\u003c1:10:48,  8.43s/it]\r 41%|████      | 349/852 [2:20:49\u003c1:06:26,  7.93s/it]\r 41%|████      | 349/852 [2:20:49\u003c1:06:26,  7.93s/it]\n"}
,{"stream_name":"stderr","time":8667.538763361,"data":"\r 41%|████      | 349/852 [2:20:49\u003c1:06:26,  7.93s/it]\r 41%|████      | 350/852 [2:20:55\u003c1:01:42,  7.38s/it]\r                                                     \r\r 41%|████      | 350/852 [2:20:55\u003c1:01:42,  7.38s/it]\r 41%|████      | 350/852 [2:20:55\u003c1:01:42,  7.38s/it]\r                                                     \r\r 41%|████      | 350/852 [2:20:55\u003c1:01:42,  7.38s/it]\n"}
,{"stream_name":"stderr","time":8743.629788716,"data":"\r 41%|████      | 350/852 [2:20:55\u003c1:01:42,  7.38s/it]\r                                                     \r\r 41%|████      | 350/852 [2:20:55\u003c1:01:42,  7.38s/it]\r 41%|████      | 351/852 [2:22:11\u003c3:53:40, 27.99s/it]\r 41%|████      | 351/852 [2:22:11\u003c3:53:40, 27.99s/it]\n"}
,{"stream_name":"stderr","time":8806.355116767,"data":"\r 41%|████      | 351/852 [2:22:11\u003c3:53:40, 27.99s/it]\r 41%|████▏     | 352/852 [2:23:14\u003c5:20:03, 38.41s/it]\r 41%|████▏     | 352/852 [2:23:14\u003c5:20:03, 38.41s/it]\n"}
,{"stream_name":"stderr","time":8861.718869688,"data":"\r 41%|████▏     | 352/852 [2:23:14\u003c5:20:03, 38.41s/it]\r 41%|████▏     | 353/852 [2:24:10\u003c6:01:43, 43.49s/it]\r 41%|████▏     | 353/852 [2:24:10\u003c6:01:43, 43.49s/it]\n"}
,{"stream_name":"stderr","time":8911.806942546,"data":"\r 41%|████▏     | 353/852 [2:24:10\u003c6:01:43, 43.49s/it]\r 42%|████▏     | 354/852 [2:25:00\u003c6:17:25, 45.47s/it]\r 42%|████▏     | 354/852 [2:25:00\u003c6:17:25, 45.47s/it]\n"}
,{"stream_name":"stderr","time":8956.562525775,"data":"\r 42%|████▏     | 354/852 [2:25:00\u003c6:17:25, 45.47s/it]\r 42%|████▏     | 355/852 [2:25:44\u003c6:14:52, 45.26s/it]\r 42%|████▏     | 355/852 [2:25:44\u003c6:14:52, 45.26s/it]\n"}
,{"stream_name":"stderr","time":8996.423287308,"data":"\r 42%|████▏     | 355/852 [2:25:44\u003c6:14:52, 45.26s/it]\r 42%|████▏     | 356/852 [2:26:24\u003c6:00:44, 43.64s/it]\r 42%|████▏     | 356/852 [2:26:24\u003c6:00:44, 43.64s/it]\n"}
,{"stream_name":"stderr","time":9032.420378456,"data":"\r 42%|████▏     | 356/852 [2:26:24\u003c6:00:44, 43.64s/it]\r 42%|████▏     | 357/852 [2:27:00\u003c5:41:05, 41.35s/it]\r 42%|████▏     | 357/852 [2:27:00\u003c5:41:05, 41.35s/it]\n"}
,{"stream_name":"stderr","time":9067.861277814,"data":"\r 42%|████▏     | 357/852 [2:27:00\u003c5:41:05, 41.35s/it]\r 42%|████▏     | 358/852 [2:27:36\u003c5:25:49, 39.57s/it]\r 42%|████▏     | 358/852 [2:27:36\u003c5:25:49, 39.57s/it]\n"}
,{"stream_name":"stderr","time":9102.113544221,"data":"\r 42%|████▏     | 358/852 [2:27:36\u003c5:25:49, 39.57s/it]\r 42%|████▏     | 359/852 [2:28:10\u003c5:12:02, 37.98s/it]\r 42%|████▏     | 359/852 [2:28:10\u003c5:12:02, 37.98s/it]\n"}
,{"stream_name":"stderr","time":9132.577171892,"data":"\r 42%|████▏     | 359/852 [2:28:10\u003c5:12:02, 37.98s/it]\r 42%|████▏     | 360/852 [2:28:40\u003c4:52:56, 35.72s/it]\r                                                     \r\r 42%|████▏     | 360/852 [2:28:40\u003c4:52:56, 35.72s/it]\r 42%|████▏     | 360/852 [2:28:40\u003c4:52:56, 35.72s/it]\r                                                     \r\r 42%|████▏     | 360/852 [2:28:40\u003c4:52:56, 35.72s/it]\n"}
,{"stream_name":"stderr","time":9162.692101984,"data":"\r 42%|████▏     | 360/852 [2:28:40\u003c4:52:56, 35.72s/it]\r                                                     \r\r 42%|████▏     | 360/852 [2:28:40\u003c4:52:56, 35.72s/it]\r 42%|████▏     | 361/852 [2:29:11\u003c4:38:34, 34.04s/it]\r 42%|████▏     | 361/852 [2:29:11\u003c4:38:34, 34.04s/it]\n"}
,{"stream_name":"stderr","time":9192.153398927,"data":"\r 42%|████▏     | 361/852 [2:29:11\u003c4:38:34, 34.04s/it]\r 42%|████▏     | 362/852 [2:29:40\u003c4:26:49, 32.67s/it]\r 42%|████▏     | 362/852 [2:29:40\u003c4:26:49, 32.67s/it]\n"}
,{"stream_name":"stderr","time":9221.068306163,"data":"\r 42%|████▏     | 362/852 [2:29:40\u003c4:26:49, 32.67s/it]\r 43%|████▎     | 363/852 [2:30:09\u003c4:17:03, 31.54s/it]\r 43%|████▎     | 363/852 [2:30:09\u003c4:17:03, 31.54s/it]\n"}
,{"stream_name":"stderr","time":9249.07735868,"data":"\r 43%|████▎     | 363/852 [2:30:09\u003c4:17:03, 31.54s/it]\r 43%|████▎     | 364/852 [2:30:37\u003c4:07:57, 30.49s/it]\r 43%|████▎     | 364/852 [2:30:37\u003c4:07:57, 30.49s/it]\n"}
,{"stream_name":"stderr","time":9276.606111165,"data":"\r 43%|████▎     | 364/852 [2:30:37\u003c4:07:57, 30.49s/it]\r 43%|████▎     | 365/852 [2:31:04\u003c4:00:10, 29.59s/it]\r 43%|████▎     | 365/852 [2:31:04\u003c4:00:10, 29.59s/it]\n"}
,{"stream_name":"stderr","time":9303.479078014,"data":"\r 43%|████▎     | 365/852 [2:31:04\u003c4:00:10, 29.59s/it]\r 43%|████▎     | 366/852 [2:31:31\u003c3:53:08, 28.78s/it]\r 43%|████▎     | 366/852 [2:31:31\u003c3:53:08, 28.78s/it]\n"}
,{"stream_name":"stderr","time":9329.890489115,"data":"\r 43%|████▎     | 366/852 [2:31:31\u003c3:53:08, 28.78s/it]\r 43%|████▎     | 367/852 [2:31:58\u003c3:46:52, 28.07s/it]\r 43%|████▎     | 367/852 [2:31:58\u003c3:46:52, 28.07s/it]\n"}
,{"stream_name":"stderr","time":9356.065612526,"data":"\r 43%|████▎     | 367/852 [2:31:58\u003c3:46:52, 28.07s/it]\r 43%|████▎     | 368/852 [2:32:24\u003c3:41:52, 27.50s/it]\r 43%|████▎     | 368/852 [2:32:24\u003c3:41:52, 27.50s/it]\n"}
,{"stream_name":"stderr","time":9380.558879543,"data":"\r 43%|████▎     | 368/852 [2:32:24\u003c3:41:52, 27.50s/it]\r 43%|████▎     | 369/852 [2:32:48\u003c3:34:05, 26.60s/it]\r 43%|████▎     | 369/852 [2:32:48\u003c3:34:05, 26.60s/it]\n"}
,{"stream_name":"stderr","time":9403.801783575,"data":"\r 43%|████▎     | 369/852 [2:32:48\u003c3:34:05, 26.60s/it]\r 43%|████▎     | 370/852 [2:33:12\u003c3:25:36, 25.59s/it]\r                                                     \r\r 43%|████▎     | 370/852 [2:33:12\u003c3:25:36, 25.59s/it]\r 43%|████▎     | 370/852 [2:33:12\u003c3:25:36, 25.59s/it]\r                                                     \r\r 43%|████▎     | 370/852 [2:33:12\u003c3:25:36, 25.59s/it]\n"}
,{"stream_name":"stderr","time":9427.099394289,"data":"\r 43%|████▎     | 370/852 [2:33:12\u003c3:25:36, 25.59s/it]\r                                                     \r\r 43%|████▎     | 370/852 [2:33:12\u003c3:25:36, 25.59s/it]\r 44%|████▎     | 371/852 [2:33:35\u003c3:19:36, 24.90s/it]\r 44%|████▎     | 371/852 [2:33:35\u003c3:19:36, 24.90s/it]\n"}
,{"stream_name":"stderr","time":9450.506356141,"data":"\r 44%|████▎     | 371/852 [2:33:35\u003c3:19:36, 24.90s/it]\r 44%|████▎     | 372/852 [2:33:58\u003c3:15:40, 24.46s/it]\r 44%|████▎     | 372/852 [2:33:58\u003c3:15:40, 24.46s/it]\n"}
,{"stream_name":"stderr","time":9473.368097761,"data":"\r 44%|████▎     | 372/852 [2:33:58\u003c3:15:40, 24.46s/it]\r 44%|████▍     | 373/852 [2:34:21\u003c3:11:22, 23.97s/it]\r 44%|████▍     | 373/852 [2:34:21\u003c3:11:22, 23.97s/it]\n"}
,{"stream_name":"stderr","time":9496.046788253,"data":"\r 44%|████▍     | 373/852 [2:34:21\u003c3:11:22, 23.97s/it]\r 44%|████▍     | 374/852 [2:34:44\u003c3:07:56, 23.59s/it]\r 44%|████▍     | 374/852 [2:34:44\u003c3:07:56, 23.59s/it]\n"}
,{"stream_name":"stderr","time":9518.620571306,"data":"\r 44%|████▍     | 374/852 [2:34:44\u003c3:07:56, 23.59s/it]\r 44%|████▍     | 375/852 [2:35:06\u003c3:05:03, 23.28s/it]\r 44%|████▍     | 375/852 [2:35:06\u003c3:05:03, 23.28s/it]\n"}
,{"stream_name":"stderr","time":9540.613425004,"data":"\r 44%|████▍     | 375/852 [2:35:06\u003c3:05:03, 23.28s/it]\r 44%|████▍     | 376/852 [2:35:28\u003c3:01:40, 22.90s/it]\r 44%|████▍     | 376/852 [2:35:28\u003c3:01:40, 22.90s/it]\n"}
,{"stream_name":"stderr","time":9561.494649533,"data":"\r 44%|████▍     | 376/852 [2:35:28\u003c3:01:40, 22.90s/it]\r 44%|████▍     | 377/852 [2:35:49\u003c2:56:26, 22.29s/it]\r 44%|████▍     | 377/852 [2:35:49\u003c2:56:26, 22.29s/it]\n"}
,{"stream_name":"stderr","time":9582.167662219,"data":"\r 44%|████▍     | 377/852 [2:35:49\u003c2:56:26, 22.29s/it]\r 44%|████▍     | 378/852 [2:36:10\u003c2:52:18, 21.81s/it]\r 44%|████▍     | 378/852 [2:36:10\u003c2:52:18, 21.81s/it]\n"}
,{"stream_name":"stderr","time":9602.739141549,"data":"\r 44%|████▍     | 378/852 [2:36:10\u003c2:52:18, 21.81s/it]\r 44%|████▍     | 379/852 [2:36:31\u003c2:48:58, 21.43s/it]\r 44%|████▍     | 379/852 [2:36:31\u003c2:48:58, 21.43s/it]\n"}
,{"stream_name":"stderr","time":9623.130632544,"data":"\r 44%|████▍     | 379/852 [2:36:31\u003c2:48:58, 21.43s/it]\r 45%|████▍     | 380/852 [2:36:51\u003c2:46:11, 21.13s/it]\r                                                     \r\r 45%|████▍     | 380/852 [2:36:51\u003c2:46:11, 21.13s/it]\r 45%|████▍     | 380/852 [2:36:51\u003c2:46:11, 21.13s/it]\r                                                     \r\r 45%|████▍     | 380/852 [2:36:51\u003c2:46:11, 21.13s/it]\n"}
,{"stream_name":"stderr","time":9643.015601295,"data":"\r 45%|████▍     | 380/852 [2:36:51\u003c2:46:11, 21.13s/it]\r                                                     \r\r 45%|████▍     | 380/852 [2:36:51\u003c2:46:11, 21.13s/it]\r 45%|████▍     | 381/852 [2:37:11\u003c2:42:52, 20.75s/it]\r 45%|████▍     | 381/852 [2:37:11\u003c2:42:52, 20.75s/it]\n"}
,{"stream_name":"stderr","time":9661.797812656,"data":"\r 45%|████▍     | 381/852 [2:37:11\u003c2:42:52, 20.75s/it]\r 45%|████▍     | 382/852 [2:37:30\u003c2:37:57, 20.16s/it]\r 45%|████▍     | 382/852 [2:37:30\u003c2:37:57, 20.16s/it]\n"}
,{"stream_name":"stderr","time":9680.278826843,"data":"\r 45%|████▍     | 382/852 [2:37:30\u003c2:37:57, 20.16s/it]\r 45%|████▍     | 383/852 [2:37:48\u003c2:33:37, 19.65s/it]\r 45%|████▍     | 383/852 [2:37:48\u003c2:33:37, 19.65s/it]\n"}
,{"stream_name":"stderr","time":9698.277222483,"data":"\r 45%|████▍     | 383/852 [2:37:48\u003c2:33:37, 19.65s/it]\r 45%|████▌     | 384/852 [2:38:06\u003c2:29:28, 19.16s/it]\r 45%|████▌     | 384/852 [2:38:06\u003c2:29:28, 19.16s/it]\n"}
,{"stream_name":"stderr","time":9713.991404928,"data":"\r 45%|████▌     | 384/852 [2:38:06\u003c2:29:28, 19.16s/it]\r 45%|████▌     | 385/852 [2:38:22\u003c2:21:01, 18.12s/it]\r 45%|████▌     | 385/852 [2:38:22\u003c2:21:01, 18.12s/it]\n"}
,{"stream_name":"stderr","time":9729.161105203,"data":"\r 45%|████▌     | 385/852 [2:38:22\u003c2:21:01, 18.12s/it]\r 45%|████▌     | 386/852 [2:38:37\u003c2:13:55, 17.24s/it]\r 45%|████▌     | 386/852 [2:38:37\u003c2:13:55, 17.24s/it]\n"}
,{"stream_name":"stderr","time":9744.208953125,"data":"\r 45%|████▌     | 386/852 [2:38:37\u003c2:13:55, 17.24s/it]\r 45%|████▌     | 387/852 [2:38:52\u003c2:08:29, 16.58s/it]\r 45%|████▌     | 387/852 [2:38:52\u003c2:08:29, 16.58s/it]\n"}
,{"stream_name":"stderr","time":9759.062311352,"data":"\r 45%|████▌     | 387/852 [2:38:52\u003c2:08:29, 16.58s/it]\r 46%|████▌     | 388/852 [2:39:07\u003c2:04:14, 16.07s/it]\r 46%|████▌     | 388/852 [2:39:07\u003c2:04:14, 16.07s/it]\n"}
,{"stream_name":"stderr","time":9773.435902998,"data":"\r 46%|████▌     | 388/852 [2:39:07\u003c2:04:14, 16.07s/it]\r 46%|████▌     | 389/852 [2:39:21\u003c2:00:03, 15.56s/it]\r 46%|████▌     | 389/852 [2:39:21\u003c2:00:03, 15.56s/it]\n"}
,{"stream_name":"stderr","time":9787.048299606,"data":"\r 46%|████▌     | 389/852 [2:39:21\u003c2:00:03, 15.56s/it]\r 46%|████▌     | 390/852 [2:39:35\u003c1:55:15, 14.97s/it]\r                                                     \r\r 46%|████▌     | 390/852 [2:39:35\u003c1:55:15, 14.97s/it]\r 46%|████▌     | 390/852 [2:39:35\u003c1:55:15, 14.97s/it]\r                                                     \r\r 46%|████▌     | 390/852 [2:39:35\u003c1:55:15, 14.97s/it]\n"}
,{"stream_name":"stderr","time":9799.463860014,"data":"\r 46%|████▌     | 390/852 [2:39:35\u003c1:55:15, 14.97s/it]\r                                                     \r\r 46%|████▌     | 390/852 [2:39:35\u003c1:55:15, 14.97s/it]\r 46%|████▌     | 391/852 [2:39:47\u003c1:49:10, 14.21s/it]\r 46%|████▌     | 391/852 [2:39:47\u003c1:49:10, 14.21s/it]\n"}
,{"stream_name":"stderr","time":9810.304903408,"data":"\r 46%|████▌     | 391/852 [2:39:47\u003c1:49:10, 14.21s/it]\r 46%|████▌     | 392/852 [2:39:58\u003c1:41:11, 13.20s/it]\r 46%|████▌     | 392/852 [2:39:58\u003c1:41:11, 13.20s/it]\n"}
,{"stream_name":"stderr","time":9819.810771631,"data":"\r 46%|████▌     | 392/852 [2:39:58\u003c1:41:11, 13.20s/it]\r 46%|████▌     | 393/852 [2:40:08\u003c1:32:26, 12.08s/it]\r 46%|████▌     | 393/852 [2:40:08\u003c1:32:26, 12.08s/it]\n"}
,{"stream_name":"stderr","time":9828.086153385,"data":"\r 46%|████▌     | 393/852 [2:40:08\u003c1:32:26, 12.08s/it]\r 46%|████▌     | 394/852 [2:40:16\u003c1:23:34, 10.95s/it]\r 46%|████▌     | 394/852 [2:40:16\u003c1:23:34, 10.95s/it]\n"}
,{"stream_name":"stderr","time":9835.988324364,"data":"\r 46%|████▌     | 394/852 [2:40:16\u003c1:23:34, 10.95s/it]\r 46%|████▋     | 395/852 [2:40:24\u003c1:16:25, 10.03s/it]\r 46%|████▋     | 395/852 [2:40:24\u003c1:16:25, 10.03s/it]\n"}
,{"stream_name":"stderr","time":9843.500988109,"data":"\r 46%|████▋     | 395/852 [2:40:24\u003c1:16:25, 10.03s/it]\r 46%|████▋     | 396/852 [2:40:31\u003c1:10:30,  9.28s/it]\r 46%|████▋     | 396/852 [2:40:31\u003c1:10:30,  9.28s/it]\n"}
,{"stream_name":"stderr","time":9850.624023988,"data":"\r 46%|████▋     | 396/852 [2:40:31\u003c1:10:30,  9.28s/it]\r 47%|████▋     | 397/852 [2:40:38\u003c1:05:24,  8.63s/it]\r 47%|████▋     | 397/852 [2:40:38\u003c1:05:24,  8.63s/it]\n"}
,{"stream_name":"stderr","time":9857.519193677,"data":"\r 47%|████▋     | 397/852 [2:40:38\u003c1:05:24,  8.63s/it]\r 47%|████▋     | 398/852 [2:40:45\u003c1:01:22,  8.11s/it]\r 47%|████▋     | 398/852 [2:40:45\u003c1:01:22,  8.11s/it]\n"}
,{"stream_name":"stderr","time":9864.237210685,"data":"\r 47%|████▋     | 398/852 [2:40:45\u003c1:01:22,  8.11s/it]\r 47%|████▋     | 399/852 [2:40:52\u003c58:05,  7.69s/it]  \r 47%|████▋     | 399/852 [2:40:52\u003c58:05,  7.69s/it]  \n"}
,{"stream_name":"stderr","time":9870.296093271,"data":"\r 47%|████▋     | 399/852 [2:40:52\u003c58:05,  7.69s/it]  \r 47%|████▋     | 400/852 [2:40:58\u003c54:15,  7.20s/it]\r                                                   \r\r 47%|████▋     | 400/852 [2:40:58\u003c54:15,  7.20s/it]\r 47%|████▋     | 400/852 [2:40:58\u003c54:15,  7.20s/it]\r                                                   \r\r 47%|████▋     | 400/852 [2:40:58\u003c54:15,  7.20s/it]\n"}
,{"stream_name":"stderr","time":9871.596196915,"data":"\r 47%|████▋     | 400/852 [2:40:58\u003c54:15,  7.20s/it]\r                                                   \r\r 47%|████▋     | 400/852 [2:40:58\u003c54:15,  7.20s/it]Unsloth: Restored added_tokens_decoder metadata in outputs/run2/checkpoint-400/tokenizer_config.json.\n"}
,{"stream_name":"stderr","time":9871.798925834,"data":"Unsloth: Restored added_tokens_decoder metadata in outputs/run2/checkpoint-400/tokenizer_config.json.\n"}
,{"stream_name":"stderr","time":9871.798957126,"data":"\n"}
,{"stream_name":"stderr","time":9871.798962917,"data":"Unsloth: Restored added_tokens_decoder metadata in outputs/run2/checkpoint-400/tokenizer_config.json.\n"}
,{"stream_name":"stderr","time":9944.995884664,"data":"\r 47%|████▋     | 401/852 [2:42:13\u003c3:26:18, 27.45s/it]\r 47%|████▋     | 401/852 [2:42:13\u003c3:26:18, 27.45s/it]\n"}
,{"stream_name":"stderr","time":10005.412982957,"data":"\r 47%|████▋     | 401/852 [2:42:13\u003c3:26:18, 27.45s/it]\r 47%|████▋     | 402/852 [2:43:13\u003c4:40:02, 37.34s/it]\r 47%|████▋     | 402/852 [2:43:13\u003c4:40:02, 37.34s/it]\n"}
,{"stream_name":"stderr","time":10059.333691786,"data":"\r 47%|████▋     | 402/852 [2:43:13\u003c4:40:02, 37.34s/it]\r 47%|████▋     | 403/852 [2:44:07\u003c5:16:37, 42.31s/it]\r 47%|████▋     | 403/852 [2:44:07\u003c5:16:37, 42.31s/it]\n"}
,{"stream_name":"stderr","time":10106.197859047,"data":"\r 47%|████▋     | 403/852 [2:44:07\u003c5:16:37, 42.31s/it]\r 47%|████▋     | 404/852 [2:44:54\u003c5:26:06, 43.68s/it]\r 47%|████▋     | 404/852 [2:44:54\u003c5:26:06, 43.68s/it]\n"}
,{"stream_name":"stderr","time":10149.88803049,"data":"\r 47%|████▋     | 404/852 [2:44:54\u003c5:26:06, 43.68s/it]\r 48%|████▊     | 405/852 [2:45:38\u003c5:25:25, 43.68s/it]\r 48%|████▊     | 405/852 [2:45:38\u003c5:25:25, 43.68s/it]\n"}
,{"stream_name":"stderr","time":10188.999684108,"data":"\r 48%|████▊     | 405/852 [2:45:38\u003c5:25:25, 43.68s/it]\r 48%|████▊     | 406/852 [2:46:17\u003c5:14:30, 42.31s/it]\r 48%|████▊     | 406/852 [2:46:17\u003c5:14:30, 42.31s/it]\n"}
,{"stream_name":"stderr","time":10225.285175608,"data":"\r 48%|████▊     | 406/852 [2:46:17\u003c5:14:30, 42.31s/it]\r 48%|████▊     | 407/852 [2:46:53\u003c5:00:23, 40.50s/it]\r 48%|████▊     | 407/852 [2:46:53\u003c5:00:23, 40.50s/it]\n"}
,{"stream_name":"stderr","time":10260.805855456,"data":"\r 48%|████▊     | 407/852 [2:46:53\u003c5:00:23, 40.50s/it]\r 48%|████▊     | 408/852 [2:47:29\u003c4:48:39, 39.01s/it]\r 48%|████▊     | 408/852 [2:47:29\u003c4:48:39, 39.01s/it]\n"}
,{"stream_name":"stderr","time":10295.227685808,"data":"\r 48%|████▊     | 408/852 [2:47:29\u003c4:48:39, 39.01s/it]\r 48%|████▊     | 409/852 [2:48:03\u003c4:37:51, 37.63s/it]\r 48%|████▊     | 409/852 [2:48:03\u003c4:37:51, 37.63s/it]\n"}
,{"stream_name":"stderr","time":10326.326197292,"data":"\r 48%|████▊     | 409/852 [2:48:03\u003c4:37:51, 37.63s/it]\r 48%|████▊     | 410/852 [2:48:34\u003c4:22:47, 35.67s/it]\r                                                     \r\r 48%|████▊     | 410/852 [2:48:34\u003c4:22:47, 35.67s/it]\r 48%|████▊     | 410/852 [2:48:34\u003c4:22:47, 35.67s/it]\r                                                     \r\r 48%|████▊     | 410/852 [2:48:34\u003c4:22:47, 35.67s/it]\n"}
,{"stream_name":"stderr","time":10355.778227767,"data":"\r 48%|████▊     | 410/852 [2:48:34\u003c4:22:47, 35.67s/it]\r                                                     \r\r 48%|████▊     | 410/852 [2:48:34\u003c4:22:47, 35.67s/it]\r 48%|████▊     | 411/852 [2:49:04\u003c4:08:31, 33.81s/it]\r 48%|████▊     | 411/852 [2:49:04\u003c4:08:31, 33.81s/it]\n"}
,{"stream_name":"stderr","time":10384.985973461,"data":"\r 48%|████▊     | 411/852 [2:49:04\u003c4:08:31, 33.81s/it]\r 48%|████▊     | 412/852 [2:49:33\u003c3:57:47, 32.43s/it]\r 48%|████▊     | 412/852 [2:49:33\u003c3:57:47, 32.43s/it]\n"}
,{"stream_name":"stderr","time":10413.133386029,"data":"\r 48%|████▊     | 412/852 [2:49:33\u003c3:57:47, 32.43s/it]\r 48%|████▊     | 413/852 [2:50:01\u003c3:47:53, 31.15s/it]\r 48%|████▊     | 413/852 [2:50:01\u003c3:47:53, 31.15s/it]\n"}
,{"stream_name":"stderr","time":10440.798779505,"data":"\r 48%|████▊     | 413/852 [2:50:01\u003c3:47:53, 31.15s/it]\r 49%|████▊     | 414/852 [2:50:29\u003c3:39:42, 30.10s/it]\r 49%|████▊     | 414/852 [2:50:29\u003c3:39:42, 30.10s/it]\n"}
,{"stream_name":"stderr","time":10467.87273972,"data":"\r 49%|████▊     | 414/852 [2:50:29\u003c3:39:42, 30.10s/it]\r 49%|████▊     | 415/852 [2:50:56\u003c3:32:38, 29.20s/it]\r 49%|████▊     | 415/852 [2:50:56\u003c3:32:38, 29.20s/it]\n"}
,{"stream_name":"stderr","time":10494.463972976,"data":"\r 49%|████▊     | 415/852 [2:50:56\u003c3:32:38, 29.20s/it]\r 49%|████▉     | 416/852 [2:51:22\u003c3:26:26, 28.41s/it]\r 49%|████▉     | 416/852 [2:51:22\u003c3:26:26, 28.41s/it]\n"}
,{"stream_name":"stderr","time":10520.831646968,"data":"\r 49%|████▉     | 416/852 [2:51:22\u003c3:26:26, 28.41s/it]\r 49%|████▉     | 417/852 [2:51:49\u003c3:21:34, 27.80s/it]\r 49%|████▉     | 417/852 [2:51:49\u003c3:21:34, 27.80s/it]\n"}
,{"stream_name":"stderr","time":10546.979999901,"data":"\r 49%|████▉     | 417/852 [2:51:49\u003c3:21:34, 27.80s/it]\r 49%|████▉     | 418/852 [2:52:15\u003c3:17:27, 27.30s/it]\r 49%|████▉     | 418/852 [2:52:15\u003c3:17:27, 27.30s/it]\n"}
,{"stream_name":"stderr","time":10570.198203861,"data":"\r 49%|████▉     | 418/852 [2:52:15\u003c3:17:27, 27.30s/it]\r 49%|████▉     | 419/852 [2:52:38\u003c3:08:13, 26.08s/it]\r 49%|████▉     | 419/852 [2:52:38\u003c3:08:13, 26.08s/it]\n"}
,{"stream_name":"stderr","time":10593.67769269,"data":"\r 49%|████▉     | 419/852 [2:52:38\u003c3:08:13, 26.08s/it]\r 49%|████▉     | 420/852 [2:53:01\u003c3:02:06, 25.29s/it]\r                                                     \r\r 49%|████▉     | 420/852 [2:53:01\u003c3:02:06, 25.29s/it]\r 49%|████▉     | 420/852 [2:53:01\u003c3:02:06, 25.29s/it]\r                                                     \r\r 49%|████▉     | 420/852 [2:53:01\u003c3:02:06, 25.29s/it]\n"}
,{"stream_name":"stderr","time":10616.824327308,"data":"\r 49%|████▉     | 420/852 [2:53:01\u003c3:02:06, 25.29s/it]\r                                                     \r\r 49%|████▉     | 420/852 [2:53:01\u003c3:02:06, 25.29s/it]\r 49%|████▉     | 421/852 [2:53:25\u003c2:57:07, 24.66s/it]\r 49%|████▉     | 421/852 [2:53:25\u003c2:57:07, 24.66s/it]\n"}
,{"stream_name":"stderr","time":10640.319775141,"data":"\r 49%|████▉     | 421/852 [2:53:25\u003c2:57:07, 24.66s/it]\r 50%|████▉     | 422/852 [2:53:48\u003c2:54:09, 24.30s/it]\r 50%|████▉     | 422/852 [2:53:48\u003c2:54:09, 24.30s/it]\n"}
,{"stream_name":"stderr","time":10663.336548643,"data":"\r 50%|████▉     | 422/852 [2:53:48\u003c2:54:09, 24.30s/it]\r 50%|████▉     | 423/852 [2:54:11\u003c2:51:03, 23.92s/it]\r 50%|████▉     | 423/852 [2:54:11\u003c2:51:03, 23.92s/it]\n"}
,{"stream_name":"stderr","time":10686.145062527,"data":"\r 50%|████▉     | 423/852 [2:54:11\u003c2:51:03, 23.92s/it]\r 50%|████▉     | 424/852 [2:54:34\u003c2:48:13, 23.58s/it]\r 50%|████▉     | 424/852 [2:54:34\u003c2:48:13, 23.58s/it]\n"}
,{"stream_name":"stderr","time":10708.647635745,"data":"\r 50%|████▉     | 424/852 [2:54:34\u003c2:48:13, 23.58s/it]\r 50%|████▉     | 425/852 [2:54:56\u003c2:45:34, 23.26s/it]\r 50%|████▉     | 425/852 [2:54:56\u003c2:45:34, 23.26s/it]\n"}
,{"stream_name":"stderr","time":10731.031767672,"data":"\r 50%|████▉     | 425/852 [2:54:56\u003c2:45:34, 23.26s/it]\r 50%|█████     | 426/852 [2:55:19\u003c2:43:15, 22.99s/it]\r 50%|█████     | 426/852 [2:55:19\u003c2:43:15, 22.99s/it]\n"}
,{"stream_name":"stderr","time":10753.17127013,"data":"\r 50%|█████     | 426/852 [2:55:19\u003c2:43:15, 22.99s/it]\r 50%|█████     | 427/852 [2:55:41\u003c2:41:06, 22.74s/it]\r 50%|█████     | 427/852 [2:55:41\u003c2:41:06, 22.74s/it]\n"}
,{"stream_name":"stderr","time":10774.47769274,"data":"\r 50%|█████     | 427/852 [2:55:41\u003c2:41:06, 22.74s/it]\r 50%|█████     | 428/852 [2:56:02\u003c2:37:38, 22.31s/it]\r 50%|█████     | 428/852 [2:56:02\u003c2:37:38, 22.31s/it]\n"}
,{"stream_name":"stderr","time":10795.195756201,"data":"\r 50%|█████     | 428/852 [2:56:02\u003c2:37:38, 22.31s/it]\r 50%|█████     | 429/852 [2:56:23\u003c2:33:56, 21.84s/it]\r 50%|█████     | 429/852 [2:56:23\u003c2:33:56, 21.84s/it]\n"}
,{"stream_name":"stderr","time":10815.779548266,"data":"\r 50%|█████     | 429/852 [2:56:23\u003c2:33:56, 21.84s/it]\r 50%|█████     | 430/852 [2:56:44\u003c2:30:53, 21.45s/it]\r                                                     \r\r 50%|█████     | 430/852 [2:56:44\u003c2:30:53, 21.45s/it]\r 50%|█████     | 430/852 [2:56:44\u003c2:30:53, 21.45s/it]\r                                                     \r\r 50%|█████     | 430/852 [2:56:44\u003c2:30:53, 21.45s/it]\n"}
,{"stream_name":"stderr","time":10836.090706607,"data":"\r 50%|█████     | 430/852 [2:56:44\u003c2:30:53, 21.45s/it]\r                                                     \r\r 50%|█████     | 430/852 [2:56:44\u003c2:30:53, 21.45s/it]\r 51%|█████     | 431/852 [2:57:04\u003c2:28:10, 21.12s/it]\r 51%|█████     | 431/852 [2:57:04\u003c2:28:10, 21.12s/it]\n"}
,{"stream_name":"stderr","time":10856.284700453,"data":"\r 51%|█████     | 431/852 [2:57:04\u003c2:28:10, 21.12s/it]\r 51%|█████     | 432/852 [2:57:24\u003c2:25:50, 20.83s/it]\r 51%|█████     | 432/852 [2:57:24\u003c2:25:50, 20.83s/it]\n"}
,{"stream_name":"stderr","time":10875.453068833,"data":"\r 51%|█████     | 432/852 [2:57:24\u003c2:25:50, 20.83s/it]\r 51%|█████     | 433/852 [2:57:43\u003c2:22:02, 20.34s/it]\r 51%|█████     | 433/852 [2:57:43\u003c2:22:02, 20.34s/it]\n"}
,{"stream_name":"stderr","time":10894.074829169,"data":"\r 51%|█████     | 433/852 [2:57:43\u003c2:22:02, 20.34s/it]\r 51%|█████     | 434/852 [2:58:02\u003c2:18:04, 19.82s/it]\r 51%|█████     | 434/852 [2:58:02\u003c2:18:04, 19.82s/it]\n"}
,{"stream_name":"stderr","time":10912.424271301,"data":"\r 51%|█████     | 434/852 [2:58:02\u003c2:18:04, 19.82s/it]\r 51%|█████     | 435/852 [2:58:20\u003c2:14:42, 19.38s/it]\r 51%|█████     | 435/852 [2:58:20\u003c2:14:42, 19.38s/it]\n"}
,{"stream_name":"stderr","time":10930.347213921,"data":"\r 51%|█████     | 435/852 [2:58:20\u003c2:14:42, 19.38s/it]\r 51%|█████     | 436/852 [2:58:38\u003c2:11:18, 18.94s/it]\r 51%|█████     | 436/852 [2:58:38\u003c2:11:18, 18.94s/it]\n"}
,{"stream_name":"stderr","time":10946.323362717,"data":"\r 51%|█████     | 436/852 [2:58:38\u003c2:11:18, 18.94s/it]\r 51%|█████▏    | 437/852 [2:58:54\u003c2:04:53, 18.06s/it]\r 51%|█████▏    | 437/852 [2:58:54\u003c2:04:53, 18.06s/it]\n"}
,{"stream_name":"stderr","time":10961.539676718,"data":"\r 51%|█████▏    | 437/852 [2:58:54\u003c2:04:53, 18.06s/it]\r 51%|█████▏    | 438/852 [2:59:09\u003c1:58:40, 17.20s/it]\r 51%|█████▏    | 438/852 [2:59:09\u003c1:58:40, 17.20s/it]\n"}
,{"stream_name":"stderr","time":10976.599916269,"data":"\r 51%|█████▏    | 438/852 [2:59:09\u003c1:58:40, 17.20s/it]\r 52%|█████▏    | 439/852 [2:59:24\u003c1:54:00, 16.56s/it]\r 52%|█████▏    | 439/852 [2:59:24\u003c1:54:00, 16.56s/it]\n"}
,{"stream_name":"stderr","time":10991.411161591,"data":"\r 52%|█████▏    | 439/852 [2:59:24\u003c1:54:00, 16.56s/it]\r 52%|█████▏    | 440/852 [2:59:39\u003c1:50:07, 16.04s/it]\r                                                     \r\r 52%|█████▏    | 440/852 [2:59:39\u003c1:50:07, 16.04s/it]\r 52%|█████▏    | 440/852 [2:59:39\u003c1:50:07, 16.04s/it]\r                                                     \r\r 52%|█████▏    | 440/852 [2:59:39\u003c1:50:07, 16.04s/it]\n"}
,{"stream_name":"stderr","time":11005.57766735,"data":"\r 52%|█████▏    | 440/852 [2:59:39\u003c1:50:07, 16.04s/it]\r                                                     \r\r 52%|█████▏    | 440/852 [2:59:39\u003c1:50:07, 16.04s/it]\r 52%|█████▏    | 441/852 [2:59:53\u003c1:45:58, 15.47s/it]\r 52%|█████▏    | 441/852 [2:59:53\u003c1:45:58, 15.47s/it]\n"}
,{"stream_name":"stderr","time":11018.264741569,"data":"\r 52%|█████▏    | 441/852 [2:59:53\u003c1:45:58, 15.47s/it]\r 52%|█████▏    | 442/852 [3:00:06\u003c1:40:03, 14.64s/it]\r 52%|█████▏    | 442/852 [3:00:06\u003c1:40:03, 14.64s/it]\n"}
,{"stream_name":"stderr","time":11028.946596991,"data":"\r 52%|█████▏    | 442/852 [3:00:06\u003c1:40:03, 14.64s/it]\r 52%|█████▏    | 443/852 [3:00:17\u003c1:31:42, 13.45s/it]\r 52%|█████▏    | 443/852 [3:00:17\u003c1:31:42, 13.45s/it]\n"}
,{"stream_name":"stderr","time":11038.122459164,"data":"\r 52%|█████▏    | 443/852 [3:00:17\u003c1:31:42, 13.45s/it]\r 52%|█████▏    | 444/852 [3:00:26\u003c1:22:43, 12.16s/it]\r 52%|█████▏    | 444/852 [3:00:26\u003c1:22:43, 12.16s/it]\n"}
,{"stream_name":"stderr","time":11046.331104228,"data":"\r 52%|█████▏    | 444/852 [3:00:26\u003c1:22:43, 12.16s/it]\r 52%|█████▏    | 445/852 [3:00:34\u003c1:14:30, 10.98s/it]\r 52%|█████▏    | 445/852 [3:00:34\u003c1:14:30, 10.98s/it]\n"}
,{"stream_name":"stderr","time":11054.267985577,"data":"\r 52%|█████▏    | 445/852 [3:00:34\u003c1:14:30, 10.98s/it]\r 52%|█████▏    | 446/852 [3:00:42\u003c1:08:08, 10.07s/it]\r 52%|█████▏    | 446/852 [3:00:42\u003c1:08:08, 10.07s/it]\n"}
,{"stream_name":"stderr","time":11061.803721984,"data":"\r 52%|█████▏    | 446/852 [3:00:42\u003c1:08:08, 10.07s/it]\r 52%|█████▏    | 447/852 [3:00:50\u003c1:02:50,  9.31s/it]\r 52%|█████▏    | 447/852 [3:00:50\u003c1:02:50,  9.31s/it]\n"}
,{"stream_name":"stderr","time":11068.925253001,"data":"\r 52%|█████▏    | 447/852 [3:00:50\u003c1:02:50,  9.31s/it]\r 53%|█████▎    | 448/852 [3:00:57\u003c58:13,  8.65s/it]  \r 53%|█████▎    | 448/852 [3:00:57\u003c58:13,  8.65s/it]  \n"}
,{"stream_name":"stderr","time":11075.780473884,"data":"\r 53%|█████▎    | 448/852 [3:00:57\u003c58:13,  8.65s/it]  \r 53%|█████▎    | 449/852 [3:01:04\u003c54:30,  8.12s/it]\r 53%|█████▎    | 449/852 [3:01:04\u003c54:30,  8.12s/it]\n"}
,{"stream_name":"stderr","time":11082.265929275,"data":"\r 53%|█████▎    | 449/852 [3:01:04\u003c54:30,  8.12s/it]\r 53%|█████▎    | 450/852 [3:01:10\u003c51:05,  7.63s/it]\r                                                   \r\r 53%|█████▎    | 450/852 [3:01:10\u003c51:05,  7.63s/it]\r 53%|█████▎    | 450/852 [3:01:10\u003c51:05,  7.63s/it]\r                                                   \r\r 53%|█████▎    | 450/852 [3:01:10\u003c51:05,  7.63s/it]\n"}
,{"stream_name":"stderr","time":11154.637114255,"data":"\r 53%|█████▎    | 450/852 [3:01:10\u003c51:05,  7.63s/it]\r                                                   \r\r 53%|█████▎    | 450/852 [3:01:10\u003c51:05,  7.63s/it]\r 53%|█████▎    | 451/852 [3:02:22\u003c3:00:44, 27.04s/it]\r 53%|█████▎    | 451/852 [3:02:22\u003c3:00:44, 27.04s/it]\n"}
,{"stream_name":"stderr","time":11214.6984113,"data":"\r 53%|█████▎    | 451/852 [3:02:22\u003c3:00:44, 27.04s/it]\r 53%|█████▎    | 452/852 [3:03:23\u003c4:06:19, 36.95s/it]\r 53%|█████▎    | 452/852 [3:03:23\u003c4:06:19, 36.95s/it]\n"}
,{"stream_name":"stderr","time":11270.013734849,"data":"\r 53%|█████▎    | 452/852 [3:03:23\u003c4:06:19, 36.95s/it]\r 53%|█████▎    | 453/852 [3:04:18\u003c4:42:21, 42.46s/it]\r 53%|█████▎    | 453/852 [3:04:18\u003c4:42:21, 42.46s/it]\n"}
,{"stream_name":"stderr","time":11321.106954733,"data":"\r 53%|█████▎    | 453/852 [3:04:18\u003c4:42:21, 42.46s/it]\r 53%|█████▎    | 454/852 [3:05:09\u003c4:58:49, 45.05s/it]\r 53%|█████▎    | 454/852 [3:05:09\u003c4:58:49, 45.05s/it]\n"}
,{"stream_name":"stderr","time":11367.713790316,"data":"\r 53%|█████▎    | 454/852 [3:05:09\u003c4:58:49, 45.05s/it]\r 53%|█████▎    | 455/852 [3:05:56\u003c5:01:10, 45.52s/it]\r 53%|█████▎    | 455/852 [3:05:56\u003c5:01:10, 45.52s/it]\n"}
,{"stream_name":"stderr","time":11408.406199303,"data":"\r 53%|█████▎    | 455/852 [3:05:56\u003c5:01:10, 45.52s/it]\r 54%|█████▎    | 456/852 [3:06:36\u003c4:50:51, 44.07s/it]\r 54%|█████▎    | 456/852 [3:06:36\u003c4:50:51, 44.07s/it]\n"}
,{"stream_name":"stderr","time":11445.721314227,"data":"\r 54%|█████▎    | 456/852 [3:06:36\u003c4:50:51, 44.07s/it]\r 54%|█████▎    | 457/852 [3:07:14\u003c4:36:46, 42.04s/it]\r 54%|█████▎    | 457/852 [3:07:14\u003c4:36:46, 42.04s/it]\n"}
,{"stream_name":"stderr","time":11481.050322344,"data":"\r 54%|█████▎    | 457/852 [3:07:14\u003c4:36:46, 42.04s/it]\r 54%|█████▍    | 458/852 [3:07:49\u003c4:22:51, 40.03s/it]\r 54%|█████▍    | 458/852 [3:07:49\u003c4:22:51, 40.03s/it]\n"}
,{"stream_name":"stderr","time":11515.026351641,"data":"\r 54%|█████▍    | 458/852 [3:07:49\u003c4:22:51, 40.03s/it]\r 54%|█████▍    | 459/852 [3:08:23\u003c4:10:17, 38.21s/it]\r 54%|█████▍    | 459/852 [3:08:23\u003c4:10:17, 38.21s/it]\n"}
,{"stream_name":"stderr","time":11545.155357412,"data":"\r 54%|█████▍    | 459/852 [3:08:23\u003c4:10:17, 38.21s/it]\r 54%|█████▍    | 460/852 [3:08:53\u003c3:53:47, 35.79s/it]\r                                                     \r\r 54%|█████▍    | 460/852 [3:08:53\u003c3:53:47, 35.79s/it]\r 54%|█████▍    | 460/852 [3:08:53\u003c3:53:47, 35.79s/it]\r                                                     \r\r 54%|█████▍    | 460/852 [3:08:53\u003c3:53:47, 35.79s/it]\n"}
,{"stream_name":"stderr","time":11574.406852322,"data":"\r 54%|█████▍    | 460/852 [3:08:53\u003c3:53:47, 35.79s/it]\r                                                     \r\r 54%|█████▍    | 460/852 [3:08:53\u003c3:53:47, 35.79s/it]\r 54%|█████▍    | 461/852 [3:09:22\u003c3:40:29, 33.83s/it]\r 54%|█████▍    | 461/852 [3:09:22\u003c3:40:29, 33.83s/it]\n"}
,{"stream_name":"stderr","time":11603.522959828,"data":"\r 54%|█████▍    | 461/852 [3:09:22\u003c3:40:29, 33.83s/it]\r 54%|█████▍    | 462/852 [3:09:51\u003c3:30:40, 32.41s/it]\r 54%|█████▍    | 462/852 [3:09:51\u003c3:30:40, 32.41s/it]\n"}
,{"stream_name":"stderr","time":11631.931170498,"data":"\r 54%|█████▍    | 462/852 [3:09:51\u003c3:30:40, 32.41s/it]\r 54%|█████▍    | 463/852 [3:10:20\u003c3:22:23, 31.22s/it]\r 54%|█████▍    | 463/852 [3:10:20\u003c3:22:23, 31.22s/it]\n"}
,{"stream_name":"stderr","time":11659.807568875,"data":"\r 54%|█████▍    | 463/852 [3:10:20\u003c3:22:23, 31.22s/it]\r 54%|█████▍    | 464/852 [3:10:48\u003c3:15:19, 30.21s/it]\r 54%|█████▍    | 464/852 [3:10:48\u003c3:15:19, 30.21s/it]\n"}
,{"stream_name":"stderr","time":11687.233172421,"data":"\r 54%|█████▍    | 464/852 [3:10:48\u003c3:15:19, 30.21s/it]\r 55%|█████▍    | 465/852 [3:11:15\u003c3:09:30, 29.38s/it]\r 55%|█████▍    | 465/852 [3:11:15\u003c3:09:30, 29.38s/it]\n"}
,{"stream_name":"stderr","time":11714.117547547,"data":"\r 55%|█████▍    | 465/852 [3:11:15\u003c3:09:30, 29.38s/it]\r 55%|█████▍    | 466/852 [3:11:42\u003c3:04:08, 28.62s/it]\r 55%|█████▍    | 466/852 [3:11:42\u003c3:04:08, 28.62s/it]\n"}
,{"stream_name":"stderr","time":11740.497384558,"data":"\r 55%|█████▍    | 466/852 [3:11:42\u003c3:04:08, 28.62s/it]\r 55%|█████▍    | 467/852 [3:12:08\u003c2:59:24, 27.96s/it]\r 55%|█████▍    | 467/852 [3:12:08\u003c2:59:24, 27.96s/it]\n"}
,{"stream_name":"stderr","time":11766.672879237,"data":"\r 55%|█████▍    | 467/852 [3:12:08\u003c2:59:24, 27.96s/it]\r 55%|█████▍    | 468/852 [3:12:34\u003c2:55:28, 27.42s/it]\r 55%|█████▍    | 468/852 [3:12:34\u003c2:55:28, 27.42s/it]\n"}
,{"stream_name":"stderr","time":11791.130222997,"data":"\r 55%|█████▍    | 468/852 [3:12:34\u003c2:55:28, 27.42s/it]\r 55%|█████▌    | 469/852 [3:12:59\u003c2:49:23, 26.54s/it]\r 55%|█████▌    | 469/852 [3:12:59\u003c2:49:23, 26.54s/it]\n"}
,{"stream_name":"stderr","time":11814.0245315,"data":"\r 55%|█████▌    | 469/852 [3:12:59\u003c2:49:23, 26.54s/it]\r 55%|█████▌    | 470/852 [3:13:22\u003c2:41:56, 25.44s/it]\r                                                     \r\r 55%|█████▌    | 470/852 [3:13:22\u003c2:41:56, 25.44s/it]\r 55%|█████▌    | 470/852 [3:13:22\u003c2:41:56, 25.44s/it]\r                                                     \r\r 55%|█████▌    | 470/852 [3:13:22\u003c2:41:56, 25.44s/it]\n"}
,{"stream_name":"stderr","time":11837.416685379,"data":"\r 55%|█████▌    | 470/852 [3:13:22\u003c2:41:56, 25.44s/it]\r                                                     \r\r 55%|█████▌    | 470/852 [3:13:22\u003c2:41:56, 25.44s/it]\r 55%|█████▌    | 471/852 [3:13:45\u003c2:37:40, 24.83s/it]\r 55%|█████▌    | 471/852 [3:13:45\u003c2:37:40, 24.83s/it]\n"}
,{"stream_name":"stderr","time":11860.610025866,"data":"\r 55%|█████▌    | 471/852 [3:13:45\u003c2:37:40, 24.83s/it]\r 55%|█████▌    | 472/852 [3:14:08\u003c2:34:06, 24.33s/it]\r 55%|█████▌    | 472/852 [3:14:08\u003c2:34:06, 24.33s/it]\n"}
,{"stream_name":"stderr","time":11883.92814663,"data":"\r 55%|█████▌    | 472/852 [3:14:08\u003c2:34:06, 24.33s/it]\r 56%|█████▌    | 473/852 [3:14:32\u003c2:31:49, 24.03s/it]\r 56%|█████▌    | 473/852 [3:14:32\u003c2:31:49, 24.03s/it]\n"}
,{"stream_name":"stderr","time":11906.847605541,"data":"\r 56%|█████▌    | 473/852 [3:14:32\u003c2:31:49, 24.03s/it]\r 56%|█████▌    | 474/852 [3:14:55\u003c2:29:16, 23.69s/it]\r 56%|█████▌    | 474/852 [3:14:55\u003c2:29:16, 23.69s/it]\n"}
,{"stream_name":"stderr","time":11929.348597423,"data":"\r 56%|█████▌    | 474/852 [3:14:55\u003c2:29:16, 23.69s/it]\r 56%|█████▌    | 475/852 [3:15:17\u003c2:26:40, 23.34s/it]\r 56%|█████▌    | 475/852 [3:15:17\u003c2:26:40, 23.34s/it]\n"}
,{"stream_name":"stderr","time":11951.580007048,"data":"\r 56%|█████▌    | 475/852 [3:15:17\u003c2:26:40, 23.34s/it]\r 56%|█████▌    | 476/852 [3:15:39\u003c2:24:08, 23.00s/it]\r 56%|█████▌    | 476/852 [3:15:39\u003c2:24:08, 23.00s/it]\n"}
,{"stream_name":"stderr","time":11973.59520053,"data":"\r 56%|█████▌    | 476/852 [3:15:39\u003c2:24:08, 23.00s/it]\r 56%|█████▌    | 477/852 [3:16:01\u003c2:21:57, 22.71s/it]\r 56%|█████▌    | 477/852 [3:16:01\u003c2:21:57, 22.71s/it]\n"}
,{"stream_name":"stderr","time":11994.423105395,"data":"\r 56%|█████▌    | 477/852 [3:16:01\u003c2:21:57, 22.71s/it]\r 56%|█████▌    | 478/852 [3:16:22\u003c2:18:00, 22.14s/it]\r 56%|█████▌    | 478/852 [3:16:22\u003c2:18:00, 22.14s/it]\n"}
,{"stream_name":"stderr","time":12014.892439853,"data":"\r 56%|█████▌    | 478/852 [3:16:22\u003c2:18:00, 22.14s/it]\r 56%|█████▌    | 479/852 [3:16:43\u003c2:14:34, 21.65s/it]\r 56%|█████▌    | 479/852 [3:16:43\u003c2:14:34, 21.65s/it]\n"}
,{"stream_name":"stderr","time":12035.210762305,"data":"\r 56%|█████▌    | 479/852 [3:16:43\u003c2:14:34, 21.65s/it]\r 56%|█████▋    | 480/852 [3:17:03\u003c2:11:40, 21.24s/it]\r                                                     \r\r 56%|█████▋    | 480/852 [3:17:03\u003c2:11:40, 21.24s/it]\r 56%|█████▋    | 480/852 [3:17:03\u003c2:11:40, 21.24s/it]\r                                                     \r\r 56%|█████▋    | 480/852 [3:17:03\u003c2:11:40, 21.24s/it]\n"}
,{"stream_name":"stderr","time":12055.323766579,"data":"\r 56%|█████▋    | 480/852 [3:17:03\u003c2:11:40, 21.24s/it]\r                                                     \r\r 56%|█████▋    | 480/852 [3:17:03\u003c2:11:40, 21.24s/it]\r 56%|█████▋    | 481/852 [3:17:23\u003c2:09:17, 20.91s/it]\r 56%|█████▋    | 481/852 [3:17:23\u003c2:09:17, 20.91s/it]\n"}
,{"stream_name":"stderr","time":12074.546607727,"data":"\r 56%|█████▋    | 481/852 [3:17:23\u003c2:09:17, 20.91s/it]\r 57%|█████▋    | 482/852 [3:17:42\u003c2:05:47, 20.40s/it]\r 57%|█████▋    | 482/852 [3:17:42\u003c2:05:47, 20.40s/it]\n"}
,{"stream_name":"stderr","time":12093.128763853,"data":"\r 57%|█████▋    | 482/852 [3:17:42\u003c2:05:47, 20.40s/it]\r 57%|█████▋    | 483/852 [3:18:01\u003c2:02:08, 19.86s/it]\r 57%|█████▋    | 483/852 [3:18:01\u003c2:02:08, 19.86s/it]\n"}
,{"stream_name":"stderr","time":12111.372762687,"data":"\r 57%|█████▋    | 483/852 [3:18:01\u003c2:02:08, 19.86s/it]\r 57%|█████▋    | 484/852 [3:18:19\u003c1:58:47, 19.37s/it]\r 57%|█████▋    | 484/852 [3:18:19\u003c1:58:47, 19.37s/it]\n"}
,{"stream_name":"stderr","time":12129.311851538,"data":"\r 57%|█████▋    | 484/852 [3:18:19\u003c1:58:47, 19.37s/it]\r 57%|█████▋    | 485/852 [3:18:37\u003c1:55:53, 18.95s/it]\r 57%|█████▋    | 485/852 [3:18:37\u003c1:55:53, 18.95s/it]\n"}
,{"stream_name":"stderr","time":12144.991782713,"data":"\r 57%|█████▋    | 485/852 [3:18:37\u003c1:55:53, 18.95s/it]\r 57%|█████▋    | 486/852 [3:18:53\u003c1:49:33, 17.96s/it]\r 57%|█████▋    | 486/852 [3:18:53\u003c1:49:33, 17.96s/it]\n"}
,{"stream_name":"stderr","time":12160.182796818,"data":"\r 57%|█████▋    | 486/852 [3:18:53\u003c1:49:33, 17.96s/it]\r 57%|█████▋    | 487/852 [3:19:08\u003c1:44:14, 17.14s/it]\r 57%|█████▋    | 487/852 [3:19:08\u003c1:44:14, 17.14s/it]\n"}
,{"stream_name":"stderr","time":12175.139204347,"data":"\r 57%|█████▋    | 487/852 [3:19:08\u003c1:44:14, 17.14s/it]\r 57%|█████▋    | 488/852 [3:19:23\u003c1:39:57, 16.48s/it]\r 57%|█████▋    | 488/852 [3:19:23\u003c1:39:57, 16.48s/it]\n"}
,{"stream_name":"stderr","time":12189.703458803,"data":"\r 57%|█████▋    | 488/852 [3:19:23\u003c1:39:57, 16.48s/it]\r 57%|█████▋    | 489/852 [3:19:38\u003c1:36:14, 15.91s/it]\r 57%|█████▋    | 489/852 [3:19:38\u003c1:36:14, 15.91s/it]\n"}
,{"stream_name":"stderr","time":12202.804490554,"data":"\r 57%|█████▋    | 489/852 [3:19:38\u003c1:36:14, 15.91s/it]\r 58%|█████▊    | 490/852 [3:19:51\u003c1:30:53, 15.07s/it]\r                                                     \r\r 58%|█████▊    | 490/852 [3:19:51\u003c1:30:53, 15.07s/it]\r 58%|█████▊    | 490/852 [3:19:51\u003c1:30:53, 15.07s/it]\r                                                     \r\r 58%|█████▊    | 490/852 [3:19:51\u003c1:30:53, 15.07s/it]\n"}
,{"stream_name":"stderr","time":12213.938588641,"data":"\r 58%|█████▊    | 490/852 [3:19:51\u003c1:30:53, 15.07s/it]\r                                                     \r\r 58%|█████▊    | 490/852 [3:19:51\u003c1:30:53, 15.07s/it]\r 58%|█████▊    | 491/852 [3:20:02\u003c1:23:30, 13.88s/it]\r 58%|█████▊    | 491/852 [3:20:02\u003c1:23:30, 13.88s/it]\n"}
,{"stream_name":"stderr","time":12223.908657682,"data":"\r 58%|█████▊    | 491/852 [3:20:02\u003c1:23:30, 13.88s/it]\r 58%|█████▊    | 492/852 [3:20:12\u003c1:16:17, 12.71s/it]\r 58%|█████▊    | 492/852 [3:20:12\u003c1:16:17, 12.71s/it]\n"}
,{"stream_name":"stderr","time":12232.234145679,"data":"\r 58%|█████▊    | 492/852 [3:20:12\u003c1:16:17, 12.71s/it]\r 58%|█████▊    | 493/852 [3:20:20\u003c1:08:11, 11.40s/it]\r 58%|█████▊    | 493/852 [3:20:20\u003c1:08:11, 11.40s/it]\n"}
,{"stream_name":"stderr","time":12240.16354325,"data":"\r 58%|█████▊    | 493/852 [3:20:20\u003c1:08:11, 11.40s/it]\r 58%|█████▊    | 494/852 [3:20:28\u003c1:01:47, 10.36s/it]\r 58%|█████▊    | 494/852 [3:20:28\u003c1:01:47, 10.36s/it]\n"}
,{"stream_name":"stderr","time":12247.91403827,"data":"\r 58%|█████▊    | 494/852 [3:20:28\u003c1:01:47, 10.36s/it]\r 58%|█████▊    | 495/852 [3:20:36\u003c56:54,  9.57s/it]  \r 58%|█████▊    | 495/852 [3:20:36\u003c56:54,  9.57s/it]  \n"}
,{"stream_name":"stderr","time":12255.167833532,"data":"\r 58%|█████▊    | 495/852 [3:20:36\u003c56:54,  9.57s/it]  \r 58%|█████▊    | 496/852 [3:20:43\u003c52:41,  8.88s/it]\r 58%|█████▊    | 496/852 [3:20:43\u003c52:41,  8.88s/it]\n"}
,{"stream_name":"stderr","time":12262.245143032,"data":"\r 58%|█████▊    | 496/852 [3:20:43\u003c52:41,  8.88s/it]\r 58%|█████▊    | 497/852 [3:20:50\u003c49:20,  8.34s/it]\r 58%|█████▊    | 497/852 [3:20:50\u003c49:20,  8.34s/it]\n"}
,{"stream_name":"stderr","time":12269.185095672,"data":"\r 58%|█████▊    | 497/852 [3:20:50\u003c49:20,  8.34s/it]\r 58%|█████▊    | 498/852 [3:20:57\u003c46:43,  7.92s/it]\r 58%|█████▊    | 498/852 [3:20:57\u003c46:43,  7.92s/it]\n"}
,{"stream_name":"stderr","time":12275.920540826,"data":"\r 58%|█████▊    | 498/852 [3:20:57\u003c46:43,  7.92s/it]\r 59%|█████▊    | 499/852 [3:21:04\u003c44:30,  7.56s/it]\r 59%|█████▊    | 499/852 [3:21:04\u003c44:30,  7.56s/it]\n"}
,{"stream_name":"stderr","time":12282.004468802,"data":"\r 59%|█████▊    | 499/852 [3:21:04\u003c44:30,  7.56s/it]\r 59%|█████▊    | 500/852 [3:21:10\u003c41:44,  7.11s/it]\r                                                   \r\r 59%|█████▊    | 500/852 [3:21:10\u003c41:44,  7.11s/it]\r 59%|█████▊    | 500/852 [3:21:10\u003c41:44,  7.11s/it]\r                                                   \r\r 59%|█████▊    | 500/852 [3:21:10\u003c41:44,  7.11s/it]\n"}
,{"stream_name":"stderr","time":12356.393829898,"data":"\r 59%|█████▊    | 500/852 [3:21:10\u003c41:44,  7.11s/it]\r                                                   \r\r 59%|█████▊    | 500/852 [3:21:10\u003c41:44,  7.11s/it]\r 59%|█████▉    | 501/852 [3:22:24\u003c2:39:41, 27.30s/it]\r 59%|█████▉    | 501/852 [3:22:24\u003c2:39:41, 27.30s/it]\n"}
,{"stream_name":"stderr","time":12415.499391925,"data":"\r 59%|█████▉    | 501/852 [3:22:24\u003c2:39:41, 27.30s/it]\r 59%|█████▉    | 502/852 [3:23:23\u003c3:34:53, 36.84s/it]\r 59%|█████▉    | 502/852 [3:23:23\u003c3:34:53, 36.84s/it]\n"}
,{"stream_name":"stderr","time":12468.911129266,"data":"\r 59%|█████▉    | 502/852 [3:23:23\u003c3:34:53, 36.84s/it]\r 59%|█████▉    | 503/852 [3:24:17\u003c4:03:12, 41.81s/it]\r 59%|█████▉    | 503/852 [3:24:17\u003c4:03:12, 41.81s/it]\n"}
,{"stream_name":"stderr","time":12515.444698039,"data":"\r 59%|█████▉    | 503/852 [3:24:17\u003c4:03:12, 41.81s/it]\r 59%|█████▉    | 504/852 [3:25:03\u003c4:10:43, 43.23s/it]\r 59%|█████▉    | 504/852 [3:25:03\u003c4:10:43, 43.23s/it]\n"}
,{"stream_name":"stderr","time":12558.286440391,"data":"\r 59%|█████▉    | 504/852 [3:25:03\u003c4:10:43, 43.23s/it]\r 59%|█████▉    | 505/852 [3:25:46\u003c4:09:19, 43.11s/it]\r 59%|█████▉    | 505/852 [3:25:46\u003c4:09:19, 43.11s/it]\n"}
,{"stream_name":"stderr","time":12595.384992379,"data":"\r 59%|█████▉    | 505/852 [3:25:46\u003c4:09:19, 43.11s/it]\r 59%|█████▉    | 506/852 [3:26:23\u003c3:58:12, 41.31s/it]\r 59%|█████▉    | 506/852 [3:26:23\u003c3:58:12, 41.31s/it]\n"}
,{"stream_name":"stderr","time":12631.0225618,"data":"\r 59%|█████▉    | 506/852 [3:26:23\u003c3:58:12, 41.31s/it]\r 60%|█████▉    | 507/852 [3:26:59\u003c3:47:44, 39.61s/it]\r 60%|█████▉    | 507/852 [3:26:59\u003c3:47:44, 39.61s/it]\n"}
,{"stream_name":"stderr","time":12665.280101833,"data":"\r 60%|█████▉    | 507/852 [3:26:59\u003c3:47:44, 39.61s/it]\r 60%|█████▉    | 508/852 [3:27:33\u003c3:37:52, 38.00s/it]\r 60%|█████▉    | 508/852 [3:27:33\u003c3:37:52, 38.00s/it]\n"}
,{"stream_name":"stderr","time":12695.657092698,"data":"\r 60%|█████▉    | 508/852 [3:27:33\u003c3:37:52, 38.00s/it]\r 60%|█████▉    | 509/852 [3:28:03\u003c3:24:10, 35.72s/it]\r 60%|█████▉    | 509/852 [3:28:03\u003c3:24:10, 35.72s/it]\n"}
,{"stream_name":"stderr","time":12725.257030844,"data":"\r 60%|█████▉    | 509/852 [3:28:03\u003c3:24:10, 35.72s/it]\r 60%|█████▉    | 510/852 [3:28:33\u003c3:13:09, 33.89s/it]\r                                                     \r\r 60%|█████▉    | 510/852 [3:28:33\u003c3:13:09, 33.89s/it]\r 60%|█████▉    | 510/852 [3:28:33\u003c3:13:09, 33.89s/it]\r                                                     \r\r 60%|█████▉    | 510/852 [3:28:33\u003c3:13:09, 33.89s/it]\n"}
,{"stream_name":"stderr","time":12754.233867067,"data":"\r 60%|█████▉    | 510/852 [3:28:33\u003c3:13:09, 33.89s/it]\r                                                     \r\r 60%|█████▉    | 510/852 [3:28:33\u003c3:13:09, 33.89s/it]\r 60%|█████▉    | 511/852 [3:29:02\u003c3:04:10, 32.41s/it]\r 60%|█████▉    | 511/852 [3:29:02\u003c3:04:10, 32.41s/it]\n"}
,{"stream_name":"stderr","time":12783.353862138,"data":"\r 60%|█████▉    | 511/852 [3:29:02\u003c3:04:10, 32.41s/it]\r 60%|██████    | 512/852 [3:29:31\u003c2:58:05, 31.43s/it]\r 60%|██████    | 512/852 [3:29:31\u003c2:58:05, 31.43s/it]\n"}
,{"stream_name":"stderr","time":12811.535280589,"data":"\r 60%|██████    | 512/852 [3:29:31\u003c2:58:05, 31.43s/it]\r 60%|██████    | 513/852 [3:29:59\u003c2:52:01, 30.45s/it]\r 60%|██████    | 513/852 [3:29:59\u003c2:52:01, 30.45s/it]\n"}
,{"stream_name":"stderr","time":12839.135910218,"data":"\r 60%|██████    | 513/852 [3:29:59\u003c2:52:01, 30.45s/it]\r 60%|██████    | 514/852 [3:30:27\u003c2:46:44, 29.60s/it]\r 60%|██████    | 514/852 [3:30:27\u003c2:46:44, 29.60s/it]\n"}
,{"stream_name":"stderr","time":12866.274152196,"data":"\r 60%|██████    | 514/852 [3:30:27\u003c2:46:44, 29.60s/it]\r 60%|██████    | 515/852 [3:30:54\u003c2:42:04, 28.85s/it]\r 60%|██████    | 515/852 [3:30:54\u003c2:42:04, 28.85s/it]\n"}
,{"stream_name":"stderr","time":12892.738018177,"data":"\r 60%|██████    | 515/852 [3:30:54\u003c2:42:04, 28.85s/it]\r 61%|██████    | 516/852 [3:31:21\u003c2:37:36, 28.14s/it]\r 61%|██████    | 516/852 [3:31:21\u003c2:37:36, 28.14s/it]\n"}
,{"stream_name":"stderr","time":12919.131645625,"data":"\r 61%|██████    | 516/852 [3:31:21\u003c2:37:36, 28.14s/it]\r 61%|██████    | 517/852 [3:31:47\u003c2:34:10, 27.61s/it]\r 61%|██████    | 517/852 [3:31:47\u003c2:34:10, 27.61s/it]\n"}
,{"stream_name":"stderr","time":12945.336569815,"data":"\r 61%|██████    | 517/852 [3:31:47\u003c2:34:10, 27.61s/it]\r 61%|██████    | 518/852 [3:32:13\u003c2:31:23, 27.20s/it]\r 61%|██████    | 518/852 [3:32:13\u003c2:31:23, 27.20s/it]\n"}
,{"stream_name":"stderr","time":12970.007350594,"data":"\r 61%|██████    | 518/852 [3:32:13\u003c2:31:23, 27.20s/it]\r 61%|██████    | 519/852 [3:32:38\u003c2:26:41, 26.43s/it]\r 61%|██████    | 519/852 [3:32:38\u003c2:26:41, 26.43s/it]\n"}
,{"stream_name":"stderr","time":12993.222899622,"data":"\r 61%|██████    | 519/852 [3:32:38\u003c2:26:41, 26.43s/it]\r 61%|██████    | 520/852 [3:33:01\u003c2:20:57, 25.47s/it]\r                                                     \r\r 61%|██████    | 520/852 [3:33:01\u003c2:20:57, 25.47s/it]\r 61%|██████    | 520/852 [3:33:01\u003c2:20:57, 25.47s/it]\r                                                     \r\r 61%|██████    | 520/852 [3:33:01\u003c2:20:57, 25.47s/it]\n"}
,{"stream_name":"stderr","time":13016.753803315,"data":"\r 61%|██████    | 520/852 [3:33:01\u003c2:20:57, 25.47s/it]\r                                                     \r\r 61%|██████    | 520/852 [3:33:01\u003c2:20:57, 25.47s/it]\r 61%|██████    | 521/852 [3:33:25\u003c2:17:16, 24.88s/it]\r 61%|██████    | 521/852 [3:33:25\u003c2:17:16, 24.88s/it]\n"}
,{"stream_name":"stderr","time":13039.978204581,"data":"\r 61%|██████    | 521/852 [3:33:25\u003c2:17:16, 24.88s/it]\r 61%|██████▏   | 522/852 [3:33:48\u003c2:14:09, 24.39s/it]\r 61%|██████▏   | 522/852 [3:33:48\u003c2:14:09, 24.39s/it]\n"}
,{"stream_name":"stderr","time":13063.302475507,"data":"\r 61%|██████▏   | 522/852 [3:33:48\u003c2:14:09, 24.39s/it]\r 61%|██████▏   | 523/852 [3:34:11\u003c2:11:57, 24.07s/it]\r 61%|██████▏   | 523/852 [3:34:11\u003c2:11:57, 24.07s/it]\n"}
,{"stream_name":"stderr","time":13086.238428023,"data":"\r 61%|██████▏   | 523/852 [3:34:11\u003c2:11:57, 24.07s/it]\r 62%|██████▏   | 524/852 [3:34:34\u003c2:09:44, 23.73s/it]\r 62%|██████▏   | 524/852 [3:34:34\u003c2:09:44, 23.73s/it]\n"}
,{"stream_name":"stderr","time":13109.00023527,"data":"\r 62%|██████▏   | 524/852 [3:34:34\u003c2:09:44, 23.73s/it]\r 62%|██████▏   | 525/852 [3:34:57\u003c2:07:43, 23.44s/it]\r 62%|██████▏   | 525/852 [3:34:57\u003c2:07:43, 23.44s/it]\n"}
,{"stream_name":"stderr","time":13131.475820608,"data":"\r 62%|██████▏   | 525/852 [3:34:57\u003c2:07:43, 23.44s/it]\r 62%|██████▏   | 526/852 [3:35:19\u003c2:05:48, 23.15s/it]\r 62%|██████▏   | 526/852 [3:35:19\u003c2:05:48, 23.15s/it]\n"}
,{"stream_name":"stderr","time":13153.719041622,"data":"\r 62%|██████▏   | 526/852 [3:35:19\u003c2:05:48, 23.15s/it]\r 62%|██████▏   | 527/852 [3:35:42\u003c2:03:54, 22.87s/it]\r 62%|██████▏   | 527/852 [3:35:42\u003c2:03:54, 22.87s/it]\n"}
,{"stream_name":"stderr","time":13175.163287604,"data":"\r 62%|██████▏   | 527/852 [3:35:42\u003c2:03:54, 22.87s/it]\r 62%|██████▏   | 528/852 [3:36:03\u003c2:01:14, 22.45s/it]\r 62%|██████▏   | 528/852 [3:36:03\u003c2:01:14, 22.45s/it]\n"}
,{"stream_name":"stderr","time":13196.031668979,"data":"\r 62%|██████▏   | 528/852 [3:36:03\u003c2:01:14, 22.45s/it]\r 62%|██████▏   | 529/852 [3:36:24\u003c1:58:16, 21.97s/it]\r 62%|██████▏   | 529/852 [3:36:24\u003c1:58:16, 21.97s/it]\n"}
,{"stream_name":"stderr","time":13216.659594338,"data":"\r 62%|██████▏   | 529/852 [3:36:24\u003c1:58:16, 21.97s/it]\r 62%|██████▏   | 530/852 [3:36:44\u003c1:55:46, 21.57s/it]\r                                                     \r\r 62%|██████▏   | 530/852 [3:36:44\u003c1:55:46, 21.57s/it]\r 62%|██████▏   | 530/852 [3:36:44\u003c1:55:46, 21.57s/it]\r                                                     \r\r 62%|██████▏   | 530/852 [3:36:44\u003c1:55:46, 21.57s/it]\n"}
,{"stream_name":"stderr","time":13237.081307286,"data":"\r 62%|██████▏   | 530/852 [3:36:44\u003c1:55:46, 21.57s/it]\r                                                     \r\r 62%|██████▏   | 530/852 [3:36:44\u003c1:55:46, 21.57s/it]\r 62%|██████▏   | 531/852 [3:37:05\u003c1:53:32, 21.22s/it]\r 62%|██████▏   | 531/852 [3:37:05\u003c1:53:32, 21.22s/it]\n"}
,{"stream_name":"stderr","time":13257.063648746,"data":"\r 62%|██████▏   | 531/852 [3:37:05\u003c1:53:32, 21.22s/it]\r 62%|██████▏   | 532/852 [3:37:25\u003c1:51:14, 20.86s/it]\r 62%|██████▏   | 532/852 [3:37:25\u003c1:51:14, 20.86s/it]\n"}
,{"stream_name":"stderr","time":13275.961006118,"data":"\r 62%|██████▏   | 532/852 [3:37:25\u003c1:51:14, 20.86s/it]\r 63%|██████▎   | 533/852 [3:37:44\u003c1:47:42, 20.26s/it]\r 63%|██████▎   | 533/852 [3:37:44\u003c1:47:42, 20.26s/it]\n"}
,{"stream_name":"stderr","time":13294.567061167,"data":"\r 63%|██████▎   | 533/852 [3:37:44\u003c1:47:42, 20.26s/it]\r 63%|██████▎   | 534/852 [3:38:02\u003c1:44:47, 19.77s/it]\r 63%|██████▎   | 534/852 [3:38:02\u003c1:44:47, 19.77s/it]\n"}
,{"stream_name":"stderr","time":13312.799520752,"data":"\r 63%|██████▎   | 534/852 [3:38:02\u003c1:44:47, 19.77s/it]\r 63%|██████▎   | 535/852 [3:38:21\u003c1:41:58, 19.30s/it]\r 63%|██████▎   | 535/852 [3:38:21\u003c1:41:58, 19.30s/it]\n"}
,{"stream_name":"stderr","time":13329.723349775,"data":"\r 63%|██████▎   | 535/852 [3:38:21\u003c1:41:58, 19.30s/it]\r 63%|██████▎   | 536/852 [3:38:38\u003c1:37:56, 18.60s/it]\r 63%|██████▎   | 536/852 [3:38:38\u003c1:37:56, 18.60s/it]\n"}
,{"stream_name":"stderr","time":13345.037281946,"data":"\r 63%|██████▎   | 536/852 [3:38:38\u003c1:37:56, 18.60s/it]\r 63%|██████▎   | 537/852 [3:38:53\u003c1:32:25, 17.60s/it]\r 63%|██████▎   | 537/852 [3:38:53\u003c1:32:25, 17.60s/it]\n"}
,{"stream_name":"stderr","time":13360.14725876,"data":"\r 63%|██████▎   | 537/852 [3:38:53\u003c1:32:25, 17.60s/it]\r 63%|██████▎   | 538/852 [3:39:08\u003c1:28:15, 16.86s/it]\r 63%|██████▎   | 538/852 [3:39:08\u003c1:28:15, 16.86s/it]\n"}
,{"stream_name":"stderr","time":13375.099456618,"data":"\r 63%|██████▎   | 538/852 [3:39:08\u003c1:28:15, 16.86s/it]\r 63%|██████▎   | 539/852 [3:39:23\u003c1:24:56, 16.28s/it]\r 63%|██████▎   | 539/852 [3:39:23\u003c1:24:56, 16.28s/it]\n"}
,{"stream_name":"stderr","time":13389.724463478,"data":"\r 63%|██████▎   | 539/852 [3:39:23\u003c1:24:56, 16.28s/it]\r 63%|██████▎   | 540/852 [3:39:38\u003c1:22:07, 15.79s/it]\r                                                     \r\r 63%|██████▎   | 540/852 [3:39:38\u003c1:22:07, 15.79s/it]\r 63%|██████▎   | 540/852 [3:39:38\u003c1:22:07, 15.79s/it]\r                                                     \r\r 63%|██████▎   | 540/852 [3:39:38\u003c1:22:07, 15.79s/it]\n"}
,{"stream_name":"stderr","time":13403.516035466,"data":"\r 63%|██████▎   | 540/852 [3:39:38\u003c1:22:07, 15.79s/it]\r                                                     \r\r 63%|██████▎   | 540/852 [3:39:38\u003c1:22:07, 15.79s/it]\r 63%|██████▎   | 541/852 [3:39:51\u003c1:18:44, 15.19s/it]\r 63%|██████▎   | 541/852 [3:39:51\u003c1:18:44, 15.19s/it]\n"}
,{"stream_name":"stderr","time":13415.719557807,"data":"\r 63%|██████▎   | 541/852 [3:39:51\u003c1:18:44, 15.19s/it]\r 64%|██████▎   | 542/852 [3:40:04\u003c1:13:49, 14.29s/it]\r 64%|██████▎   | 542/852 [3:40:04\u003c1:13:49, 14.29s/it]\n"}
,{"stream_name":"stderr","time":13426.315368026,"data":"\r 64%|██████▎   | 542/852 [3:40:04\u003c1:13:49, 14.29s/it]\r 64%|██████▎   | 543/852 [3:40:14\u003c1:07:55, 13.19s/it]\r 64%|██████▎   | 543/852 [3:40:14\u003c1:07:55, 13.19s/it]\n"}
,{"stream_name":"stderr","time":13436.538060391,"data":"\r 64%|██████▎   | 543/852 [3:40:14\u003c1:07:55, 13.19s/it]\r 64%|██████▍   | 544/852 [3:40:24\u003c1:03:07, 12.30s/it]\r 64%|██████▍   | 544/852 [3:40:24\u003c1:03:07, 12.30s/it]\n"}
,{"stream_name":"stderr","time":13445.41630434,"data":"\r 64%|██████▍   | 544/852 [3:40:24\u003c1:03:07, 12.30s/it]\r 64%|██████▍   | 545/852 [3:40:33\u003c57:40, 11.27s/it]  \r 64%|██████▍   | 545/852 [3:40:33\u003c57:40, 11.27s/it]  \n"}
,{"stream_name":"stderr","time":13453.58011036,"data":"\r 64%|██████▍   | 545/852 [3:40:33\u003c57:40, 11.27s/it]  \r 64%|██████▍   | 546/852 [3:40:41\u003c52:41, 10.33s/it]\r 64%|██████▍   | 546/852 [3:40:41\u003c52:41, 10.33s/it]\n"}
,{"stream_name":"stderr","time":13461.280856803,"data":"\r 64%|██████▍   | 546/852 [3:40:41\u003c52:41, 10.33s/it]\r 64%|██████▍   | 547/852 [3:40:49\u003c48:32,  9.55s/it]\r 64%|██████▍   | 547/852 [3:40:49\u003c48:32,  9.55s/it]\n"}
,{"stream_name":"stderr","time":13468.503940189,"data":"\r 64%|██████▍   | 547/852 [3:40:49\u003c48:32,  9.55s/it]\r 64%|██████▍   | 548/852 [3:40:56\u003c44:51,  8.85s/it]\r 64%|██████▍   | 548/852 [3:40:56\u003c44:51,  8.85s/it]\n"}
,{"stream_name":"stderr","time":13475.464959834,"data":"\r 64%|██████▍   | 548/852 [3:40:56\u003c44:51,  8.85s/it]\r 64%|██████▍   | 549/852 [3:41:03\u003c41:50,  8.29s/it]\r 64%|██████▍   | 549/852 [3:41:03\u003c41:50,  8.29s/it]\n"}
,{"stream_name":"stderr","time":13481.997176117,"data":"\r 64%|██████▍   | 549/852 [3:41:03\u003c41:50,  8.29s/it]\r 65%|██████▍   | 550/852 [3:41:10\u003c39:03,  7.76s/it]\r                                                   \r\r 65%|██████▍   | 550/852 [3:41:10\u003c39:03,  7.76s/it]\r 65%|██████▍   | 550/852 [3:41:10\u003c39:03,  7.76s/it]\r                                                   \r\r 65%|██████▍   | 550/852 [3:41:10\u003c39:03,  7.76s/it]\n"}
,{"stream_name":"stderr","time":13554.22465355,"data":"\r 65%|██████▍   | 550/852 [3:41:10\u003c39:03,  7.76s/it]\r                                                   \r\r 65%|██████▍   | 550/852 [3:41:10\u003c39:03,  7.76s/it]\r 65%|██████▍   | 551/852 [3:42:22\u003c2:15:53, 27.09s/it]\r 65%|██████▍   | 551/852 [3:42:22\u003c2:15:53, 27.09s/it]\n"}
,{"stream_name":"stderr","time":13611.580924427,"data":"\r 65%|██████▍   | 551/852 [3:42:22\u003c2:15:53, 27.09s/it]\r 65%|██████▍   | 552/852 [3:43:19\u003c3:00:51, 36.17s/it]\r 65%|██████▍   | 552/852 [3:43:19\u003c3:00:51, 36.17s/it]\n"}
,{"stream_name":"stderr","time":13660.762461203,"data":"\r 65%|██████▍   | 552/852 [3:43:19\u003c3:00:51, 36.17s/it]\r 65%|██████▍   | 553/852 [3:44:09\u003c3:19:42, 40.08s/it]\r 65%|██████▍   | 553/852 [3:44:09\u003c3:19:42, 40.08s/it]\n"}
,{"stream_name":"stderr","time":13704.225086266,"data":"\r 65%|██████▍   | 553/852 [3:44:09\u003c3:19:42, 40.08s/it]\r 65%|██████▌   | 554/852 [3:44:52\u003c3:24:05, 41.09s/it]\r 65%|██████▌   | 554/852 [3:44:52\u003c3:24:05, 41.09s/it]\n"}
,{"stream_name":"stderr","time":13741.897026225,"data":"\r 65%|██████▌   | 554/852 [3:44:52\u003c3:24:05, 41.09s/it]\r 65%|██████▌   | 555/852 [3:45:30\u003c3:18:19, 40.07s/it]\r 65%|██████▌   | 555/852 [3:45:30\u003c3:18:19, 40.07s/it]\n"}
,{"stream_name":"stderr","time":13777.432735363,"data":"\r 65%|██████▌   | 555/852 [3:45:30\u003c3:18:19, 40.07s/it]\r 65%|██████▌   | 556/852 [3:46:05\u003c3:10:57, 38.71s/it]\r 65%|██████▌   | 556/852 [3:46:05\u003c3:10:57, 38.71s/it]\n"}
,{"stream_name":"stderr","time":13812.020776783,"data":"\r 65%|██████▌   | 556/852 [3:46:05\u003c3:10:57, 38.71s/it]\r 65%|██████▌   | 557/852 [3:46:40\u003c3:04:13, 37.47s/it]\r 65%|██████▌   | 557/852 [3:46:40\u003c3:04:13, 37.47s/it]\n"}
,{"stream_name":"stderr","time":13843.444516115,"data":"\r 65%|██████▌   | 557/852 [3:46:40\u003c3:04:13, 37.47s/it]\r 65%|██████▌   | 558/852 [3:47:11\u003c2:54:43, 35.66s/it]\r 65%|██████▌   | 558/852 [3:47:11\u003c2:54:43, 35.66s/it]\n"}
,{"stream_name":"stderr","time":13873.181359725,"data":"\r 65%|██████▌   | 558/852 [3:47:11\u003c2:54:43, 35.66s/it]\r 66%|██████▌   | 559/852 [3:47:41\u003c2:45:29, 33.89s/it]\r 66%|██████▌   | 559/852 [3:47:41\u003c2:45:29, 33.89s/it]\n"}
,{"stream_name":"stderr","time":13901.990287841,"data":"\r 66%|██████▌   | 559/852 [3:47:41\u003c2:45:29, 33.89s/it]\r 66%|██████▌   | 560/852 [3:48:10\u003c2:37:28, 32.36s/it]\r                                                     \r\r 66%|██████▌   | 560/852 [3:48:10\u003c2:37:28, 32.36s/it]\r 66%|██████▌   | 560/852 [3:48:10\u003c2:37:28, 32.36s/it]\r                                                     \r\r 66%|██████▌   | 560/852 [3:48:10\u003c2:37:28, 32.36s/it]\n"}
,{"stream_name":"stderr","time":13930.402882802,"data":"\r 66%|██████▌   | 560/852 [3:48:10\u003c2:37:28, 32.36s/it]\r                                                     \r\r 66%|██████▌   | 560/852 [3:48:10\u003c2:37:28, 32.36s/it]\r 66%|██████▌   | 561/852 [3:48:38\u003c2:31:13, 31.18s/it]\r 66%|██████▌   | 561/852 [3:48:38\u003c2:31:13, 31.18s/it]\n"}
,{"stream_name":"stderr","time":13958.278126095,"data":"\r 66%|██████▌   | 561/852 [3:48:38\u003c2:31:13, 31.18s/it]\r 66%|██████▌   | 562/852 [3:49:06\u003c2:25:52, 30.18s/it]\r 66%|██████▌   | 562/852 [3:49:06\u003c2:25:52, 30.18s/it]\n"}
,{"stream_name":"stderr","time":13985.525889251,"data":"\r 66%|██████▌   | 562/852 [3:49:06\u003c2:25:52, 30.18s/it]\r 66%|██████▌   | 563/852 [3:49:33\u003c2:21:10, 29.31s/it]\r 66%|██████▌   | 563/852 [3:49:33\u003c2:21:10, 29.31s/it]\n"}
,{"stream_name":"stderr","time":14012.263415489,"data":"\r 66%|██████▌   | 563/852 [3:49:33\u003c2:21:10, 29.31s/it]\r 66%|██████▌   | 564/852 [3:50:00\u003c2:16:56, 28.53s/it]\r 66%|██████▌   | 564/852 [3:50:00\u003c2:16:56, 28.53s/it]\n"}
,{"stream_name":"stderr","time":14038.699126157,"data":"\r 66%|██████▌   | 564/852 [3:50:00\u003c2:16:56, 28.53s/it]\r 66%|██████▋   | 565/852 [3:50:27\u003c2:13:29, 27.91s/it]\r 66%|██████▋   | 565/852 [3:50:27\u003c2:13:29, 27.91s/it]\n"}
,{"stream_name":"stderr","time":14064.990292468,"data":"\r 66%|██████▋   | 565/852 [3:50:27\u003c2:13:29, 27.91s/it]\r 66%|██████▋   | 566/852 [3:50:53\u003c2:10:40, 27.41s/it]\r 66%|██████▋   | 566/852 [3:50:53\u003c2:10:40, 27.41s/it]\n"}
,{"stream_name":"stderr","time":14089.963891755,"data":"\r 66%|██████▋   | 566/852 [3:50:53\u003c2:10:40, 27.41s/it]\r 67%|██████▋   | 567/852 [3:51:18\u003c2:06:47, 26.69s/it]\r 67%|██████▋   | 567/852 [3:51:18\u003c2:06:47, 26.69s/it]\n"}
,{"stream_name":"stderr","time":14113.271772929,"data":"\r 67%|██████▋   | 567/852 [3:51:18\u003c2:06:47, 26.69s/it]\r 67%|██████▋   | 568/852 [3:51:41\u003c2:01:30, 25.67s/it]\r 67%|██████▋   | 568/852 [3:51:41\u003c2:01:30, 25.67s/it]\n"}
,{"stream_name":"stderr","time":14136.643420192,"data":"\r 67%|██████▋   | 568/852 [3:51:41\u003c2:01:30, 25.67s/it]\r 67%|██████▋   | 569/852 [3:52:04\u003c1:57:51, 24.99s/it]\r 67%|██████▋   | 569/852 [3:52:04\u003c1:57:51, 24.99s/it]\n"}
,{"stream_name":"stderr","time":14160.143560325,"data":"\r 67%|██████▋   | 569/852 [3:52:04\u003c1:57:51, 24.99s/it]\r 67%|██████▋   | 570/852 [3:52:28\u003c1:55:18, 24.53s/it]\r                                                     \r\r 67%|██████▋   | 570/852 [3:52:28\u003c1:55:18, 24.53s/it]\r 67%|██████▋   | 570/852 [3:52:28\u003c1:55:18, 24.53s/it]\r                                                     \r\r 67%|██████▋   | 570/852 [3:52:28\u003c1:55:18, 24.53s/it]\n"}
,{"stream_name":"stderr","time":14183.444777334,"data":"\r 67%|██████▋   | 570/852 [3:52:28\u003c1:55:18, 24.53s/it]\r                                                     \r\r 67%|██████▋   | 570/852 [3:52:28\u003c1:55:18, 24.53s/it]\r 67%|██████▋   | 571/852 [3:52:51\u003c1:53:12, 24.17s/it]\r 67%|██████▋   | 571/852 [3:52:51\u003c1:53:12, 24.17s/it]\n"}
,{"stream_name":"stderr","time":14206.418331541,"data":"\r 67%|██████▋   | 571/852 [3:52:51\u003c1:53:12, 24.17s/it]\r 67%|██████▋   | 572/852 [3:53:14\u003c1:51:05, 23.80s/it]\r 67%|██████▋   | 572/852 [3:53:14\u003c1:51:05, 23.80s/it]\n"}
,{"stream_name":"stderr","time":14229.13569645,"data":"\r 67%|██████▋   | 572/852 [3:53:14\u003c1:51:05, 23.80s/it]\r 67%|██████▋   | 573/852 [3:53:37\u003c1:49:12, 23.49s/it]\r 67%|██████▋   | 573/852 [3:53:37\u003c1:49:12, 23.49s/it]\n"}
,{"stream_name":"stderr","time":14251.738150637,"data":"\r 67%|██████▋   | 573/852 [3:53:37\u003c1:49:12, 23.49s/it]\r 67%|██████▋   | 574/852 [3:54:00\u003c1:47:33, 23.21s/it]\r 67%|██████▋   | 574/852 [3:54:00\u003c1:47:33, 23.21s/it]\n"}
,{"stream_name":"stderr","time":14274.068116292,"data":"\r 67%|██████▋   | 574/852 [3:54:00\u003c1:47:33, 23.21s/it]\r 67%|██████▋   | 575/852 [3:54:22\u003c1:45:58, 22.96s/it]\r 67%|██████▋   | 575/852 [3:54:22\u003c1:45:58, 22.96s/it]\n"}
,{"stream_name":"stderr","time":14296.313757322,"data":"\r 67%|██████▋   | 575/852 [3:54:22\u003c1:45:58, 22.96s/it]\r 68%|██████▊   | 576/852 [3:54:44\u003c1:44:34, 22.73s/it]\r 68%|██████▊   | 576/852 [3:54:44\u003c1:44:34, 22.73s/it]\n"}
,{"stream_name":"stderr","time":14317.151924531,"data":"\r 68%|██████▊   | 576/852 [3:54:44\u003c1:44:34, 22.73s/it]\r 68%|██████▊   | 577/852 [3:55:05\u003c1:41:37, 22.17s/it]\r 68%|██████▊   | 577/852 [3:55:05\u003c1:41:37, 22.17s/it]\n"}
,{"stream_name":"stderr","time":14337.966792726,"data":"\r 68%|██████▊   | 577/852 [3:55:05\u003c1:41:37, 22.17s/it]\r 68%|██████▊   | 578/852 [3:55:26\u003c1:39:21, 21.76s/it]\r 68%|██████▊   | 578/852 [3:55:26\u003c1:39:21, 21.76s/it]\n"}
,{"stream_name":"stderr","time":14358.524239169,"data":"\r 68%|██████▊   | 578/852 [3:55:26\u003c1:39:21, 21.76s/it]\r 68%|██████▊   | 579/852 [3:55:46\u003c1:37:23, 21.41s/it]\r 68%|██████▊   | 579/852 [3:55:46\u003c1:37:23, 21.41s/it]\n"}
,{"stream_name":"stderr","time":14378.891852779,"data":"\r 68%|██████▊   | 579/852 [3:55:46\u003c1:37:23, 21.41s/it]\r 68%|██████▊   | 580/852 [3:56:07\u003c1:35:35, 21.09s/it]\r                                                     \r\r 68%|██████▊   | 580/852 [3:56:07\u003c1:35:35, 21.09s/it]\r 68%|██████▊   | 580/852 [3:56:07\u003c1:35:35, 21.09s/it]\r                                                     \r\r 68%|██████▊   | 580/852 [3:56:07\u003c1:35:35, 21.09s/it]\n"}
,{"stream_name":"stderr","time":14398.300123649,"data":"\r 68%|██████▊   | 580/852 [3:56:07\u003c1:35:35, 21.09s/it]\r                                                     \r\r 68%|██████▊   | 580/852 [3:56:07\u003c1:35:35, 21.09s/it]\r 68%|██████▊   | 581/852 [3:56:26\u003c1:33:00, 20.59s/it]\r 68%|██████▊   | 581/852 [3:56:26\u003c1:33:00, 20.59s/it]\n"}
,{"stream_name":"stderr","time":14417.041984973,"data":"\r 68%|██████▊   | 581/852 [3:56:26\u003c1:33:00, 20.59s/it]\r 68%|██████▊   | 582/852 [3:56:45\u003c1:30:07, 20.03s/it]\r 68%|██████▊   | 582/852 [3:56:45\u003c1:30:07, 20.03s/it]\n"}
,{"stream_name":"stderr","time":14435.402720391,"data":"\r 68%|██████▊   | 582/852 [3:56:45\u003c1:30:07, 20.03s/it]\r 68%|██████▊   | 583/852 [3:57:03\u003c1:27:35, 19.54s/it]\r 68%|██████▊   | 583/852 [3:57:03\u003c1:27:35, 19.54s/it]\n"}
,{"stream_name":"stderr","time":14453.493689665,"data":"\r 68%|██████▊   | 583/852 [3:57:03\u003c1:27:35, 19.54s/it]\r 69%|██████▊   | 584/852 [3:57:21\u003c1:25:17, 19.10s/it]\r 69%|██████▊   | 584/852 [3:57:21\u003c1:25:17, 19.10s/it]\n"}
,{"stream_name":"stderr","time":14470.708635538,"data":"\r 69%|██████▊   | 584/852 [3:57:21\u003c1:25:17, 19.10s/it]\r 69%|██████▊   | 585/852 [3:57:39\u003c1:22:29, 18.54s/it]\r 69%|██████▊   | 585/852 [3:57:39\u003c1:22:29, 18.54s/it]\n"}
,{"stream_name":"stderr","time":14486.074898979,"data":"\r 69%|██████▊   | 585/852 [3:57:39\u003c1:22:29, 18.54s/it]\r 69%|██████▉   | 586/852 [3:57:54\u003c1:17:49, 17.55s/it]\r 69%|██████▉   | 586/852 [3:57:54\u003c1:17:49, 17.55s/it]\n"}
,{"stream_name":"stderr","time":14501.112317181,"data":"\r 69%|██████▉   | 586/852 [3:57:54\u003c1:17:49, 17.55s/it]\r 69%|██████▉   | 587/852 [3:58:09\u003c1:14:20, 16.83s/it]\r 69%|██████▉   | 587/852 [3:58:09\u003c1:14:20, 16.83s/it]\n"}
,{"stream_name":"stderr","time":14516.123360527,"data":"\r 69%|██████▉   | 587/852 [3:58:09\u003c1:14:20, 16.83s/it]\r 69%|██████▉   | 588/852 [3:58:24\u003c1:11:37, 16.28s/it]\r 69%|██████▉   | 588/852 [3:58:24\u003c1:11:37, 16.28s/it]\n"}
,{"stream_name":"stderr","time":14530.742905021,"data":"\r 69%|██████▉   | 588/852 [3:58:24\u003c1:11:37, 16.28s/it]\r 69%|██████▉   | 589/852 [3:58:39\u003c1:09:12, 15.79s/it]\r 69%|██████▉   | 589/852 [3:58:39\u003c1:09:12, 15.79s/it]\n"}
,{"stream_name":"stderr","time":14544.018704014,"data":"\r 69%|██████▉   | 589/852 [3:58:39\u003c1:09:12, 15.79s/it]\r 69%|██████▉   | 590/852 [3:58:52\u003c1:05:38, 15.03s/it]\r                                                     \r\r 69%|██████▉   | 590/852 [3:58:52\u003c1:05:38, 15.03s/it]\r 69%|██████▉   | 590/852 [3:58:52\u003c1:05:38, 15.03s/it]\r                                                     \r\r 69%|██████▉   | 590/852 [3:58:52\u003c1:05:38, 15.03s/it]\n"}
,{"stream_name":"stderr","time":14556.322974312,"data":"\r 69%|██████▉   | 590/852 [3:58:52\u003c1:05:38, 15.03s/it]\r                                                     \r\r 69%|██████▉   | 590/852 [3:58:52\u003c1:05:38, 15.03s/it]\r 69%|██████▉   | 591/852 [3:59:04\u003c1:01:48, 14.21s/it]\r 69%|██████▉   | 591/852 [3:59:04\u003c1:01:48, 14.21s/it]\n"}
,{"stream_name":"stderr","time":14566.96117195,"data":"\r 69%|██████▉   | 591/852 [3:59:04\u003c1:01:48, 14.21s/it]\r 69%|██████▉   | 592/852 [3:59:15\u003c56:57, 13.14s/it]  \r 69%|██████▉   | 592/852 [3:59:15\u003c56:57, 13.14s/it]  \n"}
,{"stream_name":"stderr","time":14576.889480941,"data":"\r 69%|██████▉   | 592/852 [3:59:15\u003c56:57, 13.14s/it]  \r 70%|██████▉   | 593/852 [3:59:25\u003c52:34, 12.18s/it]\r 70%|██████▉   | 593/852 [3:59:25\u003c52:34, 12.18s/it]\n"}
,{"stream_name":"stderr","time":14585.313063533,"data":"\r 70%|██████▉   | 593/852 [3:59:25\u003c52:34, 12.18s/it]\r 70%|██████▉   | 594/852 [3:59:33\u003c47:31, 11.05s/it]\r 70%|██████▉   | 594/852 [3:59:33\u003c47:31, 11.05s/it]\n"}
,{"stream_name":"stderr","time":14593.319456069,"data":"\r 70%|██████▉   | 594/852 [3:59:33\u003c47:31, 11.05s/it]\r 70%|██████▉   | 595/852 [3:59:41\u003c43:23, 10.13s/it]\r 70%|██████▉   | 595/852 [3:59:41\u003c43:23, 10.13s/it]\n"}
,{"stream_name":"stderr","time":14601.037532387,"data":"\r 70%|██████▉   | 595/852 [3:59:41\u003c43:23, 10.13s/it]\r 70%|██████▉   | 596/852 [3:59:49\u003c40:10,  9.41s/it]\r 70%|██████▉   | 596/852 [3:59:49\u003c40:10,  9.41s/it]\n"}
,{"stream_name":"stderr","time":14608.307127534,"data":"\r 70%|██████▉   | 596/852 [3:59:49\u003c40:10,  9.41s/it]\r 70%|███████   | 597/852 [3:59:56\u003c37:16,  8.77s/it]\r 70%|███████   | 597/852 [3:59:56\u003c37:16,  8.77s/it]\n"}
,{"stream_name":"stderr","time":14615.382690655,"data":"\r 70%|███████   | 597/852 [3:59:56\u003c37:16,  8.77s/it]\r 70%|███████   | 598/852 [4:00:03\u003c34:58,  8.26s/it]\r 70%|███████   | 598/852 [4:00:03\u003c34:58,  8.26s/it]\n"}
,{"stream_name":"stderr","time":14622.15363447,"data":"\r 70%|███████   | 598/852 [4:00:03\u003c34:58,  8.26s/it]\r 70%|███████   | 599/852 [4:00:10\u003c32:57,  7.82s/it]\r 70%|███████   | 599/852 [4:00:10\u003c32:57,  7.82s/it]\n"}
,{"stream_name":"stderr","time":14628.170700178,"data":"\r 70%|███████   | 599/852 [4:00:10\u003c32:57,  7.82s/it]\r 70%|███████   | 600/852 [4:00:16\u003c30:31,  7.27s/it]\r                                                   \r\r 70%|███████   | 600/852 [4:00:16\u003c30:31,  7.27s/it]\r 70%|███████   | 600/852 [4:00:16\u003c30:31,  7.27s/it]\r                                                   \r\r 70%|███████   | 600/852 [4:00:16\u003c30:31,  7.27s/it]\n"}
,{"stream_name":"stderr","time":14629.445900304,"data":"\r 70%|███████   | 600/852 [4:00:16\u003c30:31,  7.27s/it]\r                                                   \r\r 70%|███████   | 600/852 [4:00:16\u003c30:31,  7.27s/it]Unsloth: Restored added_tokens_decoder metadata in outputs/run2/checkpoint-600/tokenizer_config.json.\n"}
,{"stream_name":"stderr","time":14629.648016024,"data":"Unsloth: Restored added_tokens_decoder metadata in outputs/run2/checkpoint-600/tokenizer_config.json.\n"}
,{"stream_name":"stderr","time":14629.648057485,"data":"\n"}
,{"stream_name":"stderr","time":14629.648062375,"data":"Unsloth: Restored added_tokens_decoder metadata in outputs/run2/checkpoint-600/tokenizer_config.json.\n"}
,{"stream_name":"stderr","time":14702.284140887,"data":"\r 71%|███████   | 601/852 [4:01:30\u003c1:54:17, 27.32s/it]\r 71%|███████   | 601/852 [4:01:30\u003c1:54:17, 27.32s/it]\n"}
,{"stream_name":"stderr","time":14762.173588179,"data":"\r 71%|███████   | 601/852 [4:01:30\u003c1:54:17, 27.32s/it]\r 71%|███████   | 602/852 [4:02:30\u003c2:34:32, 37.09s/it]\r 71%|███████   | 602/852 [4:02:30\u003c2:34:32, 37.09s/it]\n"}
,{"stream_name":"stderr","time":14814.329914843,"data":"\r 71%|███████   | 602/852 [4:02:30\u003c2:34:32, 37.09s/it]\r 71%|███████   | 603/852 [4:03:22\u003c2:52:40, 41.61s/it]\r 71%|███████   | 603/852 [4:03:22\u003c2:52:40, 41.61s/it]\n"}
,{"stream_name":"stderr","time":14859.832234184,"data":"\r 71%|███████   | 603/852 [4:03:22\u003c2:52:40, 41.61s/it]\r 71%|███████   | 604/852 [4:04:08\u003c2:56:48, 42.78s/it]\r 71%|███████   | 604/852 [4:04:08\u003c2:56:48, 42.78s/it]\n"}
,{"stream_name":"stderr","time":14898.045306858,"data":"\r 71%|███████   | 604/852 [4:04:08\u003c2:56:48, 42.78s/it]\r 71%|███████   | 605/852 [4:04:46\u003c2:50:28, 41.41s/it]\r 71%|███████   | 605/852 [4:04:46\u003c2:50:28, 41.41s/it]\n"}
,{"stream_name":"stderr","time":14933.810158952,"data":"\r 71%|███████   | 605/852 [4:04:46\u003c2:50:28, 41.41s/it]\r 71%|███████   | 606/852 [4:05:22\u003c2:42:49, 39.71s/it]\r 71%|███████   | 606/852 [4:05:22\u003c2:42:49, 39.71s/it]\n"}
,{"stream_name":"stderr","time":14968.510282779,"data":"\r 71%|███████   | 606/852 [4:05:22\u003c2:42:49, 39.71s/it]\r 71%|███████   | 607/852 [4:05:56\u003c2:36:02, 38.21s/it]\r 71%|███████   | 607/852 [4:05:56\u003c2:36:02, 38.21s/it]\n"}
,{"stream_name":"stderr","time":15001.95885343,"data":"\r 71%|███████   | 607/852 [4:05:56\u003c2:36:02, 38.21s/it]\r 71%|███████▏  | 608/852 [4:06:30\u003c2:29:35, 36.78s/it]\r 71%|███████▏  | 608/852 [4:06:30\u003c2:29:35, 36.78s/it]\n"}
,{"stream_name":"stderr","time":15032.462607225,"data":"\r 71%|███████▏  | 608/852 [4:06:30\u003c2:29:35, 36.78s/it]\r 71%|███████▏  | 609/852 [4:07:00\u003c2:21:20, 34.90s/it]\r 71%|███████▏  | 609/852 [4:07:00\u003c2:21:20, 34.90s/it]\n"}
,{"stream_name":"stderr","time":15062.336326962,"data":"\r 71%|███████▏  | 609/852 [4:07:00\u003c2:21:20, 34.90s/it]\r 72%|███████▏  | 610/852 [4:07:30\u003c2:14:42, 33.40s/it]\r                                                     \r\r 72%|███████▏  | 610/852 [4:07:30\u003c2:14:42, 33.40s/it]\r 72%|███████▏  | 610/852 [4:07:30\u003c2:14:42, 33.40s/it]\r                                                     \r\r 72%|███████▏  | 610/852 [4:07:30\u003c2:14:42, 33.40s/it]\n"}
,{"stream_name":"stderr","time":15091.671670209,"data":"\r 72%|███████▏  | 610/852 [4:07:30\u003c2:14:42, 33.40s/it]\r                                                     \r\r 72%|███████▏  | 610/852 [4:07:30\u003c2:14:42, 33.40s/it]\r 72%|███████▏  | 611/852 [4:07:59\u003c2:09:13, 32.17s/it]\r 72%|███████▏  | 611/852 [4:07:59\u003c2:09:13, 32.17s/it]\n"}
,{"stream_name":"stderr","time":15120.637515917,"data":"\r 72%|███████▏  | 611/852 [4:07:59\u003c2:09:13, 32.17s/it]\r 72%|███████▏  | 612/852 [4:08:28\u003c2:04:52, 31.22s/it]\r 72%|███████▏  | 612/852 [4:08:28\u003c2:04:52, 31.22s/it]\n"}
,{"stream_name":"stderr","time":15149.913582753,"data":"\r 72%|███████▏  | 612/852 [4:08:28\u003c2:04:52, 31.22s/it]\r 72%|███████▏  | 613/852 [4:08:58\u003c2:02:00, 30.63s/it]\r 72%|███████▏  | 613/852 [4:08:58\u003c2:02:00, 30.63s/it]\n"}
,{"stream_name":"stderr","time":15177.877664049,"data":"\r 72%|███████▏  | 613/852 [4:08:58\u003c2:02:00, 30.63s/it]\r 72%|███████▏  | 614/852 [4:09:26\u003c1:58:21, 29.84s/it]\r 72%|███████▏  | 614/852 [4:09:26\u003c1:58:21, 29.84s/it]\n"}
,{"stream_name":"stderr","time":15205.690690589,"data":"\r 72%|███████▏  | 614/852 [4:09:26\u003c1:58:21, 29.84s/it]\r 72%|███████▏  | 615/852 [4:09:53\u003c1:55:25, 29.22s/it]\r 72%|███████▏  | 615/852 [4:09:53\u003c1:55:25, 29.22s/it]\n"}
,{"stream_name":"stderr","time":15233.131597803,"data":"\r 72%|███████▏  | 615/852 [4:09:53\u003c1:55:25, 29.22s/it]\r 72%|███████▏  | 616/852 [4:10:21\u003c1:52:52, 28.70s/it]\r 72%|███████▏  | 616/852 [4:10:21\u003c1:52:52, 28.70s/it]\n"}
,{"stream_name":"stderr","time":15260.061835292,"data":"\r 72%|███████▏  | 616/852 [4:10:21\u003c1:52:52, 28.70s/it]\r 72%|███████▏  | 617/852 [4:10:48\u003c1:50:17, 28.16s/it]\r 72%|███████▏  | 617/852 [4:10:48\u003c1:50:17, 28.16s/it]\n"}
,{"stream_name":"stderr","time":15286.57348732,"data":"\r 72%|███████▏  | 617/852 [4:10:48\u003c1:50:17, 28.16s/it]\r 73%|███████▎  | 618/852 [4:11:14\u003c1:47:55, 27.67s/it]\r 73%|███████▎  | 618/852 [4:11:14\u003c1:47:55, 27.67s/it]\n"}
,{"stream_name":"stderr","time":15312.851335461,"data":"\r 73%|███████▎  | 618/852 [4:11:14\u003c1:47:55, 27.67s/it]\r 73%|███████▎  | 619/852 [4:11:41\u003c1:45:48, 27.24s/it]\r 73%|███████▎  | 619/852 [4:11:41\u003c1:45:48, 27.24s/it]\n"}
,{"stream_name":"stderr","time":15338.105718625,"data":"\r 73%|███████▎  | 619/852 [4:11:41\u003c1:45:48, 27.24s/it]\r 73%|███████▎  | 620/852 [4:12:06\u003c1:43:04, 26.66s/it]\r                                                     \r\r 73%|███████▎  | 620/852 [4:12:06\u003c1:43:04, 26.66s/it]\r 73%|███████▎  | 620/852 [4:12:06\u003c1:43:04, 26.66s/it]\r                                                     \r\r 73%|███████▎  | 620/852 [4:12:06\u003c1:43:04, 26.66s/it]\n"}
,{"stream_name":"stderr","time":15361.340873059,"data":"\r 73%|███████▎  | 620/852 [4:12:06\u003c1:43:04, 26.66s/it]\r                                                     \r\r 73%|███████▎  | 620/852 [4:12:06\u003c1:43:04, 26.66s/it]\r 73%|███████▎  | 621/852 [4:12:29\u003c1:38:38, 25.62s/it]\r 73%|███████▎  | 621/852 [4:12:29\u003c1:38:38, 25.62s/it]\n"}
,{"stream_name":"stderr","time":15384.692244025,"data":"\r 73%|███████▎  | 621/852 [4:12:29\u003c1:38:38, 25.62s/it]\r 73%|███████▎  | 622/852 [4:12:53\u003c1:35:38, 24.95s/it]\r 73%|███████▎  | 622/852 [4:12:53\u003c1:35:38, 24.95s/it]\n"}
,{"stream_name":"stderr","time":15408.152595942,"data":"\r 73%|███████▎  | 622/852 [4:12:53\u003c1:35:38, 24.95s/it]\r 73%|███████▎  | 623/852 [4:13:16\u003c1:33:29, 24.49s/it]\r 73%|███████▎  | 623/852 [4:13:16\u003c1:33:29, 24.49s/it]\n"}
,{"stream_name":"stderr","time":15431.500209949,"data":"\r 73%|███████▎  | 623/852 [4:13:16\u003c1:33:29, 24.49s/it]\r 73%|███████▎  | 624/852 [4:13:39\u003c1:31:48, 24.16s/it]\r 73%|███████▎  | 624/852 [4:13:39\u003c1:31:48, 24.16s/it]\n"}
,{"stream_name":"stderr","time":15454.432840365,"data":"\r 73%|███████▎  | 624/852 [4:13:39\u003c1:31:48, 24.16s/it]\r 73%|███████▎  | 625/852 [4:14:02\u003c1:29:58, 23.78s/it]\r 73%|███████▎  | 625/852 [4:14:02\u003c1:29:58, 23.78s/it]\n"}
,{"stream_name":"stderr","time":15477.042186912,"data":"\r 73%|███████▎  | 625/852 [4:14:02\u003c1:29:58, 23.78s/it]\r 73%|███████▎  | 626/852 [4:14:25\u003c1:28:17, 23.44s/it]\r 73%|███████▎  | 626/852 [4:14:25\u003c1:28:17, 23.44s/it]\n"}
,{"stream_name":"stderr","time":15499.38587671,"data":"\r 73%|███████▎  | 626/852 [4:14:25\u003c1:28:17, 23.44s/it]\r 74%|███████▎  | 627/852 [4:14:47\u003c1:26:38, 23.10s/it]\r 74%|███████▎  | 627/852 [4:14:47\u003c1:26:38, 23.10s/it]\n"}
,{"stream_name":"stderr","time":15520.983635073,"data":"\r 74%|███████▎  | 627/852 [4:14:47\u003c1:26:38, 23.10s/it]\r 74%|███████▎  | 628/852 [4:15:09\u003c1:24:35, 22.66s/it]\r 74%|███████▎  | 628/852 [4:15:09\u003c1:24:35, 22.66s/it]\n"}
,{"stream_name":"stderr","time":15541.619544409,"data":"\r 74%|███████▎  | 628/852 [4:15:09\u003c1:24:35, 22.66s/it]\r 74%|███████▍  | 629/852 [4:15:29\u003c1:21:55, 22.04s/it]\r 74%|███████▍  | 629/852 [4:15:29\u003c1:21:55, 22.04s/it]\n"}
,{"stream_name":"stderr","time":15561.883485648,"data":"\r 74%|███████▍  | 629/852 [4:15:29\u003c1:21:55, 22.04s/it]\r 74%|███████▍  | 630/852 [4:15:50\u003c1:19:37, 21.52s/it]\r                                                     \r\r 74%|███████▍  | 630/852 [4:15:50\u003c1:19:37, 21.52s/it]\r 74%|███████▍  | 630/852 [4:15:50\u003c1:19:37, 21.52s/it]\r                                                     \r\r 74%|███████▍  | 630/852 [4:15:50\u003c1:19:37, 21.52s/it]\n"}
,{"stream_name":"stderr","time":15581.976625996,"data":"\r 74%|███████▍  | 630/852 [4:15:50\u003c1:19:37, 21.52s/it]\r                                                     \r\r 74%|███████▍  | 630/852 [4:15:50\u003c1:19:37, 21.52s/it]\r 74%|███████▍  | 631/852 [4:16:10\u003c1:17:38, 21.08s/it]\r 74%|███████▍  | 631/852 [4:16:10\u003c1:17:38, 21.08s/it]\n"}
,{"stream_name":"stderr","time":15601.193245219,"data":"\r 74%|███████▍  | 631/852 [4:16:10\u003c1:17:38, 21.08s/it]\r 74%|███████▍  | 632/852 [4:16:29\u003c1:15:16, 20.53s/it]\r 74%|███████▍  | 632/852 [4:16:29\u003c1:15:16, 20.53s/it]\n"}
,{"stream_name":"stderr","time":15619.827412145,"data":"\r 74%|███████▍  | 632/852 [4:16:29\u003c1:15:16, 20.53s/it]\r 74%|███████▍  | 633/852 [4:16:48\u003c1:12:49, 19.95s/it]\r 74%|███████▍  | 633/852 [4:16:48\u003c1:12:49, 19.95s/it]\n"}
,{"stream_name":"stderr","time":15638.166163382,"data":"\r 74%|███████▍  | 633/852 [4:16:48\u003c1:12:49, 19.95s/it]\r 74%|███████▍  | 634/852 [4:17:06\u003c1:10:46, 19.48s/it]\r 74%|███████▍  | 634/852 [4:17:06\u003c1:10:46, 19.48s/it]\n"}
,{"stream_name":"stderr","time":15656.328297061,"data":"\r 74%|███████▍  | 634/852 [4:17:06\u003c1:10:46, 19.48s/it]\r 75%|███████▍  | 635/852 [4:17:24\u003c1:08:59, 19.08s/it]\r 75%|███████▍  | 635/852 [4:17:24\u003c1:08:59, 19.08s/it]\n"}
,{"stream_name":"stderr","time":15673.257524875,"data":"\r 75%|███████▍  | 635/852 [4:17:24\u003c1:08:59, 19.08s/it]\r 75%|███████▍  | 636/852 [4:17:41\u003c1:06:22, 18.44s/it]\r 75%|███████▍  | 636/852 [4:17:41\u003c1:06:22, 18.44s/it]\n"}
,{"stream_name":"stderr","time":15688.48012914,"data":"\r 75%|███████▍  | 636/852 [4:17:41\u003c1:06:22, 18.44s/it]\r 75%|███████▍  | 637/852 [4:17:56\u003c1:02:34, 17.46s/it]\r 75%|███████▍  | 637/852 [4:17:56\u003c1:02:34, 17.46s/it]\n"}
,{"stream_name":"stderr","time":15703.543248019,"data":"\r 75%|███████▍  | 637/852 [4:17:56\u003c1:02:34, 17.46s/it]\r 75%|███████▍  | 638/852 [4:18:11\u003c59:45, 16.75s/it]  \r 75%|███████▍  | 638/852 [4:18:11\u003c59:45, 16.75s/it]  \n"}
,{"stream_name":"stderr","time":15718.390952828,"data":"\r 75%|███████▍  | 638/852 [4:18:11\u003c59:45, 16.75s/it]  \r 75%|███████▌  | 639/852 [4:18:26\u003c57:26, 16.18s/it]\r 75%|███████▌  | 639/852 [4:18:26\u003c57:26, 16.18s/it]\n"}
,{"stream_name":"stderr","time":15732.777229123,"data":"\r 75%|███████▌  | 639/852 [4:18:26\u003c57:26, 16.18s/it]\r 75%|███████▌  | 640/852 [4:18:41\u003c55:14, 15.64s/it]\r                                                   \r\r 75%|███████▌  | 640/852 [4:18:41\u003c55:14, 15.64s/it]\r 75%|███████▌  | 640/852 [4:18:41\u003c55:14, 15.64s/it]\r                                                   \r\r 75%|███████▌  | 640/852 [4:18:41\u003c55:14, 15.64s/it]\n"}
,{"stream_name":"stderr","time":15745.669636104,"data":"\r 75%|███████▌  | 640/852 [4:18:41\u003c55:14, 15.64s/it]\r                                                   \r\r 75%|███████▌  | 640/852 [4:18:41\u003c55:14, 15.64s/it]\r 75%|███████▌  | 641/852 [4:18:53\u003c52:07, 14.82s/it]\r 75%|███████▌  | 641/852 [4:18:53\u003c52:07, 14.82s/it]\n"}
,{"stream_name":"stderr","time":15757.313657781,"data":"\r 75%|███████▌  | 641/852 [4:18:53\u003c52:07, 14.82s/it]\r 75%|███████▌  | 642/852 [4:19:05\u003c48:32, 13.87s/it]\r 75%|███████▌  | 642/852 [4:19:05\u003c48:32, 13.87s/it]\n"}
,{"stream_name":"stderr","time":15767.588861022,"data":"\r 75%|███████▌  | 642/852 [4:19:05\u003c48:32, 13.87s/it]\r 75%|███████▌  | 643/852 [4:19:15\u003c44:31, 12.78s/it]\r 75%|███████▌  | 643/852 [4:19:15\u003c44:31, 12.78s/it]\n"}
,{"stream_name":"stderr","time":15776.442489064,"data":"\r 75%|███████▌  | 643/852 [4:19:15\u003c44:31, 12.78s/it]\r 76%|███████▌  | 644/852 [4:19:24\u003c40:15, 11.61s/it]\r 76%|███████▌  | 644/852 [4:19:24\u003c40:15, 11.61s/it]\n"}
,{"stream_name":"stderr","time":15784.507732162,"data":"\r 76%|███████▌  | 644/852 [4:19:24\u003c40:15, 11.61s/it]\r 76%|███████▌  | 645/852 [4:19:32\u003c36:23, 10.55s/it]\r 76%|███████▌  | 645/852 [4:19:32\u003c36:23, 10.55s/it]\n"}
,{"stream_name":"stderr","time":15792.323569053,"data":"\r 76%|███████▌  | 645/852 [4:19:32\u003c36:23, 10.55s/it]\r 76%|███████▌  | 646/852 [4:19:40\u003c33:23,  9.73s/it]\r 76%|███████▌  | 646/852 [4:19:40\u003c33:23,  9.73s/it]\n"}
,{"stream_name":"stderr","time":15799.62252617,"data":"\r 76%|███████▌  | 646/852 [4:19:40\u003c33:23,  9.73s/it]\r 76%|███████▌  | 647/852 [4:19:47\u003c30:43,  8.99s/it]\r 76%|███████▌  | 647/852 [4:19:47\u003c30:43,  8.99s/it]\n"}
,{"stream_name":"stderr","time":15806.655902712,"data":"\r 76%|███████▌  | 647/852 [4:19:47\u003c30:43,  8.99s/it]\r 76%|███████▌  | 648/852 [4:19:54\u003c28:36,  8.41s/it]\r 76%|███████▌  | 648/852 [4:19:54\u003c28:36,  8.41s/it]\n"}
,{"stream_name":"stderr","time":15813.516768817,"data":"\r 76%|███████▌  | 648/852 [4:19:54\u003c28:36,  8.41s/it]\r 76%|███████▌  | 649/852 [4:20:01\u003c26:53,  7.95s/it]\r 76%|███████▌  | 649/852 [4:20:01\u003c26:53,  7.95s/it]\n"}
,{"stream_name":"stderr","time":15819.816404726,"data":"\r 76%|███████▌  | 649/852 [4:20:01\u003c26:53,  7.95s/it]\r 76%|███████▋  | 650/852 [4:20:08\u003c25:05,  7.45s/it]\r                                                   \r\r 76%|███████▋  | 650/852 [4:20:08\u003c25:05,  7.45s/it]\r 76%|███████▋  | 650/852 [4:20:08\u003c25:05,  7.45s/it]\r                                                   \r\r 76%|███████▋  | 650/852 [4:20:08\u003c25:05,  7.45s/it]\n"}
,{"stream_name":"stderr","time":15895.841636713,"data":"\r 76%|███████▋  | 650/852 [4:20:08\u003c25:05,  7.45s/it]\r                                                   \r\r 76%|███████▋  | 650/852 [4:20:08\u003c25:05,  7.45s/it]\r 76%|███████▋  | 651/852 [4:21:24\u003c1:33:50, 28.01s/it]\r 76%|███████▋  | 651/852 [4:21:24\u003c1:33:50, 28.01s/it]\n"}
,{"stream_name":"stderr","time":15957.771052321,"data":"\r 76%|███████▋  | 651/852 [4:21:24\u003c1:33:50, 28.01s/it]\r 77%|███████▋  | 652/852 [4:22:26\u003c2:07:17, 38.19s/it]\r 77%|███████▋  | 652/852 [4:22:26\u003c2:07:17, 38.19s/it]\n"}
,{"stream_name":"stderr","time":16013.171464547,"data":"\r 77%|███████▋  | 652/852 [4:22:26\u003c2:07:17, 38.19s/it]\r 77%|███████▋  | 653/852 [4:23:21\u003c2:23:47, 43.35s/it]\r 77%|███████▋  | 653/852 [4:23:21\u003c2:23:47, 43.35s/it]\n"}
,{"stream_name":"stderr","time":16066.564873027,"data":"\r 77%|███████▋  | 653/852 [4:23:21\u003c2:23:47, 43.35s/it]\r 77%|███████▋  | 654/852 [4:24:14\u003c2:33:00, 46.37s/it]\r 77%|███████▋  | 654/852 [4:24:14\u003c2:33:00, 46.37s/it]\n"}
,{"stream_name":"stderr","time":16113.747003037,"data":"\r 77%|███████▋  | 654/852 [4:24:14\u003c2:33:00, 46.37s/it]\r 77%|███████▋  | 655/852 [4:25:02\u003c2:33:01, 46.61s/it]\r 77%|███████▋  | 655/852 [4:25:02\u003c2:33:01, 46.61s/it]\n"}
,{"stream_name":"stderr","time":16156.777818307,"data":"\r 77%|███████▋  | 655/852 [4:25:02\u003c2:33:01, 46.61s/it]\r 77%|███████▋  | 656/852 [4:25:45\u003c2:28:45, 45.54s/it]\r 77%|███████▋  | 656/852 [4:25:45\u003c2:28:45, 45.54s/it]\n"}
,{"stream_name":"stderr","time":16195.537914679,"data":"\r 77%|███████▋  | 656/852 [4:25:45\u003c2:28:45, 45.54s/it]\r 77%|███████▋  | 657/852 [4:26:23\u003c2:21:23, 43.50s/it]\r 77%|███████▋  | 657/852 [4:26:23\u003c2:21:23, 43.50s/it]\n"}
,{"stream_name":"stderr","time":16231.344045543,"data":"\r 77%|███████▋  | 657/852 [4:26:23\u003c2:21:23, 43.50s/it]\r 77%|███████▋  | 658/852 [4:26:59\u003c2:13:11, 41.19s/it]\r 77%|███████▋  | 658/852 [4:26:59\u003c2:13:11, 41.19s/it]\n"}
,{"stream_name":"stderr","time":16265.718213001,"data":"\r 77%|███████▋  | 658/852 [4:26:59\u003c2:13:11, 41.19s/it]\r 77%|███████▋  | 659/852 [4:27:34\u003c2:05:55, 39.15s/it]\r 77%|███████▋  | 659/852 [4:27:34\u003c2:05:55, 39.15s/it]\n"}
,{"stream_name":"stderr","time":16296.546611907,"data":"\r 77%|███████▋  | 659/852 [4:27:34\u003c2:05:55, 39.15s/it]\r 77%|███████▋  | 660/852 [4:28:04\u003c1:57:17, 36.65s/it]\r                                                     \r\r 77%|███████▋  | 660/852 [4:28:04\u003c1:57:17, 36.65s/it]\r 77%|███████▋  | 660/852 [4:28:04\u003c1:57:17, 36.65s/it]\r                                                     \r\r 77%|███████▋  | 660/852 [4:28:04\u003c1:57:17, 36.65s/it]\n"}
,{"stream_name":"stderr","time":16326.219830438,"data":"\r 77%|███████▋  | 660/852 [4:28:04\u003c1:57:17, 36.65s/it]\r                                                     \r\r 77%|███████▋  | 660/852 [4:28:04\u003c1:57:17, 36.65s/it]\r 78%|███████▊  | 661/852 [4:28:34\u003c1:50:02, 34.57s/it]\r 78%|███████▊  | 661/852 [4:28:34\u003c1:50:02, 34.57s/it]\n"}
,{"stream_name":"stderr","time":16355.132846031,"data":"\r 78%|███████▊  | 661/852 [4:28:34\u003c1:50:02, 34.57s/it]\r 78%|███████▊  | 662/852 [4:29:03\u003c1:44:03, 32.86s/it]\r 78%|███████▊  | 662/852 [4:29:03\u003c1:44:03, 32.86s/it]\n"}
,{"stream_name":"stderr","time":16384.436647659,"data":"\r 78%|███████▊  | 662/852 [4:29:03\u003c1:44:03, 32.86s/it]\r 78%|███████▊  | 663/852 [4:29:32\u003c1:40:10, 31.80s/it]\r 78%|███████▊  | 663/852 [4:29:32\u003c1:40:10, 31.80s/it]\n"}
,{"stream_name":"stderr","time":16412.49555912,"data":"\r 78%|███████▊  | 663/852 [4:29:32\u003c1:40:10, 31.80s/it]\r 78%|███████▊  | 664/852 [4:30:00\u003c1:36:05, 30.67s/it]\r 78%|███████▊  | 664/852 [4:30:00\u003c1:36:05, 30.67s/it]\n"}
,{"stream_name":"stderr","time":16440.149248651,"data":"\r 78%|███████▊  | 664/852 [4:30:00\u003c1:36:05, 30.67s/it]\r 78%|███████▊  | 665/852 [4:30:28\u003c1:32:48, 29.78s/it]\r 78%|███████▊  | 665/852 [4:30:28\u003c1:32:48, 29.78s/it]\n"}
,{"stream_name":"stderr","time":16467.558347751,"data":"\r 78%|███████▊  | 665/852 [4:30:28\u003c1:32:48, 29.78s/it]\r 78%|███████▊  | 666/852 [4:30:55\u003c1:30:04, 29.06s/it]\r 78%|███████▊  | 666/852 [4:30:55\u003c1:30:04, 29.06s/it]\n"}
,{"stream_name":"stderr","time":16494.127444118,"data":"\r 78%|███████▊  | 666/852 [4:30:55\u003c1:30:04, 29.06s/it]\r 78%|███████▊  | 667/852 [4:31:22\u003c1:27:19, 28.32s/it]\r 78%|███████▊  | 667/852 [4:31:22\u003c1:27:19, 28.32s/it]\n"}
,{"stream_name":"stderr","time":16520.486760025,"data":"\r 78%|███████▊  | 667/852 [4:31:22\u003c1:27:19, 28.32s/it]\r 78%|███████▊  | 668/852 [4:31:48\u003c1:25:00, 27.72s/it]\r 78%|███████▊  | 668/852 [4:31:48\u003c1:25:00, 27.72s/it]\n"}
,{"stream_name":"stderr","time":16546.691888342,"data":"\r 78%|███████▊  | 668/852 [4:31:48\u003c1:25:00, 27.72s/it]\r 79%|███████▊  | 669/852 [4:32:15\u003c1:23:11, 27.28s/it]\r 79%|███████▊  | 669/852 [4:32:15\u003c1:23:11, 27.28s/it]\n"}
,{"stream_name":"stderr","time":16570.846250635,"data":"\r 79%|███████▊  | 669/852 [4:32:15\u003c1:23:11, 27.28s/it]\r 79%|███████▊  | 670/852 [4:32:39\u003c1:19:51, 26.33s/it]\r                                                     \r\r 79%|███████▊  | 670/852 [4:32:39\u003c1:19:51, 26.33s/it]\r 79%|███████▊  | 670/852 [4:32:39\u003c1:19:51, 26.33s/it]\r                                                     \r\r 79%|███████▊  | 670/852 [4:32:39\u003c1:19:51, 26.33s/it]\n"}
,{"stream_name":"stderr","time":16594.30364212,"data":"\r 79%|███████▊  | 670/852 [4:32:39\u003c1:19:51, 26.33s/it]\r                                                     \r\r 79%|███████▊  | 670/852 [4:32:39\u003c1:19:51, 26.33s/it]\r 79%|███████▉  | 671/852 [4:33:02\u003c1:16:51, 25.48s/it]\r 79%|███████▉  | 671/852 [4:33:02\u003c1:16:51, 25.48s/it]\n"}
,{"stream_name":"stderr","time":16617.670562468,"data":"\r 79%|███████▉  | 671/852 [4:33:02\u003c1:16:51, 25.48s/it]\r 79%|███████▉  | 672/852 [4:33:25\u003c1:14:30, 24.84s/it]\r 79%|███████▉  | 672/852 [4:33:25\u003c1:14:30, 24.84s/it]\n"}
,{"stream_name":"stderr","time":16641.154357788,"data":"\r 79%|███████▉  | 672/852 [4:33:25\u003c1:14:30, 24.84s/it]\r 79%|███████▉  | 673/852 [4:33:49\u003c1:12:54, 24.44s/it]\r 79%|███████▉  | 673/852 [4:33:49\u003c1:12:54, 24.44s/it]\n"}
,{"stream_name":"stderr","time":16664.248205658,"data":"\r 79%|███████▉  | 673/852 [4:33:49\u003c1:12:54, 24.44s/it]\r 79%|███████▉  | 674/852 [4:34:12\u003c1:11:16, 24.03s/it]\r 79%|███████▉  | 674/852 [4:34:12\u003c1:11:16, 24.03s/it]\n"}
,{"stream_name":"stderr","time":16687.088288148,"data":"\r 79%|███████▉  | 674/852 [4:34:12\u003c1:11:16, 24.03s/it]\r 79%|███████▉  | 675/852 [4:34:35\u003c1:09:51, 23.68s/it]\r 79%|███████▉  | 675/852 [4:34:35\u003c1:09:51, 23.68s/it]\n"}
,{"stream_name":"stderr","time":16709.56232252,"data":"\r 79%|███████▉  | 675/852 [4:34:35\u003c1:09:51, 23.68s/it]\r 79%|███████▉  | 676/852 [4:34:57\u003c1:08:21, 23.31s/it]\r 79%|███████▉  | 676/852 [4:34:57\u003c1:08:21, 23.31s/it]\n"}
,{"stream_name":"stderr","time":16731.776248843,"data":"\r 79%|███████▉  | 676/852 [4:34:57\u003c1:08:21, 23.31s/it]\r 79%|███████▉  | 677/852 [4:35:20\u003c1:07:03, 22.99s/it]\r 79%|███████▉  | 677/852 [4:35:20\u003c1:07:03, 22.99s/it]\n"}
,{"stream_name":"stderr","time":16753.192933543,"data":"\r 79%|███████▉  | 677/852 [4:35:20\u003c1:07:03, 22.99s/it]\r 80%|███████▉  | 678/852 [4:35:41\u003c1:05:16, 22.51s/it]\r 80%|███████▉  | 678/852 [4:35:41\u003c1:05:16, 22.51s/it]\n"}
,{"stream_name":"stderr","time":16773.872609311,"data":"\r 80%|███████▉  | 678/852 [4:35:41\u003c1:05:16, 22.51s/it]\r 80%|███████▉  | 679/852 [4:36:02\u003c1:03:20, 21.97s/it]\r 80%|███████▉  | 679/852 [4:36:02\u003c1:03:20, 21.97s/it]\n"}
,{"stream_name":"stderr","time":16794.421657656,"data":"\r 80%|███████▉  | 679/852 [4:36:02\u003c1:03:20, 21.97s/it]\r 80%|███████▉  | 680/852 [4:36:22\u003c1:01:44, 21.54s/it]\r                                                     \r\r 80%|███████▉  | 680/852 [4:36:22\u003c1:01:44, 21.54s/it]\r 80%|███████▉  | 680/852 [4:36:22\u003c1:01:44, 21.54s/it]\r                                                     \r\r 80%|███████▉  | 680/852 [4:36:22\u003c1:01:44, 21.54s/it]\n"}
,{"stream_name":"stderr","time":16814.607711135,"data":"\r 80%|███████▉  | 680/852 [4:36:22\u003c1:01:44, 21.54s/it]\r                                                     \r\r 80%|███████▉  | 680/852 [4:36:22\u003c1:01:44, 21.54s/it]\r 80%|███████▉  | 681/852 [4:36:42\u003c1:00:14, 21.14s/it]\r 80%|███████▉  | 681/852 [4:36:42\u003c1:00:14, 21.14s/it]\n"}
,{"stream_name":"stderr","time":16834.106028776,"data":"\r 80%|███████▉  | 681/852 [4:36:42\u003c1:00:14, 21.14s/it]\r 80%|████████  | 682/852 [4:37:02\u003c58:27, 20.63s/it]  \r 80%|████████  | 682/852 [4:37:02\u003c58:27, 20.63s/it]  \n"}
,{"stream_name":"stderr","time":16852.662589116,"data":"\r 80%|████████  | 682/852 [4:37:02\u003c58:27, 20.63s/it]  \r 80%|████████  | 683/852 [4:37:20\u003c56:23, 20.02s/it]\r 80%|████████  | 683/852 [4:37:20\u003c56:23, 20.02s/it]\n"}
,{"stream_name":"stderr","time":16870.971646557,"data":"\r 80%|████████  | 683/852 [4:37:20\u003c56:23, 20.02s/it]\r 80%|████████  | 684/852 [4:37:39\u003c54:35, 19.50s/it]\r 80%|████████  | 684/852 [4:37:39\u003c54:35, 19.50s/it]\n"}
,{"stream_name":"stderr","time":16888.50168195,"data":"\r 80%|████████  | 684/852 [4:37:39\u003c54:35, 19.50s/it]\r 80%|████████  | 685/852 [4:37:56\u003c52:39, 18.92s/it]\r 80%|████████  | 685/852 [4:37:56\u003c52:39, 18.92s/it]\n"}
,{"stream_name":"stderr","time":16903.900552756,"data":"\r 80%|████████  | 685/852 [4:37:56\u003c52:39, 18.92s/it]\r 81%|████████  | 686/852 [4:38:12\u003c49:23, 17.85s/it]\r 81%|████████  | 686/852 [4:38:12\u003c49:23, 17.85s/it]\n"}
,{"stream_name":"stderr","time":16919.066292653,"data":"\r 81%|████████  | 686/852 [4:38:12\u003c49:23, 17.85s/it]\r 81%|████████  | 687/852 [4:38:27\u003c46:54, 17.06s/it]\r 81%|████████  | 687/852 [4:38:27\u003c46:54, 17.06s/it]\n"}
,{"stream_name":"stderr","time":16934.267225396,"data":"\r 81%|████████  | 687/852 [4:38:27\u003c46:54, 17.06s/it]\r 81%|████████  | 688/852 [4:38:42\u003c45:04, 16.49s/it]\r 81%|████████  | 688/852 [4:38:42\u003c45:04, 16.49s/it]\n"}
,{"stream_name":"stderr","time":16949.076404439,"data":"\r 81%|████████  | 688/852 [4:38:42\u003c45:04, 16.49s/it]\r 81%|████████  | 689/852 [4:38:57\u003c43:27, 16.00s/it]\r 81%|████████  | 689/852 [4:38:57\u003c43:27, 16.00s/it]\n"}
,{"stream_name":"stderr","time":16963.389430829,"data":"\r 81%|████████  | 689/852 [4:38:57\u003c43:27, 16.00s/it]\r 81%|████████  | 690/852 [4:39:11\u003c41:49, 15.49s/it]\r                                                   \r\r 81%|████████  | 690/852 [4:39:11\u003c41:49, 15.49s/it]\r 81%|████████  | 690/852 [4:39:11\u003c41:49, 15.49s/it]\r                                                   \r\r 81%|████████  | 690/852 [4:39:11\u003c41:49, 15.49s/it]\n"}
,{"stream_name":"stderr","time":16976.710842305,"data":"\r 81%|████████  | 690/852 [4:39:11\u003c41:49, 15.49s/it]\r                                                   \r\r 81%|████████  | 690/852 [4:39:11\u003c41:49, 15.49s/it]\r 81%|████████  | 691/852 [4:39:25\u003c39:47, 14.83s/it]\r 81%|████████  | 691/852 [4:39:25\u003c39:47, 14.83s/it]\n"}
,{"stream_name":"stderr","time":16989.003716897,"data":"\r 81%|████████  | 691/852 [4:39:25\u003c39:47, 14.83s/it]\r 81%|████████  | 692/852 [4:39:37\u003c37:32, 14.08s/it]\r 81%|████████  | 692/852 [4:39:37\u003c37:32, 14.08s/it]\n"}
,{"stream_name":"stderr","time":16999.533251859,"data":"\r 81%|████████  | 692/852 [4:39:37\u003c37:32, 14.08s/it]\r 81%|████████▏ | 693/852 [4:39:47\u003c34:29, 13.01s/it]\r 81%|████████▏ | 693/852 [4:39:47\u003c34:29, 13.01s/it]\n"}
,{"stream_name":"stderr","time":17008.873980609,"data":"\r 81%|████████▏ | 693/852 [4:39:47\u003c34:29, 13.01s/it]\r 81%|████████▏ | 694/852 [4:39:57\u003c31:20, 11.90s/it]\r 81%|████████▏ | 694/852 [4:39:57\u003c31:20, 11.90s/it]\n"}
,{"stream_name":"stderr","time":17017.053349074,"data":"\r 81%|████████▏ | 694/852 [4:39:57\u003c31:20, 11.90s/it]\r 82%|████████▏ | 695/852 [4:40:05\u003c28:14, 10.79s/it]\r 82%|████████▏ | 695/852 [4:40:05\u003c28:14, 10.79s/it]\n"}
,{"stream_name":"stderr","time":17024.875301221,"data":"\r 82%|████████▏ | 695/852 [4:40:05\u003c28:14, 10.79s/it]\r 82%|████████▏ | 696/852 [4:40:13\u003c25:44,  9.90s/it]\r 82%|████████▏ | 696/852 [4:40:13\u003c25:44,  9.90s/it]\n"}
,{"stream_name":"stderr","time":17032.209574911,"data":"\r 82%|████████▏ | 696/852 [4:40:13\u003c25:44,  9.90s/it]\r 82%|████████▏ | 697/852 [4:40:20\u003c23:35,  9.13s/it]\r 82%|████████▏ | 697/852 [4:40:20\u003c23:35,  9.13s/it]\n"}
,{"stream_name":"stderr","time":17039.190977552,"data":"\r 82%|████████▏ | 697/852 [4:40:20\u003c23:35,  9.13s/it]\r 82%|████████▏ | 698/852 [4:40:27\u003c21:45,  8.48s/it]\r 82%|████████▏ | 698/852 [4:40:27\u003c21:45,  8.48s/it]\n"}
,{"stream_name":"stderr","time":17045.937183368,"data":"\r 82%|████████▏ | 698/852 [4:40:27\u003c21:45,  8.48s/it]\r 82%|████████▏ | 699/852 [4:40:34\u003c20:19,  7.97s/it]\r 82%|████████▏ | 699/852 [4:40:34\u003c20:19,  7.97s/it]\n"}
,{"stream_name":"stderr","time":17052.079953742,"data":"\r 82%|████████▏ | 699/852 [4:40:34\u003c20:19,  7.97s/it]\r 82%|████████▏ | 700/852 [4:40:40\u003c18:47,  7.42s/it]\r                                                   \r\r 82%|████████▏ | 700/852 [4:40:40\u003c18:47,  7.42s/it]\r 82%|████████▏ | 700/852 [4:40:40\u003c18:47,  7.42s/it]\r                                                   \r\r 82%|████████▏ | 700/852 [4:40:40\u003c18:47,  7.42s/it]\n"}
,{"stream_name":"stderr","time":17128.048843405,"data":"\r 82%|████████▏ | 700/852 [4:40:40\u003c18:47,  7.42s/it]\r                                                   \r\r 82%|████████▏ | 700/852 [4:40:40\u003c18:47,  7.42s/it]\r 82%|████████▏ | 701/852 [4:41:56\u003c1:10:24, 27.98s/it]\r 82%|████████▏ | 701/852 [4:41:56\u003c1:10:24, 27.98s/it]\n"}
,{"stream_name":"stderr","time":17194.835527627,"data":"\r 82%|████████▏ | 701/852 [4:41:56\u003c1:10:24, 27.98s/it]\r 82%|████████▏ | 702/852 [4:43:03\u003c1:39:02, 39.62s/it]\r 82%|████████▏ | 702/852 [4:43:03\u003c1:39:02, 39.62s/it]\n"}
,{"stream_name":"stderr","time":17252.169650319,"data":"\r 82%|████████▏ | 702/852 [4:43:03\u003c1:39:02, 39.62s/it]\r 83%|████████▎ | 703/852 [4:44:00\u003c1:51:34, 44.93s/it]\r 83%|████████▎ | 703/852 [4:44:00\u003c1:51:34, 44.93s/it]\n"}
,{"stream_name":"stderr","time":17302.515785749,"data":"\r 83%|████████▎ | 703/852 [4:44:00\u003c1:51:34, 44.93s/it]\r 83%|████████▎ | 704/852 [4:44:50\u003c1:54:50, 46.56s/it]\r 83%|████████▎ | 704/852 [4:44:50\u003c1:54:50, 46.56s/it]\n"}
,{"stream_name":"stderr","time":17347.32681601,"data":"\r 83%|████████▎ | 704/852 [4:44:50\u003c1:54:50, 46.56s/it]\r 83%|████████▎ | 705/852 [4:45:35\u003c1:52:46, 46.03s/it]\r 83%|████████▎ | 705/852 [4:45:35\u003c1:52:46, 46.03s/it]\n"}
,{"stream_name":"stderr","time":17386.174235584,"data":"\r 83%|████████▎ | 705/852 [4:45:35\u003c1:52:46, 46.03s/it]\r 83%|████████▎ | 706/852 [4:46:14\u003c1:46:46, 43.88s/it]\r 83%|████████▎ | 706/852 [4:46:14\u003c1:46:46, 43.88s/it]\n"}
,{"stream_name":"stderr","time":17422.35943706,"data":"\r 83%|████████▎ | 706/852 [4:46:14\u003c1:46:46, 43.88s/it]\r 83%|████████▎ | 707/852 [4:46:50\u003c1:40:26, 41.56s/it]\r 83%|████████▎ | 707/852 [4:46:50\u003c1:40:26, 41.56s/it]\n"}
,{"stream_name":"stderr","time":17456.797160949,"data":"\r 83%|████████▎ | 707/852 [4:46:50\u003c1:40:26, 41.56s/it]\r 83%|████████▎ | 708/852 [4:47:25\u003c1:34:38, 39.43s/it]\r 83%|████████▎ | 708/852 [4:47:25\u003c1:34:38, 39.43s/it]\n"}
,{"stream_name":"stderr","time":17488.702854352,"data":"\r 83%|████████▎ | 708/852 [4:47:25\u003c1:34:38, 39.43s/it]\r 83%|████████▎ | 709/852 [4:47:57\u003c1:28:36, 37.18s/it]\r 83%|████████▎ | 709/852 [4:47:57\u003c1:28:36, 37.18s/it]\n"}
,{"stream_name":"stderr","time":17518.559690329,"data":"\r 83%|████████▎ | 709/852 [4:47:57\u003c1:28:36, 37.18s/it]\r 83%|████████▎ | 710/852 [4:48:26\u003c1:22:48, 34.99s/it]\r                                                     \r\r 83%|████████▎ | 710/852 [4:48:26\u003c1:22:48, 34.99s/it]\r 83%|████████▎ | 710/852 [4:48:26\u003c1:22:48, 34.99s/it]\r                                                     \r\r 83%|████████▎ | 710/852 [4:48:26\u003c1:22:48, 34.99s/it]\n"}
,{"stream_name":"stderr","time":17547.924658579,"data":"\r 83%|████████▎ | 710/852 [4:48:26\u003c1:22:48, 34.99s/it]\r                                                     \r\r 83%|████████▎ | 710/852 [4:48:26\u003c1:22:48, 34.99s/it]\r 83%|████████▎ | 711/852 [4:48:56\u003c1:18:13, 33.29s/it]\r 83%|████████▎ | 711/852 [4:48:56\u003c1:18:13, 33.29s/it]\n"}
,{"stream_name":"stderr","time":17576.583175341,"data":"\r 83%|████████▎ | 711/852 [4:48:56\u003c1:18:13, 33.29s/it]\r 84%|████████▎ | 712/852 [4:49:24\u003c1:14:27, 31.91s/it]\r 84%|████████▎ | 712/852 [4:49:24\u003c1:14:27, 31.91s/it]\n"}
,{"stream_name":"stderr","time":17605.975987641,"data":"\r 84%|████████▎ | 712/852 [4:49:24\u003c1:14:27, 31.91s/it]\r 84%|████████▎ | 713/852 [4:49:54\u003c1:12:09, 31.15s/it]\r 84%|████████▎ | 713/852 [4:49:54\u003c1:12:09, 31.15s/it]\n"}
,{"stream_name":"stderr","time":17634.062107786,"data":"\r 84%|████████▎ | 713/852 [4:49:54\u003c1:12:09, 31.15s/it]\r 84%|████████▍ | 714/852 [4:50:22\u003c1:09:32, 30.24s/it]\r 84%|████████▍ | 714/852 [4:50:22\u003c1:09:32, 30.24s/it]\n"}
,{"stream_name":"stderr","time":17661.609610672,"data":"\r 84%|████████▍ | 714/852 [4:50:22\u003c1:09:32, 30.24s/it]\r 84%|████████▍ | 715/852 [4:50:49\u003c1:07:10, 29.42s/it]\r 84%|████████▍ | 715/852 [4:50:49\u003c1:07:10, 29.42s/it]\n"}
,{"stream_name":"stderr","time":17688.474866203,"data":"\r 84%|████████▍ | 715/852 [4:50:49\u003c1:07:10, 29.42s/it]\r 84%|████████▍ | 716/852 [4:51:16\u003c1:04:58, 28.66s/it]\r 84%|████████▍ | 716/852 [4:51:16\u003c1:04:58, 28.66s/it]\n"}
,{"stream_name":"stderr","time":17714.997764909,"data":"\r 84%|████████▍ | 716/852 [4:51:16\u003c1:04:58, 28.66s/it]\r 84%|████████▍ | 717/852 [4:51:43\u003c1:03:01, 28.01s/it]\r 84%|████████▍ | 717/852 [4:51:43\u003c1:03:01, 28.01s/it]\n"}
,{"stream_name":"stderr","time":17741.3988969,"data":"\r 84%|████████▍ | 717/852 [4:51:43\u003c1:03:01, 28.01s/it]\r 84%|████████▍ | 718/852 [4:52:09\u003c1:01:30, 27.54s/it]\r 84%|████████▍ | 718/852 [4:52:09\u003c1:01:30, 27.54s/it]\n"}
,{"stream_name":"stderr","time":17767.777637909,"data":"\r 84%|████████▍ | 718/852 [4:52:09\u003c1:01:30, 27.54s/it]\r 84%|████████▍ | 719/852 [4:52:36\u003c1:00:15, 27.18s/it]\r 84%|████████▍ | 719/852 [4:52:36\u003c1:00:15, 27.18s/it]\n"}
,{"stream_name":"stderr","time":17791.260051346,"data":"\r 84%|████████▍ | 719/852 [4:52:36\u003c1:00:15, 27.18s/it]\r 85%|████████▍ | 720/852 [4:52:59\u003c57:22, 26.08s/it]  \r                                                   \r\r 85%|████████▍ | 720/852 [4:52:59\u003c57:22, 26.08s/it]\r 85%|████████▍ | 720/852 [4:52:59\u003c57:22, 26.08s/it]  \r                                                   \r\r 85%|████████▍ | 720/852 [4:52:59\u003c57:22, 26.08s/it]\n"}
,{"stream_name":"stderr","time":17814.514340301,"data":"\r 85%|████████▍ | 720/852 [4:52:59\u003c57:22, 26.08s/it]  \r                                                   \r\r 85%|████████▍ | 720/852 [4:52:59\u003c57:22, 26.08s/it]\r 85%|████████▍ | 721/852 [4:53:22\u003c55:04, 25.22s/it]\r 85%|████████▍ | 721/852 [4:53:22\u003c55:04, 25.22s/it]\n"}
,{"stream_name":"stderr","time":17837.767452214,"data":"\r 85%|████████▍ | 721/852 [4:53:22\u003c55:04, 25.22s/it]\r 85%|████████▍ | 722/852 [4:53:46\u003c53:23, 24.64s/it]\r 85%|████████▍ | 722/852 [4:53:46\u003c53:23, 24.64s/it]\n"}
,{"stream_name":"stderr","time":17860.998433951,"data":"\r 85%|████████▍ | 722/852 [4:53:46\u003c53:23, 24.64s/it]\r 85%|████████▍ | 723/852 [4:54:09\u003c52:02, 24.21s/it]\r 85%|████████▍ | 723/852 [4:54:09\u003c52:02, 24.21s/it]\n"}
,{"stream_name":"stderr","time":17883.68152689,"data":"\r 85%|████████▍ | 723/852 [4:54:09\u003c52:02, 24.21s/it]\r 85%|████████▍ | 724/852 [4:54:32\u003c50:41, 23.76s/it]\r 85%|████████▍ | 724/852 [4:54:32\u003c50:41, 23.76s/it]\n"}
,{"stream_name":"stderr","time":17906.024062399,"data":"\r 85%|████████▍ | 724/852 [4:54:32\u003c50:41, 23.76s/it]\r 85%|████████▌ | 725/852 [4:54:54\u003c49:22, 23.33s/it]\r 85%|████████▌ | 725/852 [4:54:54\u003c49:22, 23.33s/it]\n"}
,{"stream_name":"stderr","time":17928.170572731,"data":"\r 85%|████████▌ | 725/852 [4:54:54\u003c49:22, 23.33s/it]\r 85%|████████▌ | 726/852 [4:55:16\u003c48:15, 22.98s/it]\r 85%|████████▌ | 726/852 [4:55:16\u003c48:15, 22.98s/it]\n"}
,{"stream_name":"stderr","time":17950.221485855,"data":"\r 85%|████████▌ | 726/852 [4:55:16\u003c48:15, 22.98s/it]\r 85%|████████▌ | 727/852 [4:55:38\u003c47:16, 22.69s/it]\r 85%|████████▌ | 727/852 [4:55:38\u003c47:16, 22.69s/it]\n"}
,{"stream_name":"stderr","time":17970.872463704,"data":"\r 85%|████████▌ | 727/852 [4:55:38\u003c47:16, 22.69s/it]\r 85%|████████▌ | 728/852 [4:55:59\u003c45:39, 22.09s/it]\r 85%|████████▌ | 728/852 [4:55:59\u003c45:39, 22.09s/it]\n"}
,{"stream_name":"stderr","time":17991.243683734,"data":"\r 85%|████████▌ | 728/852 [4:55:59\u003c45:39, 22.09s/it]\r 86%|████████▌ | 729/852 [4:56:19\u003c44:12, 21.56s/it]\r 86%|████████▌ | 729/852 [4:56:19\u003c44:12, 21.56s/it]\n"}
,{"stream_name":"stderr","time":18011.241418044,"data":"\r 86%|████████▌ | 729/852 [4:56:19\u003c44:12, 21.56s/it]\r 86%|████████▌ | 730/852 [4:56:39\u003c42:54, 21.10s/it]\r                                                   \r\r 86%|████████▌ | 730/852 [4:56:39\u003c42:54, 21.10s/it]\r 86%|████████▌ | 730/852 [4:56:39\u003c42:54, 21.10s/it]\r                                                   \r\r 86%|████████▌ | 730/852 [4:56:39\u003c42:54, 21.10s/it]\n"}
,{"stream_name":"stderr","time":18030.250960571,"data":"\r 86%|████████▌ | 730/852 [4:56:39\u003c42:54, 21.10s/it]\r                                                   \r\r 86%|████████▌ | 730/852 [4:56:39\u003c42:54, 21.10s/it]\r 86%|████████▌ | 731/852 [4:56:58\u003c41:16, 20.47s/it]\r 86%|████████▌ | 731/852 [4:56:58\u003c41:16, 20.47s/it]\n"}
,{"stream_name":"stderr","time":18048.678273935,"data":"\r 86%|████████▌ | 731/852 [4:56:58\u003c41:16, 20.47s/it]\r 86%|████████▌ | 732/852 [4:57:17\u003c39:43, 19.86s/it]\r 86%|████████▌ | 732/852 [4:57:17\u003c39:43, 19.86s/it]\n"}
,{"stream_name":"stderr","time":18066.948868104,"data":"\r 86%|████████▌ | 732/852 [4:57:17\u003c39:43, 19.86s/it]\r 86%|████████▌ | 733/852 [4:57:35\u003c38:25, 19.38s/it]\r 86%|████████▌ | 733/852 [4:57:35\u003c38:25, 19.38s/it]\n"}
,{"stream_name":"stderr","time":18084.845245213,"data":"\r 86%|████████▌ | 733/852 [4:57:35\u003c38:25, 19.38s/it]\r 86%|████████▌ | 734/852 [4:57:53\u003c37:15, 18.94s/it]\r 86%|████████▌ | 734/852 [4:57:53\u003c37:15, 18.94s/it]\n"}
,{"stream_name":"stderr","time":18101.72038377,"data":"\r 86%|████████▌ | 734/852 [4:57:53\u003c37:15, 18.94s/it]\r 86%|████████▋ | 735/852 [4:58:10\u003c35:42, 18.31s/it]\r 86%|████████▋ | 735/852 [4:58:10\u003c35:42, 18.31s/it]\n"}
,{"stream_name":"stderr","time":18116.847644286,"data":"\r 86%|████████▋ | 735/852 [4:58:10\u003c35:42, 18.31s/it]\r 86%|████████▋ | 736/852 [4:58:25\u003c33:34, 17.37s/it]\r 86%|████████▋ | 736/852 [4:58:25\u003c33:34, 17.37s/it]\n"}
,{"stream_name":"stderr","time":18131.811561403,"data":"\r 86%|████████▋ | 736/852 [4:58:25\u003c33:34, 17.37s/it]\r 87%|████████▋ | 737/852 [4:58:40\u003c31:53, 16.64s/it]\r 87%|████████▋ | 737/852 [4:58:40\u003c31:53, 16.64s/it]\n"}
,{"stream_name":"stderr","time":18146.636150727,"data":"\r 87%|████████▋ | 737/852 [4:58:40\u003c31:53, 16.64s/it]\r 87%|████████▋ | 738/852 [4:58:54\u003c30:35, 16.10s/it]\r 87%|████████▋ | 738/852 [4:58:54\u003c30:35, 16.10s/it]\n"}
,{"stream_name":"stderr","time":18161.235647013,"data":"\r 87%|████████▋ | 738/852 [4:58:54\u003c30:35, 16.10s/it]\r 87%|████████▋ | 739/852 [4:59:09\u003c29:28, 15.65s/it]\r 87%|████████▋ | 739/852 [4:59:09\u003c29:28, 15.65s/it]\n"}
,{"stream_name":"stderr","time":18175.123376258,"data":"\r 87%|████████▋ | 739/852 [4:59:09\u003c29:28, 15.65s/it]\r 87%|████████▋ | 740/852 [4:59:23\u003c28:12, 15.11s/it]\r                                                   \r\r 87%|████████▋ | 740/852 [4:59:23\u003c28:12, 15.11s/it]\r 87%|████████▋ | 740/852 [4:59:23\u003c28:12, 15.11s/it]\r                                                   \r\r 87%|████████▋ | 740/852 [4:59:23\u003c28:12, 15.11s/it]\n"}
,{"stream_name":"stderr","time":18187.583112623,"data":"\r 87%|████████▋ | 740/852 [4:59:23\u003c28:12, 15.11s/it]\r                                                   \r\r 87%|████████▋ | 740/852 [4:59:23\u003c28:12, 15.11s/it]\r 87%|████████▋ | 741/852 [4:59:35\u003c26:30, 14.33s/it]\r 87%|████████▋ | 741/852 [4:59:35\u003c26:30, 14.33s/it]\n"}
,{"stream_name":"stderr","time":18198.495268562,"data":"\r 87%|████████▋ | 741/852 [4:59:35\u003c26:30, 14.33s/it]\r 87%|████████▋ | 742/852 [4:59:46\u003c24:23, 13.30s/it]\r 87%|████████▋ | 742/852 [4:59:46\u003c24:23, 13.30s/it]\n"}
,{"stream_name":"stderr","time":18208.691306165,"data":"\r 87%|████████▋ | 742/852 [4:59:46\u003c24:23, 13.30s/it]\r 87%|████████▋ | 743/852 [4:59:56\u003c22:27, 12.36s/it]\r 87%|████████▋ | 743/852 [4:59:56\u003c22:27, 12.36s/it]\n"}
,{"stream_name":"stderr","time":18217.216815037,"data":"\r 87%|████████▋ | 743/852 [4:59:56\u003c22:27, 12.36s/it]\r 87%|████████▋ | 744/852 [5:00:05\u003c20:11, 11.22s/it]\r 87%|████████▋ | 744/852 [5:00:05\u003c20:11, 11.22s/it]\n"}
,{"stream_name":"stderr","time":18225.413281694,"data":"\r 87%|████████▋ | 744/852 [5:00:05\u003c20:11, 11.22s/it]\r 87%|████████▋ | 745/852 [5:00:13\u003c18:23, 10.31s/it]\r 87%|████████▋ | 745/852 [5:00:13\u003c18:23, 10.31s/it]\n"}
,{"stream_name":"stderr","time":18233.385014367,"data":"\r 87%|████████▋ | 745/852 [5:00:13\u003c18:23, 10.31s/it]\r 88%|████████▊ | 746/852 [5:00:21\u003c16:58,  9.61s/it]\r 88%|████████▊ | 746/852 [5:00:21\u003c16:58,  9.61s/it]\n"}
,{"stream_name":"stderr","time":18241.044625748,"data":"\r 88%|████████▊ | 746/852 [5:00:21\u003c16:58,  9.61s/it]\r 88%|████████▊ | 747/852 [5:00:29\u003c15:46,  9.01s/it]\r 88%|████████▊ | 747/852 [5:00:29\u003c15:46,  9.01s/it]\n"}
,{"stream_name":"stderr","time":18248.186036629,"data":"\r 88%|████████▊ | 747/852 [5:00:29\u003c15:46,  9.01s/it]\r 88%|████████▊ | 748/852 [5:00:36\u003c14:40,  8.46s/it]\r 88%|████████▊ | 748/852 [5:00:36\u003c14:40,  8.46s/it]\n"}
,{"stream_name":"stderr","time":18255.061081679,"data":"\r 88%|████████▊ | 748/852 [5:00:36\u003c14:40,  8.46s/it]\r 88%|████████▊ | 749/852 [5:00:43\u003c13:42,  7.99s/it]\r 88%|████████▊ | 749/852 [5:00:43\u003c13:42,  7.99s/it]\n"}
,{"stream_name":"stderr","time":18261.355786502,"data":"\r 88%|████████▊ | 749/852 [5:00:43\u003c13:42,  7.99s/it]\r 88%|████████▊ | 750/852 [5:00:49\u003c12:42,  7.48s/it]\r                                                   \r\r 88%|████████▊ | 750/852 [5:00:49\u003c12:42,  7.48s/it]\r 88%|████████▊ | 750/852 [5:00:49\u003c12:42,  7.48s/it]\r                                                   \r\r 88%|████████▊ | 750/852 [5:00:49\u003c12:42,  7.48s/it]\n"}
,{"stream_name":"stderr","time":18333.834169465,"data":"\r 88%|████████▊ | 750/852 [5:00:49\u003c12:42,  7.48s/it]\r                                                   \r\r 88%|████████▊ | 750/852 [5:00:49\u003c12:42,  7.48s/it]\r 88%|████████▊ | 751/852 [5:02:02\u003c45:23, 26.97s/it]\r 88%|████████▊ | 751/852 [5:02:02\u003c45:23, 26.97s/it]\n"}
,{"stream_name":"stderr","time":18394.49385271,"data":"\r 88%|████████▊ | 751/852 [5:02:02\u003c45:23, 26.97s/it]\r 88%|████████▊ | 752/852 [5:03:02\u003c1:01:47, 37.08s/it]\r 88%|████████▊ | 752/852 [5:03:02\u003c1:01:47, 37.08s/it]\n"}
,{"stream_name":"stderr","time":18449.598829338,"data":"\r 88%|████████▊ | 752/852 [5:03:02\u003c1:01:47, 37.08s/it]\r 88%|████████▊ | 753/852 [5:03:57\u003c1:10:05, 42.48s/it]\r 88%|████████▊ | 753/852 [5:03:57\u003c1:10:05, 42.48s/it]\n"}
,{"stream_name":"stderr","time":18500.157104562,"data":"\r 88%|████████▊ | 753/852 [5:03:57\u003c1:10:05, 42.48s/it]\r 88%|████████▊ | 754/852 [5:04:48\u003c1:13:21, 44.91s/it]\r 88%|████████▊ | 754/852 [5:04:48\u003c1:13:21, 44.91s/it]\n"}
,{"stream_name":"stderr","time":18544.941671933,"data":"\r 88%|████████▊ | 754/852 [5:04:48\u003c1:13:21, 44.91s/it]\r 89%|████████▊ | 755/852 [5:05:33\u003c1:12:32, 44.87s/it]\r 89%|████████▊ | 755/852 [5:05:33\u003c1:12:32, 44.87s/it]\n"}
,{"stream_name":"stderr","time":18583.619620864,"data":"\r 89%|████████▊ | 755/852 [5:05:33\u003c1:12:32, 44.87s/it]\r 89%|████████▊ | 756/852 [5:06:11\u003c1:08:49, 43.01s/it]\r 89%|████████▊ | 756/852 [5:06:11\u003c1:08:49, 43.01s/it]\n"}
,{"stream_name":"stderr","time":18619.579332799,"data":"\r 89%|████████▊ | 756/852 [5:06:11\u003c1:08:49, 43.01s/it]\r 89%|████████▉ | 757/852 [5:06:47\u003c1:04:44, 40.89s/it]\r 89%|████████▉ | 757/852 [5:06:47\u003c1:04:44, 40.89s/it]\n"}
,{"stream_name":"stderr","time":18654.399822565,"data":"\r 89%|████████▉ | 757/852 [5:06:47\u003c1:04:44, 40.89s/it]\r 89%|████████▉ | 758/852 [5:07:22\u003c1:01:12, 39.07s/it]\r 89%|████████▉ | 758/852 [5:07:22\u003c1:01:12, 39.07s/it]\n"}
,{"stream_name":"stderr","time":18687.741845144,"data":"\r 89%|████████▉ | 758/852 [5:07:22\u003c1:01:12, 39.07s/it]\r 89%|████████▉ | 759/852 [5:07:56\u003c57:54, 37.36s/it]  \r 89%|████████▉ | 759/852 [5:07:56\u003c57:54, 37.36s/it]  \n"}
,{"stream_name":"stderr","time":18718.080872766,"data":"\r 89%|████████▉ | 759/852 [5:07:56\u003c57:54, 37.36s/it]  \r 89%|████████▉ | 760/852 [5:08:26\u003c54:03, 35.25s/it]\r                                                   \r\r 89%|████████▉ | 760/852 [5:08:26\u003c54:03, 35.25s/it]\r 89%|████████▉ | 760/852 [5:08:26\u003c54:03, 35.25s/it]\r                                                   \r\r 89%|████████▉ | 760/852 [5:08:26\u003c54:03, 35.25s/it]\n"}
,{"stream_name":"stderr","time":18747.703579622,"data":"\r 89%|████████▉ | 760/852 [5:08:26\u003c54:03, 35.25s/it]\r                                                   \r\r 89%|████████▉ | 760/852 [5:08:26\u003c54:03, 35.25s/it]\r 89%|████████▉ | 761/852 [5:08:56\u003c50:55, 33.57s/it]\r 89%|████████▉ | 761/852 [5:08:56\u003c50:55, 33.57s/it]\n"}
,{"stream_name":"stderr","time":18776.421160772,"data":"\r 89%|████████▉ | 761/852 [5:08:56\u003c50:55, 33.57s/it]\r 89%|████████▉ | 762/852 [5:09:24\u003c48:09, 32.11s/it]\r 89%|████████▉ | 762/852 [5:09:24\u003c48:09, 32.11s/it]\n"}
,{"stream_name":"stderr","time":18804.266203273,"data":"\r 89%|████████▉ | 762/852 [5:09:24\u003c48:09, 32.11s/it]\r 90%|████████▉ | 763/852 [5:09:52\u003c45:44, 30.84s/it]\r 90%|████████▉ | 763/852 [5:09:52\u003c45:44, 30.84s/it]\n"}
,{"stream_name":"stderr","time":18831.562214514,"data":"\r 90%|████████▉ | 763/852 [5:09:52\u003c45:44, 30.84s/it]\r 90%|████████▉ | 764/852 [5:10:19\u003c43:39, 29.76s/it]\r 90%|████████▉ | 764/852 [5:10:19\u003c43:39, 29.76s/it]\n"}
,{"stream_name":"stderr","time":18858.199532892,"data":"\r 90%|████████▉ | 764/852 [5:10:19\u003c43:39, 29.76s/it]\r 90%|████████▉ | 765/852 [5:10:46\u003c41:48, 28.84s/it]\r 90%|████████▉ | 765/852 [5:10:46\u003c41:48, 28.84s/it]\n"}
,{"stream_name":"stderr","time":18884.614123273,"data":"\r 90%|████████▉ | 765/852 [5:10:46\u003c41:48, 28.84s/it]\r 90%|████████▉ | 766/852 [5:11:12\u003c40:16, 28.10s/it]\r 90%|████████▉ | 766/852 [5:11:12\u003c40:16, 28.10s/it]\n"}
,{"stream_name":"stderr","time":18910.784332011,"data":"\r 90%|████████▉ | 766/852 [5:11:12\u003c40:16, 28.10s/it]\r 90%|█████████ | 767/852 [5:11:39\u003c39:00, 27.53s/it]\r 90%|█████████ | 767/852 [5:11:39\u003c39:00, 27.53s/it]\n"}
,{"stream_name":"stderr","time":18936.437923361,"data":"\r 90%|█████████ | 767/852 [5:11:39\u003c39:00, 27.53s/it]\r 90%|█████████ | 768/852 [5:12:04\u003c37:44, 26.96s/it]\r 90%|█████████ | 768/852 [5:12:04\u003c37:44, 26.96s/it]\n"}
,{"stream_name":"stderr","time":18959.301819375,"data":"\r 90%|█████████ | 768/852 [5:12:04\u003c37:44, 26.96s/it]\r 90%|█████████ | 769/852 [5:12:27\u003c35:36, 25.74s/it]\r 90%|█████████ | 769/852 [5:12:27\u003c35:36, 25.74s/it]\n"}
,{"stream_name":"stderr","time":18982.746670459,"data":"\r 90%|█████████ | 769/852 [5:12:27\u003c35:36, 25.74s/it]\r 90%|█████████ | 770/852 [5:12:51\u003c34:13, 25.04s/it]\r                                                   \r\r 90%|█████████ | 770/852 [5:12:51\u003c34:13, 25.04s/it]\r 90%|█████████ | 770/852 [5:12:51\u003c34:13, 25.04s/it]\r                                                   \r\r 90%|█████████ | 770/852 [5:12:51\u003c34:13, 25.04s/it]\n"}
,{"stream_name":"stderr","time":19006.129785991,"data":"\r 90%|█████████ | 770/852 [5:12:51\u003c34:13, 25.04s/it]\r                                                   \r\r 90%|█████████ | 770/852 [5:12:51\u003c34:13, 25.04s/it]\r 90%|█████████ | 771/852 [5:13:14\u003c33:08, 24.55s/it]\r 90%|█████████ | 771/852 [5:13:14\u003c33:08, 24.55s/it]\n"}
,{"stream_name":"stderr","time":19029.298109058,"data":"\r 90%|█████████ | 771/852 [5:13:14\u003c33:08, 24.55s/it]\r 91%|█████████ | 772/852 [5:13:37\u003c32:10, 24.13s/it]\r 91%|█████████ | 772/852 [5:13:37\u003c32:10, 24.13s/it]\n"}
,{"stream_name":"stderr","time":19052.079495649,"data":"\r 91%|█████████ | 772/852 [5:13:37\u003c32:10, 24.13s/it]\r 91%|█████████ | 773/852 [5:14:00\u003c31:14, 23.73s/it]\r 91%|█████████ | 773/852 [5:14:00\u003c31:14, 23.73s/it]\n"}
,{"stream_name":"stderr","time":19074.705419541,"data":"\r 91%|█████████ | 773/852 [5:14:00\u003c31:14, 23.73s/it]\r 91%|█████████ | 774/852 [5:14:23\u003c30:24, 23.39s/it]\r 91%|█████████ | 774/852 [5:14:23\u003c30:24, 23.39s/it]\n"}
,{"stream_name":"stderr","time":19096.942112169,"data":"\r 91%|█████████ | 774/852 [5:14:23\u003c30:24, 23.39s/it]\r 91%|█████████ | 775/852 [5:14:45\u003c29:35, 23.06s/it]\r 91%|█████████ | 775/852 [5:14:45\u003c29:35, 23.06s/it]\n"}
,{"stream_name":"stderr","time":19119.135025266,"data":"\r 91%|█████████ | 775/852 [5:14:45\u003c29:35, 23.06s/it]\r 91%|█████████ | 776/852 [5:15:07\u003c28:51, 22.78s/it]\r 91%|█████████ | 776/852 [5:15:07\u003c28:51, 22.78s/it]\n"}
,{"stream_name":"stderr","time":19139.897548513,"data":"\r 91%|█████████ | 776/852 [5:15:07\u003c28:51, 22.78s/it]\r 91%|█████████ | 777/852 [5:15:28\u003c27:44, 22.19s/it]\r 91%|█████████ | 777/852 [5:15:28\u003c27:44, 22.19s/it]\n"}
,{"stream_name":"stderr","time":19160.407317138,"data":"\r 91%|█████████ | 777/852 [5:15:28\u003c27:44, 22.19s/it]\r 91%|█████████▏| 778/852 [5:15:48\u003c26:44, 21.68s/it]\r 91%|█████████▏| 778/852 [5:15:48\u003c26:44, 21.68s/it]\n"}
,{"stream_name":"stderr","time":19180.631061826,"data":"\r 91%|█████████▏| 778/852 [5:15:48\u003c26:44, 21.68s/it]\r 91%|█████████▏| 779/852 [5:16:08\u003c25:51, 21.25s/it]\r 91%|█████████▏| 779/852 [5:16:08\u003c25:51, 21.25s/it]\n"}
,{"stream_name":"stderr","time":19200.594196115,"data":"\r 91%|█████████▏| 779/852 [5:16:08\u003c25:51, 21.25s/it]\r 92%|█████████▏| 780/852 [5:16:28\u003c25:01, 20.85s/it]\r                                                   \r\r 92%|█████████▏| 780/852 [5:16:28\u003c25:01, 20.85s/it]\r 92%|█████████▏| 780/852 [5:16:28\u003c25:01, 20.85s/it]\r                                                   \r\r 92%|█████████▏| 780/852 [5:16:28\u003c25:01, 20.85s/it]\n"}
,{"stream_name":"stderr","time":19219.270801628,"data":"\r 92%|█████████▏| 780/852 [5:16:28\u003c25:01, 20.85s/it]\r                                                   \r\r 92%|█████████▏| 780/852 [5:16:28\u003c25:01, 20.85s/it]\r 92%|█████████▏| 781/852 [5:16:47\u003c23:54, 20.21s/it]\r 92%|█████████▏| 781/852 [5:16:47\u003c23:54, 20.21s/it]\n"}
,{"stream_name":"stderr","time":19237.664777447,"data":"\r 92%|█████████▏| 781/852 [5:16:47\u003c23:54, 20.21s/it]\r 92%|█████████▏| 782/852 [5:17:05\u003c22:55, 19.66s/it]\r 92%|█████████▏| 782/852 [5:17:05\u003c22:55, 19.66s/it]\n"}
,{"stream_name":"stderr","time":19255.722154757,"data":"\r 92%|█████████▏| 782/852 [5:17:05\u003c22:55, 19.66s/it]\r 92%|█████████▏| 783/852 [5:17:24\u003c22:03, 19.19s/it]\r 92%|█████████▏| 783/852 [5:17:24\u003c22:03, 19.19s/it]\n"}
,{"stream_name":"stderr","time":19273.265104681,"data":"\r 92%|█████████▏| 783/852 [5:17:24\u003c22:03, 19.19s/it]\r 92%|█████████▏| 784/852 [5:17:41\u003c21:10, 18.68s/it]\r 92%|█████████▏| 784/852 [5:17:41\u003c21:10, 18.68s/it]\n"}
,{"stream_name":"stderr","time":19288.414577387,"data":"\r 92%|█████████▏| 784/852 [5:17:41\u003c21:10, 18.68s/it]\r 92%|█████████▏| 785/852 [5:17:56\u003c19:41, 17.63s/it]\r 92%|█████████▏| 785/852 [5:17:56\u003c19:41, 17.63s/it]\n"}
,{"stream_name":"stderr","time":19303.524168038,"data":"\r 92%|█████████▏| 785/852 [5:17:56\u003c19:41, 17.63s/it]\r 92%|█████████▏| 786/852 [5:18:11\u003c18:33, 16.86s/it]\r 92%|█████████▏| 786/852 [5:18:11\u003c18:33, 16.86s/it]\n"}
,{"stream_name":"stderr","time":19318.322523805,"data":"\r 92%|█████████▏| 786/852 [5:18:11\u003c18:33, 16.86s/it]\r 92%|█████████▏| 787/852 [5:18:26\u003c17:36, 16.26s/it]\r 92%|█████████▏| 787/852 [5:18:26\u003c17:36, 16.26s/it]\n"}
,{"stream_name":"stderr","time":19333.072217023,"data":"\r 92%|█████████▏| 787/852 [5:18:26\u003c17:36, 16.26s/it]\r 92%|█████████▏| 788/852 [5:18:41\u003c16:51, 15.80s/it]\r 92%|█████████▏| 788/852 [5:18:41\u003c16:51, 15.80s/it]\n"}
,{"stream_name":"stderr","time":19347.417985456,"data":"\r 92%|█████████▏| 788/852 [5:18:41\u003c16:51, 15.80s/it]\r 93%|█████████▎| 789/852 [5:18:55\u003c16:07, 15.36s/it]\r 93%|█████████▎| 789/852 [5:18:55\u003c16:07, 15.36s/it]\n"}
,{"stream_name":"stderr","time":19360.939992219,"data":"\r 93%|█████████▎| 789/852 [5:18:55\u003c16:07, 15.36s/it]\r 93%|█████████▎| 790/852 [5:19:09\u003c15:18, 14.82s/it]\r                                                   \r\r 93%|█████████▎| 790/852 [5:19:09\u003c15:18, 14.82s/it]\r 93%|█████████▎| 790/852 [5:19:09\u003c15:18, 14.82s/it]\r                                                   \r\r 93%|█████████▎| 790/852 [5:19:09\u003c15:18, 14.82s/it]\n"}
,{"stream_name":"stderr","time":19373.439337486,"data":"\r 93%|█████████▎| 790/852 [5:19:09\u003c15:18, 14.82s/it]\r                                                   \r\r 93%|█████████▎| 790/852 [5:19:09\u003c15:18, 14.82s/it]\r 93%|█████████▎| 791/852 [5:19:21\u003c14:21, 14.12s/it]\r 93%|█████████▎| 791/852 [5:19:21\u003c14:21, 14.12s/it]\n"}
,{"stream_name":"stderr","time":19385.084788453,"data":"\r 93%|█████████▎| 791/852 [5:19:21\u003c14:21, 14.12s/it]\r 93%|█████████▎| 792/852 [5:19:33\u003c13:22, 13.37s/it]\r 93%|█████████▎| 792/852 [5:19:33\u003c13:22, 13.37s/it]\n"}
,{"stream_name":"stderr","time":19395.51519418,"data":"\r 93%|█████████▎| 792/852 [5:19:33\u003c13:22, 13.37s/it]\r 93%|█████████▎| 793/852 [5:19:43\u003c12:17, 12.50s/it]\r 93%|█████████▎| 793/852 [5:19:43\u003c12:17, 12.50s/it]\n"}
,{"stream_name":"stderr","time":19405.033941521,"data":"\r 93%|█████████▎| 793/852 [5:19:43\u003c12:17, 12.50s/it]\r 93%|█████████▎| 794/852 [5:19:53\u003c11:12, 11.60s/it]\r 93%|█████████▎| 794/852 [5:19:53\u003c11:12, 11.60s/it]\n"}
,{"stream_name":"stderr","time":19413.466441823,"data":"\r 93%|█████████▎| 794/852 [5:19:53\u003c11:12, 11.60s/it]\r 93%|█████████▎| 795/852 [5:20:01\u003c10:07, 10.65s/it]\r 93%|█████████▎| 795/852 [5:20:01\u003c10:07, 10.65s/it]\n"}
,{"stream_name":"stderr","time":19421.590438258,"data":"\r 93%|█████████▎| 795/852 [5:20:01\u003c10:07, 10.65s/it]\r 93%|█████████▎| 796/852 [5:20:09\u003c09:13,  9.88s/it]\r 93%|█████████▎| 796/852 [5:20:09\u003c09:13,  9.88s/it]\n"}
,{"stream_name":"stderr","time":19429.177772535,"data":"\r 93%|█████████▎| 796/852 [5:20:09\u003c09:13,  9.88s/it]\r 94%|█████████▎| 797/852 [5:20:17\u003c08:26,  9.20s/it]\r 94%|█████████▎| 797/852 [5:20:17\u003c08:26,  9.20s/it]\n"}
,{"stream_name":"stderr","time":19436.305270923,"data":"\r 94%|█████████▎| 797/852 [5:20:17\u003c08:26,  9.20s/it]\r 94%|█████████▎| 798/852 [5:20:24\u003c07:43,  8.58s/it]\r 94%|█████████▎| 798/852 [5:20:24\u003c07:43,  8.58s/it]\n"}
,{"stream_name":"stderr","time":19443.21308733,"data":"\r 94%|█████████▎| 798/852 [5:20:24\u003c07:43,  8.58s/it]\r 94%|█████████▍| 799/852 [5:20:31\u003c07:08,  8.08s/it]\r 94%|█████████▍| 799/852 [5:20:31\u003c07:08,  8.08s/it]\n"}
,{"stream_name":"stderr","time":19449.683546326,"data":"\r 94%|█████████▍| 799/852 [5:20:31\u003c07:08,  8.08s/it]\r 94%|█████████▍| 800/852 [5:20:38\u003c06:35,  7.60s/it]\r                                                   \r\r 94%|█████████▍| 800/852 [5:20:38\u003c06:35,  7.60s/it]\r 94%|█████████▍| 800/852 [5:20:38\u003c06:35,  7.60s/it]\r                                                   \r\r 94%|█████████▍| 800/852 [5:20:38\u003c06:35,  7.60s/it]\n"}
,{"stream_name":"stderr","time":19451.004140792,"data":"\r 94%|█████████▍| 800/852 [5:20:38\u003c06:35,  7.60s/it]\r                                                   \r\r 94%|█████████▍| 800/852 [5:20:38\u003c06:35,  7.60s/it]Unsloth: Restored added_tokens_decoder metadata in outputs/run2/checkpoint-800/tokenizer_config.json.\n"}
,{"stream_name":"stderr","time":19451.206310745,"data":"Unsloth: Restored added_tokens_decoder metadata in outputs/run2/checkpoint-800/tokenizer_config.json.\n"}
,{"stream_name":"stderr","time":19451.206339308,"data":"\n"}
,{"stream_name":"stderr","time":19451.206344592,"data":"Unsloth: Restored added_tokens_decoder metadata in outputs/run2/checkpoint-800/tokenizer_config.json.\n"}
,{"stream_name":"stderr","time":19522.282703887,"data":"\r 94%|█████████▍| 801/852 [5:21:50\u003c23:01, 27.09s/it]\r 94%|█████████▍| 801/852 [5:21:50\u003c23:01, 27.09s/it]\n"}
,{"stream_name":"stderr","time":19579.762268724,"data":"\r 94%|█████████▍| 801/852 [5:21:50\u003c23:01, 27.09s/it]\r 94%|█████████▍| 802/852 [5:22:48\u003c30:10, 36.21s/it]\r 94%|█████████▍| 802/852 [5:22:48\u003c30:10, 36.21s/it]\n"}
,{"stream_name":"stderr","time":19632.077709435,"data":"\r 94%|█████████▍| 802/852 [5:22:48\u003c30:10, 36.21s/it]\r 94%|█████████▍| 803/852 [5:23:40\u003c33:30, 41.04s/it]\r 94%|█████████▍| 803/852 [5:23:40\u003c33:30, 41.04s/it]\n"}
,{"stream_name":"stderr","time":19677.349855384,"data":"\r 94%|█████████▍| 803/852 [5:23:40\u003c33:30, 41.04s/it]\r 94%|█████████▍| 804/852 [5:24:25\u003c33:50, 42.31s/it]\r 94%|█████████▍| 804/852 [5:24:25\u003c33:50, 42.31s/it]\n"}
,{"stream_name":"stderr","time":19716.874898671,"data":"\r 94%|█████████▍| 804/852 [5:24:25\u003c33:50, 42.31s/it]\r 94%|█████████▍| 805/852 [5:25:05\u003c32:29, 41.47s/it]\r 94%|█████████▍| 805/852 [5:25:05\u003c32:29, 41.47s/it]\n"}
,{"stream_name":"stderr","time":19752.913627677,"data":"\r 94%|█████████▍| 805/852 [5:25:05\u003c32:29, 41.47s/it]\r 95%|█████████▍| 806/852 [5:25:41\u003c30:32, 39.84s/it]\r 95%|█████████▍| 806/852 [5:25:41\u003c30:32, 39.84s/it]\n"}
,{"stream_name":"stderr","time":19788.419008955,"data":"\r 95%|█████████▍| 806/852 [5:25:41\u003c30:32, 39.84s/it]\r 95%|█████████▍| 807/852 [5:26:16\u003c28:54, 38.54s/it]\r 95%|█████████▍| 807/852 [5:26:16\u003c28:54, 38.54s/it]\n"}
,{"stream_name":"stderr","time":19823.00598346,"data":"\r 95%|█████████▍| 807/852 [5:26:16\u003c28:54, 38.54s/it]\r 95%|█████████▍| 808/852 [5:26:51\u003c27:23, 37.36s/it]\r 95%|█████████▍| 808/852 [5:26:51\u003c27:23, 37.36s/it]\n"}
,{"stream_name":"stderr","time":19855.5935868,"data":"\r 95%|█████████▍| 808/852 [5:26:51\u003c27:23, 37.36s/it]\r 95%|█████████▍| 809/852 [5:27:23\u003c25:44, 35.92s/it]\r 95%|█████████▍| 809/852 [5:27:23\u003c25:44, 35.92s/it]\n"}
,{"stream_name":"stderr","time":19885.629118598,"data":"\r 95%|█████████▍| 809/852 [5:27:23\u003c25:44, 35.92s/it]\r 95%|█████████▌| 810/852 [5:27:53\u003c23:54, 34.16s/it]\r                                                   \r\r 95%|█████████▌| 810/852 [5:27:53\u003c23:54, 34.16s/it]\r 95%|█████████▌| 810/852 [5:27:53\u003c23:54, 34.16s/it]\r                                                   \r\r 95%|█████████▌| 810/852 [5:27:53\u003c23:54, 34.16s/it]\n"}
,{"stream_name":"stderr","time":19914.874510506,"data":"\r 95%|█████████▌| 810/852 [5:27:53\u003c23:54, 34.16s/it]\r                                                   \r\r 95%|█████████▌| 810/852 [5:27:53\u003c23:54, 34.16s/it]\r 95%|█████████▌| 811/852 [5:28:23\u003c22:20, 32.69s/it]\r 95%|█████████▌| 811/852 [5:28:23\u003c22:20, 32.69s/it]\n"}
,{"stream_name":"stderr","time":19943.717386503,"data":"\r 95%|█████████▌| 811/852 [5:28:23\u003c22:20, 32.69s/it]\r 95%|█████████▌| 812/852 [5:28:52\u003c21:01, 31.53s/it]\r 95%|█████████▌| 812/852 [5:28:52\u003c21:01, 31.53s/it]\n"}
,{"stream_name":"stderr","time":19972.806965007,"data":"\r 95%|█████████▌| 812/852 [5:28:52\u003c21:01, 31.53s/it]\r 95%|█████████▌| 813/852 [5:29:21\u003c20:01, 30.81s/it]\r 95%|█████████▌| 813/852 [5:29:21\u003c20:01, 30.81s/it]\n"}
,{"stream_name":"stderr","time":20000.877165128,"data":"\r 95%|█████████▌| 813/852 [5:29:21\u003c20:01, 30.81s/it]\r 96%|█████████▌| 814/852 [5:29:49\u003c18:58, 29.97s/it]\r 96%|█████████▌| 814/852 [5:29:49\u003c18:58, 29.97s/it]\n"}
,{"stream_name":"stderr","time":20028.589574483,"data":"\r 96%|█████████▌| 814/852 [5:29:49\u003c18:58, 29.97s/it]\r 96%|█████████▌| 815/852 [5:30:16\u003c18:04, 29.31s/it]\r 96%|█████████▌| 815/852 [5:30:16\u003c18:04, 29.31s/it]\n"}
,{"stream_name":"stderr","time":20055.896204442,"data":"\r 96%|█████████▌| 815/852 [5:30:16\u003c18:04, 29.31s/it]\r 96%|█████████▌| 816/852 [5:30:44\u003c17:13, 28.69s/it]\r 96%|█████████▌| 816/852 [5:30:44\u003c17:13, 28.69s/it]\n"}
,{"stream_name":"stderr","time":20082.388023795,"data":"\r 96%|█████████▌| 816/852 [5:30:44\u003c17:13, 28.69s/it]\r 96%|█████████▌| 817/852 [5:31:10\u003c16:21, 28.05s/it]\r 96%|█████████▌| 817/852 [5:31:10\u003c16:21, 28.05s/it]\n"}
,{"stream_name":"stderr","time":20108.735481867,"data":"\r 96%|█████████▌| 817/852 [5:31:10\u003c16:21, 28.05s/it]\r 96%|█████████▌| 818/852 [5:31:37\u003c15:35, 27.53s/it]\r 96%|█████████▌| 818/852 [5:31:37\u003c15:35, 27.53s/it]\n"}
,{"stream_name":"stderr","time":20134.497614918,"data":"\r 96%|█████████▌| 818/852 [5:31:37\u003c15:35, 27.53s/it]\r 96%|█████████▌| 819/852 [5:32:02\u003c14:51, 27.01s/it]\r 96%|█████████▌| 819/852 [5:32:02\u003c14:51, 27.01s/it]\n"}
,{"stream_name":"stderr","time":20157.706407807,"data":"\r 96%|█████████▌| 819/852 [5:32:02\u003c14:51, 27.01s/it]\r 96%|█████████▌| 820/852 [5:32:25\u003c13:47, 25.86s/it]\r                                                   \r\r 96%|█████████▌| 820/852 [5:32:25\u003c13:47, 25.86s/it]\r 96%|█████████▌| 820/852 [5:32:25\u003c13:47, 25.86s/it]\r                                                   \r\r 96%|█████████▌| 820/852 [5:32:25\u003c13:47, 25.86s/it]\n"}
,{"stream_name":"stderr","time":20181.072227674,"data":"\r 96%|█████████▌| 820/852 [5:32:25\u003c13:47, 25.86s/it]\r                                                   \r\r 96%|█████████▌| 820/852 [5:32:25\u003c13:47, 25.86s/it]\r 96%|█████████▋| 821/852 [5:32:49\u003c12:58, 25.12s/it]\r 96%|█████████▋| 821/852 [5:32:49\u003c12:58, 25.12s/it]\n"}
,{"stream_name":"stderr","time":20204.435838933,"data":"\r 96%|█████████▋| 821/852 [5:32:49\u003c12:58, 25.12s/it]\r 96%|█████████▋| 822/852 [5:33:12\u003c12:17, 24.58s/it]\r 96%|█████████▋| 822/852 [5:33:12\u003c12:17, 24.58s/it]\n"}
,{"stream_name":"stderr","time":20227.670856688,"data":"\r 96%|█████████▋| 822/852 [5:33:12\u003c12:17, 24.58s/it]\r 97%|█████████▋| 823/852 [5:33:36\u003c11:41, 24.19s/it]\r 97%|█████████▋| 823/852 [5:33:36\u003c11:41, 24.19s/it]\n"}
,{"stream_name":"stderr","time":20250.544802662,"data":"\r 97%|█████████▋| 823/852 [5:33:36\u003c11:41, 24.19s/it]\r 97%|█████████▋| 824/852 [5:33:58\u003c11:05, 23.78s/it]\r 97%|█████████▋| 824/852 [5:33:58\u003c11:05, 23.78s/it]\n"}
,{"stream_name":"stderr","time":20273.141385073,"data":"\r 97%|█████████▋| 824/852 [5:33:58\u003c11:05, 23.78s/it]\r 97%|█████████▋| 825/852 [5:34:21\u003c10:32, 23.44s/it]\r 97%|█████████▋| 825/852 [5:34:21\u003c10:32, 23.44s/it]\n"}
,{"stream_name":"stderr","time":20295.466697986,"data":"\r 97%|█████████▋| 825/852 [5:34:21\u003c10:32, 23.44s/it]\r 97%|█████████▋| 826/852 [5:34:43\u003c10:00, 23.09s/it]\r 97%|█████████▋| 826/852 [5:34:43\u003c10:00, 23.09s/it]\n"}
,{"stream_name":"stderr","time":20317.379647953,"data":"\r 97%|█████████▋| 826/852 [5:34:43\u003c10:00, 23.09s/it]\r 97%|█████████▋| 827/852 [5:35:05\u003c09:28, 22.75s/it]\r 97%|█████████▋| 827/852 [5:35:05\u003c09:28, 22.75s/it]\n"}
,{"stream_name":"stderr","time":20338.127701616,"data":"\r 97%|█████████▋| 827/852 [5:35:05\u003c09:28, 22.75s/it]\r 97%|█████████▋| 828/852 [5:35:26\u003c08:51, 22.13s/it]\r 97%|█████████▋| 828/852 [5:35:26\u003c08:51, 22.13s/it]\n"}
,{"stream_name":"stderr","time":20358.413575135,"data":"\r 97%|█████████▋| 828/852 [5:35:26\u003c08:51, 22.13s/it]\r 97%|█████████▋| 829/852 [5:35:46\u003c08:16, 21.59s/it]\r 97%|█████████▋| 829/852 [5:35:46\u003c08:16, 21.59s/it]\n"}
,{"stream_name":"stderr","time":20378.602600498,"data":"\r 97%|█████████▋| 829/852 [5:35:46\u003c08:16, 21.59s/it]\r 97%|█████████▋| 830/852 [5:36:06\u003c07:45, 21.16s/it]\r                                                   \r\r 97%|█████████▋| 830/852 [5:36:06\u003c07:45, 21.16s/it]\r 97%|█████████▋| 830/852 [5:36:06\u003c07:45, 21.16s/it]\r                                                   \r\r 97%|█████████▋| 830/852 [5:36:06\u003c07:45, 21.16s/it]\n"}
,{"stream_name":"stderr","time":20398.13512158,"data":"\r 97%|█████████▋| 830/852 [5:36:06\u003c07:45, 21.16s/it]\r                                                   \r\r 97%|█████████▋| 830/852 [5:36:06\u003c07:45, 21.16s/it]\r 98%|█████████▊| 831/852 [5:36:26\u003c07:14, 20.68s/it]\r 98%|█████████▊| 831/852 [5:36:26\u003c07:14, 20.68s/it]\n"}
,{"stream_name":"stderr","time":20416.776910102,"data":"\r 98%|█████████▊| 831/852 [5:36:26\u003c07:14, 20.68s/it]\r 98%|█████████▊| 832/852 [5:36:45\u003c06:41, 20.06s/it]\r 98%|█████████▊| 832/852 [5:36:45\u003c06:41, 20.06s/it]\n"}
,{"stream_name":"stderr","time":20435.028933691,"data":"\r 98%|█████████▊| 832/852 [5:36:45\u003c06:41, 20.06s/it]\r 98%|█████████▊| 833/852 [5:37:03\u003c06:11, 19.53s/it]\r 98%|█████████▊| 833/852 [5:37:03\u003c06:11, 19.53s/it]\n"}
,{"stream_name":"stderr","time":20453.119808173,"data":"\r 98%|█████████▊| 833/852 [5:37:03\u003c06:11, 19.53s/it]\r 98%|█████████▊| 834/852 [5:37:21\u003c05:43, 19.09s/it]\r 98%|█████████▊| 834/852 [5:37:21\u003c05:43, 19.09s/it]\n"}
,{"stream_name":"stderr","time":20470.591487334,"data":"\r 98%|█████████▊| 834/852 [5:37:21\u003c05:43, 19.09s/it]\r 98%|█████████▊| 835/852 [5:37:38\u003c05:16, 18.61s/it]\r 98%|█████████▊| 835/852 [5:37:38\u003c05:16, 18.61s/it]\n"}
,{"stream_name":"stderr","time":20485.885385047,"data":"\r 98%|█████████▊| 835/852 [5:37:38\u003c05:16, 18.61s/it]\r 98%|█████████▊| 836/852 [5:37:54\u003c04:41, 17.61s/it]\r 98%|█████████▊| 836/852 [5:37:54\u003c04:41, 17.61s/it]\n"}
,{"stream_name":"stderr","time":20500.978268827,"data":"\r 98%|█████████▊| 836/852 [5:37:54\u003c04:41, 17.61s/it]\r 98%|█████████▊| 837/852 [5:38:09\u003c04:12, 16.86s/it]\r 98%|█████████▊| 837/852 [5:38:09\u003c04:12, 16.86s/it]\n"}
,{"stream_name":"stderr","time":20516.231301096,"data":"\r 98%|█████████▊| 837/852 [5:38:09\u003c04:12, 16.86s/it]\r 98%|█████████▊| 838/852 [5:38:24\u003c03:49, 16.37s/it]\r 98%|█████████▊| 838/852 [5:38:24\u003c03:49, 16.37s/it]\n"}
,{"stream_name":"stderr","time":20531.138268475,"data":"\r 98%|█████████▊| 838/852 [5:38:24\u003c03:49, 16.37s/it]\r 98%|█████████▊| 839/852 [5:38:39\u003c03:27, 15.94s/it]\r 98%|█████████▊| 839/852 [5:38:39\u003c03:27, 15.94s/it]\n"}
,{"stream_name":"stderr","time":20545.634519145,"data":"\r 98%|█████████▊| 839/852 [5:38:39\u003c03:27, 15.94s/it]\r 99%|█████████▊| 840/852 [5:38:53\u003c03:06, 15.51s/it]\r                                                   \r\r 99%|█████████▊| 840/852 [5:38:53\u003c03:06, 15.51s/it]\r 99%|█████████▊| 840/852 [5:38:53\u003c03:06, 15.51s/it]\r                                                   \r\r 99%|█████████▊| 840/852 [5:38:53\u003c03:06, 15.51s/it]\n"}
,{"stream_name":"stderr","time":20558.891293487,"data":"\r 99%|█████████▊| 840/852 [5:38:53\u003c03:06, 15.51s/it]\r                                                   \r\r 99%|█████████▊| 840/852 [5:38:53\u003c03:06, 15.51s/it]\r 99%|█████████▊| 841/852 [5:39:07\u003c02:43, 14.82s/it]\r 99%|█████████▊| 841/852 [5:39:07\u003c02:43, 14.82s/it]\n"}
,{"stream_name":"stderr","time":20570.748193475,"data":"\r 99%|█████████▊| 841/852 [5:39:07\u003c02:43, 14.82s/it]\r 99%|█████████▉| 842/852 [5:39:19\u003c02:19, 13.94s/it]\r 99%|█████████▉| 842/852 [5:39:19\u003c02:19, 13.94s/it]\n"}
,{"stream_name":"stderr","time":20581.287631621,"data":"\r 99%|█████████▉| 842/852 [5:39:19\u003c02:19, 13.94s/it]\r 99%|█████████▉| 843/852 [5:39:29\u003c01:56, 12.92s/it]\r 99%|█████████▉| 843/852 [5:39:29\u003c01:56, 12.92s/it]\n"}
,{"stream_name":"stderr","time":20591.066466306,"data":"\r 99%|█████████▉| 843/852 [5:39:29\u003c01:56, 12.92s/it]\r 99%|█████████▉| 844/852 [5:39:39\u003c01:35, 11.97s/it]\r 99%|█████████▉| 844/852 [5:39:39\u003c01:35, 11.97s/it]\n"}
,{"stream_name":"stderr","time":20599.34716045,"data":"\r 99%|█████████▉| 844/852 [5:39:39\u003c01:35, 11.97s/it]\r 99%|█████████▉| 845/852 [5:39:47\u003c01:16, 10.87s/it]\r 99%|█████████▉| 845/852 [5:39:47\u003c01:16, 10.87s/it]\n"}
,{"stream_name":"stderr","time":20607.309684307,"data":"\r 99%|█████████▉| 845/852 [5:39:47\u003c01:16, 10.87s/it]\r 99%|█████████▉| 846/852 [5:39:55\u003c01:00, 10.00s/it]\r 99%|█████████▉| 846/852 [5:39:55\u003c01:00, 10.00s/it]\n"}
,{"stream_name":"stderr","time":20615.095839859,"data":"\r 99%|█████████▉| 846/852 [5:39:55\u003c01:00, 10.00s/it]\r 99%|█████████▉| 847/852 [5:40:03\u003c00:46,  9.34s/it]\r 99%|█████████▉| 847/852 [5:40:03\u003c00:46,  9.34s/it]\n"}
,{"stream_name":"stderr","time":20622.400488731,"data":"\r 99%|█████████▉| 847/852 [5:40:03\u003c00:46,  9.34s/it]\r100%|█████████▉| 848/852 [5:40:10\u003c00:34,  8.71s/it]\r100%|█████████▉| 848/852 [5:40:10\u003c00:34,  8.71s/it]\n"}
,{"stream_name":"stderr","time":20629.329446685,"data":"\r100%|█████████▉| 848/852 [5:40:10\u003c00:34,  8.71s/it]\r100%|█████████▉| 849/852 [5:40:17\u003c00:24,  8.19s/it]\r100%|█████████▉| 849/852 [5:40:17\u003c00:24,  8.19s/it]\n"}
,{"stream_name":"stderr","time":20635.887291438,"data":"\r100%|█████████▉| 849/852 [5:40:17\u003c00:24,  8.19s/it]\r100%|█████████▉| 850/852 [5:40:24\u003c00:15,  7.70s/it]\r                                                   \r\r100%|█████████▉| 850/852 [5:40:24\u003c00:15,  7.70s/it]\r100%|█████████▉| 850/852 [5:40:24\u003c00:15,  7.70s/it]\r                                                   \r\r100%|█████████▉| 850/852 [5:40:24\u003c00:15,  7.70s/it]\n"}
,{"stream_name":"stderr","time":20660.714608522,"data":"\r100%|█████████▉| 850/852 [5:40:24\u003c00:15,  7.70s/it]\r                                                   \r\r100%|█████████▉| 850/852 [5:40:24\u003c00:15,  7.70s/it]\r100%|█████████▉| 851/852 [5:40:49\u003c00:12, 12.83s/it]\r100%|█████████▉| 851/852 [5:40:49\u003c00:12, 12.83s/it]\n"}
,{"stream_name":"stderr","time":20662.963230697,"data":"\r100%|█████████▉| 851/852 [5:40:49\u003c00:12, 12.83s/it]\r100%|██████████| 852/852 [5:40:51\u003c00:00,  9.67s/it]\r100%|██████████| 852/852 [5:40:51\u003c00:00,  9.67s/it]\n"}
,{"stream_name":"stderr","time":20664.283851849,"data":"\r100%|██████████| 852/852 [5:40:51\u003c00:00,  9.67s/it]Unsloth: Restored added_tokens_decoder metadata in outputs/run2/checkpoint-852/tokenizer_config.json.\n"}
,{"stream_name":"stderr","time":20664.48587777,"data":"Unsloth: Restored added_tokens_decoder metadata in outputs/run2/checkpoint-852/tokenizer_config.json.\n"}
,{"stream_name":"stderr","time":20664.485904195,"data":"\n"}
,{"stream_name":"stderr","time":20664.485909129,"data":"Unsloth: Restored added_tokens_decoder metadata in outputs/run2/checkpoint-852/tokenizer_config.json.\n"}
,{"stream_name":"stderr","time":20664.939555096,"data":"\r                                                   \r\r100%|██████████| 852/852 [5:40:53\u003c00:00,  9.67s/it]\r100%|██████████| 852/852 [5:40:53\u003c00:00, 24.01s/it]\n"}
,{"stream_name":"stderr","time":20665.140871919,"data":"\r                                                   \r\r100%|██████████| 852/852 [5:40:53\u003c00:00,  9.67s/it]\r100%|██████████| 852/852 [5:40:53\u003c00:00, 24.01s/it]\n"}
,{"stream_name":"stderr","time":20665.14089801,"data":"\n"}
,{"stream_name":"stderr","time":20665.140902532,"data":"\r                                                   \r\r100%|██████████| 852/852 [5:40:53\u003c00:00,  9.67s/it]\r100%|██████████| 852/852 [5:40:53\u003c00:00, 24.01s/it]\n"}
,{"stream_name":"stderr","time":20666.920039958,"data":"Unsloth: Restored added_tokens_decoder metadata in outputs/run2/tokenizer_config.json.\n"}
,{"stream_name":"stderr","time":20667.122727833,"data":"Unsloth: Restored added_tokens_decoder metadata in outputs/run2/tokenizer_config.json.\n"}
,{"stream_name":"stderr","time":20667.122780321,"data":"\n"}
,{"stream_name":"stderr","time":20667.122797073,"data":"Unsloth: Restored added_tokens_decoder metadata in outputs/run2/tokenizer_config.json.\n"}
,{"stream_name":"stdout","time":20667.604217101,"data":"{'loss': '1.036', 'grad_norm': '0.2865', 'learning_rate': '7.308e-05', 'epoch': '0.0235'}\n"}
,{"stream_name":"stdout","time":20667.604250287,"data":"{'loss': '1.048', 'grad_norm': '0.224', 'learning_rate': '0.0001', 'epoch': '0.03525'}\n"}
,{"stream_name":"stdout","time":20667.604255818,"data":"{'loss': '1.031', 'grad_norm': '0.2939', 'learning_rate': '9.994e-05', 'epoch': '0.047'}\n"}
,{"stream_name":"stdout","time":20667.604261242,"data":"{'loss': '1.392', 'grad_norm': '0.7539', 'learning_rate': '9.981e-05', 'epoch': '0.05875'}\n"}
,{"stream_name":"stdout","time":20667.604266759,"data":"{'loss': '0.9436', 'grad_norm': '0.2221', 'learning_rate': '9.961e-05', 'epoch': '0.07049'}\n"}
,{"stream_name":"stdout","time":20667.604272005,"data":"{'loss': '0.9167', 'grad_norm': '0.164', 'learning_rate': '9.933e-05', 'epoch': '0.08224'}\n"}
,{"stream_name":"stdout","time":20667.604277155,"data":"{'loss': '1.02', 'grad_norm': '0.202', 'learning_rate': '9.899e-05', 'epoch': '0.09399'}\n"}
,{"stream_name":"stdout","time":20667.604282267,"data":"{'loss': '0.9206', 'grad_norm': '0.3007', 'learning_rate': '9.857e-05', 'epoch': '0.1057'}\n"}
,{"stream_name":"stdout","time":20667.604287317,"data":"{'loss': '1.385', 'grad_norm': '0.6318', 'learning_rate': '9.809e-05', 'epoch': '0.1175'}\n"}
,{"stream_name":"stdout","time":20667.604312474,"data":"{'loss': '0.9188', 'grad_norm': '0.1915', 'learning_rate': '9.753e-05', 'epoch': '0.1292'}\n"}
,{"stream_name":"stdout","time":20667.604316836,"data":"{'loss': '0.849', 'grad_norm': '0.1686', 'learning_rate': '9.69e-05', 'epoch': '0.141'}\n"}
,{"stream_name":"stdout","time":20667.604320944,"data":"{'loss': '0.9602', 'grad_norm': '0.197', 'learning_rate': '9.621e-05', 'epoch': '0.1527'}\n"}
,{"stream_name":"stdout","time":20667.604324846,"data":"{'loss': '0.9288', 'grad_norm': '0.34', 'learning_rate': '9.545e-05', 'epoch': '0.1645'}\n"}
,{"stream_name":"stdout","time":20667.604328682,"data":"{'loss': '1.34', 'grad_norm': '0.7948', 'learning_rate': '9.463e-05', 'epoch': '0.1762'}\n"}
,{"stream_name":"stdout","time":20667.604332912,"data":"{'loss': '0.8907', 'grad_norm': '0.1797', 'learning_rate': '9.374e-05', 'epoch': '0.188'}\n"}
,{"stream_name":"stdout","time":20667.604336699,"data":"{'loss': '0.8772', 'grad_norm': '0.1793', 'learning_rate': '9.279e-05', 'epoch': '0.1997'}\n"}
,{"stream_name":"stdout","time":20667.604340603,"data":"{'loss': '0.9562', 'grad_norm': '0.2083', 'learning_rate': '9.177e-05', 'epoch': '0.2115'}\n"}
,{"stream_name":"stdout","time":20667.604344579,"data":"{'loss': '0.9611', 'grad_norm': '0.3115', 'learning_rate': '9.07e-05', 'epoch': '0.2232'}\n"}
,{"stream_name":"stdout","time":20667.604348564,"data":"{'loss': '1.192', 'grad_norm': '0.6633', 'learning_rate': '8.956e-05', 'epoch': '0.235'}\n"}
,{"stream_name":"stdout","time":20667.604352727,"data":"{'loss': '0.9046', 'grad_norm': '0.1844', 'learning_rate': '8.837e-05', 'epoch': '0.2467'}\n"}
,{"stream_name":"stdout","time":20667.604356837,"data":"{'loss': '0.8929', 'grad_norm': '0.1682', 'learning_rate': '8.712e-05', 'epoch': '0.2585'}\n"}
,{"stream_name":"stdout","time":20667.604360891,"data":"{'loss': '0.9425', 'grad_norm': '0.1873', 'learning_rate': '8.582e-05', 'epoch': '0.2702'}\n"}
,{"stream_name":"stdout","time":20667.604366342,"data":"{'loss': '0.9481', 'grad_norm': '0.3211', 'learning_rate': '8.447e-05', 'epoch': '0.282'}\n"}
,{"stream_name":"stdout","time":20667.604370995,"data":"{'loss': '1.249', 'grad_norm': '0.6144', 'learning_rate': '8.307e-05', 'epoch': '0.2937'}\n"}
,{"stream_name":"stdout","time":20667.604375113,"data":"{'loss': '0.8756', 'grad_norm': '0.1607', 'learning_rate': '8.162e-05', 'epoch': '0.3055'}\n"}
,{"stream_name":"stdout","time":20667.604378989,"data":"{'loss': '0.8133', 'grad_norm': '0.1629', 'learning_rate': '8.012e-05', 'epoch': '0.3172'}\n"}
,{"stream_name":"stdout","time":20667.604383087,"data":"{'loss': '0.9012', 'grad_norm': '0.2162', 'learning_rate': '7.858e-05', 'epoch': '0.329'}\n"}
,{"stream_name":"stdout","time":20667.604387231,"data":"{'loss': '0.852', 'grad_norm': '0.4171', 'learning_rate': '7.7e-05', 'epoch': '0.3407'}\n"}
,{"stream_name":"stdout","time":20667.604391133,"data":"{'loss': '1.375', 'grad_norm': '0.5948', 'learning_rate': '7.538e-05', 'epoch': '0.3525'}\n"}
,{"stream_name":"stdout","time":20667.60439501,"data":"{'loss': '0.8653', 'grad_norm': '0.1622', 'learning_rate': '7.373e-05', 'epoch': '0.3642'}\n"}
,{"stream_name":"stdout","time":20667.604398806,"data":"{'loss': '0.8316', 'grad_norm': '0.1674', 'learning_rate': '7.204e-05', 'epoch': '0.376'}\n"}
,{"stream_name":"stdout","time":20667.604402754,"data":"{'loss': '0.9148', 'grad_norm': '0.1955', 'learning_rate': '7.031e-05', 'epoch': '0.3877'}\n"}
,{"stream_name":"stdout","time":20667.604406892,"data":"{'loss': '0.9263', 'grad_norm': '0.3469', 'learning_rate': '6.856e-05', 'epoch': '0.3995'}\n"}
,{"stream_name":"stdout","time":20667.604410714,"data":"{'loss': '1.311', 'grad_norm': '0.7486', 'learning_rate': '6.678e-05', 'epoch': '0.4112'}\n"}
,{"stream_name":"stdout","time":20667.60441482,"data":"{'loss': '0.8435', 'grad_norm': '0.1882', 'learning_rate': '6.498e-05', 'epoch': '0.423'}\n"}
,{"stream_name":"stdout","time":20667.604422474,"data":"{'loss': '0.8065', 'grad_norm': '0.1907', 'learning_rate': '6.316e-05', 'epoch': '0.4347'}\n"}
,{"stream_name":"stdout","time":20667.604426397,"data":"{'loss': '0.8968', 'grad_norm': '0.1989', 'learning_rate': '6.131e-05', 'epoch': '0.4465'}\n"}
,{"stream_name":"stdout","time":20667.604430259,"data":"{'loss': '0.9296', 'grad_norm': '0.2769', 'learning_rate': '5.945e-05', 'epoch': '0.4582'}\n"}
,{"stream_name":"stdout","time":20667.604434211,"data":"{'loss': '1.45', 'grad_norm': '0.6744', 'learning_rate': '5.758e-05', 'epoch': '0.47'}\n"}
,{"stream_name":"stdout","time":20667.604438411,"data":"{'loss': '0.8451', 'grad_norm': '0.1793', 'learning_rate': '5.569e-05', 'epoch': '0.4817'}\n"}
,{"stream_name":"stdout","time":20667.604442467,"data":"{'loss': '0.8306', 'grad_norm': '0.1954', 'learning_rate': '5.38e-05', 'epoch': '0.4935'}\n"}
,{"stream_name":"stdout","time":20667.604446021,"data":"{'loss': '0.9027', 'grad_norm': '0.1987', 'learning_rate': '5.19e-05', 'epoch': '0.5052'}\n"}
,{"stream_name":"stdout","time":20667.604449975,"data":"{'loss': '0.9392', 'grad_norm': '0.3274', 'learning_rate': '5e-05', 'epoch': '0.517'}\n"}
,{"stream_name":"stdout","time":20667.604453896,"data":"{'loss': '1.271', 'grad_norm': '0.7503', 'learning_rate': '4.81e-05', 'epoch': '0.5287'}\n"}
,{"stream_name":"stdout","time":20667.604457824,"data":"{'loss': '0.8376', 'grad_norm': '0.1629', 'learning_rate': '4.62e-05', 'epoch': '0.5405'}\n"}
,{"stream_name":"stdout","time":20667.604462011,"data":"{'loss': '0.8525', 'grad_norm': '0.1837', 'learning_rate': '4.431e-05', 'epoch': '0.5522'}\n"}
,{"stream_name":"stdout","time":20667.604466031,"data":"{'loss': '0.8801', 'grad_norm': '0.195', 'learning_rate': '4.242e-05', 'epoch': '0.564'}\n"}
,{"stream_name":"stdout","time":20667.604470142,"data":"{'loss': '0.8969', 'grad_norm': '0.3056', 'learning_rate': '4.055e-05', 'epoch': '0.5757'}\n"}
,{"stream_name":"stdout","time":20667.604475621,"data":"{'loss': '1.395', 'grad_norm': '0.6414', 'learning_rate': '3.869e-05', 'epoch': '0.5875'}\n"}
,{"stream_name":"stdout","time":20667.604479757,"data":"{'loss': '0.8395', 'grad_norm': '0.173', 'learning_rate': '3.684e-05', 'epoch': '0.5992'}\n"}
,{"stream_name":"stdout","time":20667.604483795,"data":"{'loss': '0.8346', 'grad_norm': '0.1836', 'learning_rate': '3.502e-05', 'epoch': '0.611'}\n"}
,{"stream_name":"stdout","time":20667.604488012,"data":"{'loss': '0.8656', 'grad_norm': '0.1952', 'learning_rate': '3.322e-05', 'epoch': '0.6227'}\n"}
,{"stream_name":"stdout","time":20667.604491867,"data":"{'loss': '0.9821', 'grad_norm': '0.3279', 'learning_rate': '3.144e-05', 'epoch': '0.6345'}\n"}
,{"stream_name":"stdout","time":20667.604495764,"data":"{'loss': '1.259', 'grad_norm': '0.5944', 'learning_rate': '2.969e-05', 'epoch': '0.6462'}\n"}
,{"stream_name":"stdout","time":20667.604499746,"data":"{'loss': '0.7974', 'grad_norm': '0.16', 'learning_rate': '2.796e-05', 'epoch': '0.658'}\n"}
,{"stream_name":"stdout","time":20667.604503864,"data":"{'loss': '0.8373', 'grad_norm': '0.1994', 'learning_rate': '2.627e-05', 'epoch': '0.6697'}\n"}
,{"stream_name":"stdout","time":20667.604508219,"data":"{'loss': '0.9435', 'grad_norm': '0.2063', 'learning_rate': '2.462e-05', 'epoch': '0.6815'}\n"}
,{"stream_name":"stdout","time":20667.604512117,"data":"{'loss': '0.9545', 'grad_norm': '0.4202', 'learning_rate': '2.3e-05', 'epoch': '0.6932'}\n"}
,{"stream_name":"stdout","time":20667.604516131,"data":"{'loss': '1.311', 'grad_norm': '0.654', 'learning_rate': '2.142e-05', 'epoch': '0.7049'}\n"}
,{"stream_name":"stdout","time":20667.60452024,"data":"{'loss': '0.8323', 'grad_norm': '0.1604', 'learning_rate': '1.988e-05', 'epoch': '0.7167'}\n"}
,{"stream_name":"stdout","time":20667.604524263,"data":"{'loss': '0.7806', 'grad_norm': '0.2887', 'learning_rate': '1.838e-05', 'epoch': '0.7284'}\n"}
,{"stream_name":"stdout","time":20667.604531571,"data":"{'loss': '0.9298', 'grad_norm': '0.2218', 'learning_rate': '1.693e-05', 'epoch': '0.7402'}\n"}
,{"stream_name":"stdout","time":20667.604535663,"data":"{'loss': '0.9057', 'grad_norm': '0.3206', 'learning_rate': '1.553e-05', 'epoch': '0.7519'}\n"}
,{"stream_name":"stdout","time":20667.604539626,"data":"{'loss': '1.373', 'grad_norm': '0.5714', 'learning_rate': '1.418e-05', 'epoch': '0.7637'}\n"}
,{"stream_name":"stdout","time":20667.604543367,"data":"{'loss': '0.8729', 'grad_norm': '0.1554', 'learning_rate': '1.288e-05', 'epoch': '0.7754'}\n"}
,{"stream_name":"stdout","time":20667.604547501,"data":"{'loss': '0.8136', 'grad_norm': '0.1858', 'learning_rate': '1.163e-05', 'epoch': '0.7872'}\n"}
,{"stream_name":"stdout","time":20667.604551501,"data":"{'loss': '0.8871', 'grad_norm': '0.2115', 'learning_rate': '1.044e-05', 'epoch': '0.7989'}\n"}
,{"stream_name":"stdout","time":20667.604555368,"data":"{'loss': '0.9115', 'grad_norm': '0.2923', 'learning_rate': '9.305e-06', 'epoch': '0.8107'}\n"}
,{"stream_name":"stdout","time":20667.604560235,"data":"{'loss': '1.319', 'grad_norm': '0.5826', 'learning_rate': '8.229e-06', 'epoch': '0.8224'}\n"}
,{"stream_name":"stdout","time":20667.604564502,"data":"{'loss': '0.829', 'grad_norm': '0.1468', 'learning_rate': '7.215e-06', 'epoch': '0.8342'}\n"}
,{"stream_name":"stdout","time":20667.604568385,"data":"{'loss': '0.7591', 'grad_norm': '0.1751', 'learning_rate': '6.262e-06', 'epoch': '0.8459'}\n"}
,{"stream_name":"stdout","time":20667.604572549,"data":"{'loss': '0.9345', 'grad_norm': '0.3013', 'learning_rate': '5.372e-06', 'epoch': '0.8577'}\n"}
,{"stream_name":"stdout","time":20667.604576651,"data":"{'loss': '0.8878', 'grad_norm': '0.3068', 'learning_rate': '4.547e-06', 'epoch': '0.8694'}\n"}
,{"stream_name":"stdout","time":20667.604580562,"data":"{'loss': '1.325', 'grad_norm': '0.5962', 'learning_rate': '3.788e-06', 'epoch': '0.8812'}\n"}
,{"stream_name":"stdout","time":20667.604584438,"data":"{'loss': '0.8234', 'grad_norm': '0.171', 'learning_rate': '3.095e-06', 'epoch': '0.8929'}\n"}
,{"stream_name":"stdout","time":20667.604588231,"data":"{'loss': '0.831', 'grad_norm': '0.1784', 'learning_rate': '2.471e-06', 'epoch': '0.9047'}\n"}
,{"stream_name":"stdout","time":20667.604592014,"data":"{'loss': '0.9009', 'grad_norm': '0.2271', 'learning_rate': '1.915e-06', 'epoch': '0.9164'}\n"}
,{"stream_name":"stdout","time":20667.604595991,"data":"{'loss': '0.8731', 'grad_norm': '0.3317', 'learning_rate': '1.429e-06', 'epoch': '0.9282'}\n"}
,{"stream_name":"stdout","time":20667.604599794,"data":"{'loss': '1.166', 'grad_norm': '0.6296', 'learning_rate': '1.012e-06', 'epoch': '0.9399'}\n"}
,{"stream_name":"stdout","time":20667.604603824,"data":"{'loss': '0.8278', 'grad_norm': '0.1554', 'learning_rate': '6.672e-07', 'epoch': '0.9517'}\n"}
,{"stream_name":"stdout","time":20667.604607826,"data":"{'loss': '0.7819', 'grad_norm': '0.1754', 'learning_rate': '3.933e-07', 'epoch': '0.9634'}\n"}
,{"stream_name":"stdout","time":20667.604611861,"data":"{'loss': '0.896', 'grad_norm': '0.2195', 'learning_rate': '1.912e-07', 'epoch': '0.9752'}\n"}
,{"stream_name":"stdout","time":20667.604615813,"data":"{'loss': '0.9125', 'grad_norm': '0.2755', 'learning_rate': '6.111e-08', 'epoch': '0.9869'}\n"}
,{"stream_name":"stdout","time":20667.604619436,"data":"{'loss': '1.309', 'grad_norm': '0.5725', 'learning_rate': '3.255e-09', 'epoch': '0.9987'}\n"}
,{"stream_name":"stdout","time":20667.604623434,"data":"{'train_runtime': '2.045e+04', 'train_samples_per_second': '0.666', 'train_steps_per_second': '0.042', 'train_loss': '0.9771', 'epoch': '1'}\n"}
,{"stream_name":"stdout","time":20667.604627684,"data":"saved adapter to outputs/run2\n"}
,{"stream_name":"stdout","time":20667.807426459,"data":"{'loss': '1.036', 'grad_norm': '0.2865', 'learning_rate': '7.308e-05', 'epoch': '0.0235'}\n"}
,{"stream_name":"stdout","time":20667.807460766,"data":"{'loss': '1.048', 'grad_norm': '0.224', 'learning_rate': '0.0001', 'epoch': '0.03525'}\n"}
,{"stream_name":"stdout","time":20667.807488208,"data":"{'loss': '1.031', 'grad_norm': '0.2939', 'learning_rate': '9.994e-05', 'epoch': '0.047'}\n"}
,{"stream_name":"stdout","time":20667.807493536,"data":"{'loss': '1.392', 'grad_norm': '0.7539', 'learning_rate': '9.981e-05', 'epoch': '0.05875'}\n"}
,{"stream_name":"stdout","time":20667.807498752,"data":"{'loss': '0.9436', 'grad_norm': '0.2221', 'learning_rate': '9.961e-05', 'epoch': '0.07049'}\n"}
,{"stream_name":"stdout","time":20667.807503861,"data":"{'loss': '0.9167', 'grad_norm': '0.164', 'learning_rate': '9.933e-05', 'epoch': '0.08224'}\n"}
,{"stream_name":"stdout","time":20667.807508579,"data":"{'loss': '1.02', 'grad_norm': '0.202', 'learning_rate': '9.899e-05', 'epoch': '0.09399'}\n"}
,{"stream_name":"stdout","time":20667.807513212,"data":"{'loss': '0.9206', 'grad_norm': '0.3007', 'learning_rate': '9.857e-05', 'epoch': '0.1057'}\n"}
,{"stream_name":"stdout","time":20667.807517308,"data":"{'loss': '1.385', 'grad_norm': '0.6318', 'learning_rate': '9.809e-05', 'epoch': '0.1175'}\n"}
,{"stream_name":"stdout","time":20667.807521235,"data":"{'loss': '0.9188', 'grad_norm': '0.1915', 'learning_rate': '9.753e-05', 'epoch': '0.1292'}\n"}
,{"stream_name":"stdout","time":20667.807525492,"data":"{'loss': '0.849', 'grad_norm': '0.1686', 'learning_rate': '9.69e-05', 'epoch': '0.141'}\n"}
,{"stream_name":"stdout","time":20667.807529925,"data":"{'loss': '0.9602', 'grad_norm': '0.197', 'learning_rate': '9.621e-05', 'epoch': '0.1527'}\n"}
,{"stream_name":"stdout","time":20667.807534137,"data":"{'loss': '0.9288', 'grad_norm': '0.34', 'learning_rate': '9.545e-05', 'epoch': '0.1645'}\n"}
,{"stream_name":"stdout","time":20667.807544281,"data":"{'loss': '1.34', 'grad_norm': '0.7948', 'learning_rate': '9.463e-05', 'epoch': '0.1762'}\n"}
,{"stream_name":"stdout","time":20667.807547448,"data":"{'loss': '0.8907', 'grad_norm': '0.1797', 'learning_rate': '9.374e-05', 'epoch': '0.188'}\n"}
,{"stream_name":"stdout","time":20667.807550167,"data":"{'loss': '0.8772', 'grad_norm': '0.1793', 'learning_rate': '9.279e-05', 'epoch': '0.1997'}\n"}
,{"stream_name":"stdout","time":20667.807552877,"data":"{'loss': '0.9562', 'grad_norm': '0.2083', 'learning_rate': '9.177e-05', 'epoch': '0.2115'}\n"}
,{"stream_name":"stdout","time":20667.807555557,"data":"{'loss': '0.9611', 'grad_norm': '0.3115', 'learning_rate': '9.07e-05', 'epoch': '0.2232'}\n"}
,{"stream_name":"stdout","time":20667.807558317,"data":"{'loss': '1.192', 'grad_norm': '0.6633', 'learning_rate': '8.956e-05', 'epoch': '0.235'}\n"}
,{"stream_name":"stdout","time":20667.807561009,"data":"{'loss': '0.9046', 'grad_norm': '0.1844', 'learning_rate': '8.837e-05', 'epoch': '0.2467'}\n"}
,{"stream_name":"stdout","time":20667.807563709,"data":"{'loss': '0.8929', 'grad_norm': '0.1682', 'learning_rate': '8.712e-05', 'epoch': '0.2585'}\n"}
,{"stream_name":"stdout","time":20667.807566382,"data":"{'loss': '0.9425', 'grad_norm': '0.1873', 'learning_rate': '8.582e-05', 'epoch': '0.2702'}\n"}
,{"stream_name":"stdout","time":20667.807570414,"data":"{'loss': '0.9481', 'grad_norm': '0.3211', 'learning_rate': '8.447e-05', 'epoch': '0.282'}\n"}
,{"stream_name":"stdout","time":20667.807573912,"data":"{'loss': '1.249', 'grad_norm': '0.6144', 'learning_rate': '8.307e-05', 'epoch': '0.2937'}\n"}
,{"stream_name":"stdout","time":20667.807590312,"data":"{'loss': '0.8756', 'grad_norm': '0.1607', 'learning_rate': '8.162e-05', 'epoch': '0.3055'}\n"}
,{"stream_name":"stdout","time":20667.807595104,"data":"{'loss': '0.8133', 'grad_norm': '0.1629', 'learning_rate': '8.012e-05', 'epoch': '0.3172'}\n"}
,{"stream_name":"stdout","time":20667.807616427,"data":"{'loss': '0.9012', 'grad_norm': '0.2162', 'learning_rate': '7.858e-05', 'epoch': '0.329'}\n"}
,{"stream_name":"stdout","time":20667.807620847,"data":"{'loss': '0.852', 'grad_norm': '0.4171', 'learning_rate': '7.7e-05', 'epoch': '0.3407'}\n"}
,{"stream_name":"stdout","time":20667.807624839,"data":"{'loss': '1.375', 'grad_norm': '0.5948', 'learning_rate': '7.538e-05', 'epoch': '0.3525'}\n"}
,{"stream_name":"stdout","time":20667.807628843,"data":"{'loss': '0.8653', 'grad_norm': '0.1622', 'learning_rate': '7.373e-05', 'epoch': '0.3642'}\n"}
,{"stream_name":"stdout","time":20667.807632752,"data":"{'loss': '0.8316', 'grad_norm': '0.1674', 'learning_rate': '7.204e-05', 'epoch': '0.376'}\n"}
,{"stream_name":"stdout","time":20667.807636645,"data":"{'loss': '0.9148', 'grad_norm': '0.1955', 'learning_rate': '7.031e-05', 'epoch': '0.3877'}\n"}
,{"stream_name":"stdout","time":20667.807640663,"data":"{'loss': '0.9263', 'grad_norm': '0.3469', 'learning_rate': '6.856e-05', 'epoch': '0.3995'}\n"}
,{"stream_name":"stdout","time":20667.807644616,"data":"{'loss': '1.311', 'grad_norm': '0.7486', 'learning_rate': '6.678e-05', 'epoch': '0.4112'}\n"}
,{"stream_name":"stdout","time":20667.807648616,"data":"{'loss': '0.8435', 'grad_norm': '0.1882', 'learning_rate': '6.498e-05', 'epoch': '0.423'}\n"}
,{"stream_name":"stdout","time":20667.807658263,"data":"{'loss': '0.8065', 'grad_norm': '0.1907', 'learning_rate': '6.316e-05', 'epoch': '0.4347'}\n"}
,{"stream_name":"stdout","time":20667.807661377,"data":"{'loss': '0.8968', 'grad_norm': '0.1989', 'learning_rate': '6.131e-05', 'epoch': '0.4465'}\n"}
,{"stream_name":"stdout","time":20667.807664067,"data":"{'loss': '0.9296', 'grad_norm': '0.2769', 'learning_rate': '5.945e-05', 'epoch': '0.4582'}\n"}
,{"stream_name":"stdout","time":20667.807666887,"data":"{'loss': '1.45', 'grad_norm': '0.6744', 'learning_rate': '5.758e-05', 'epoch': '0.47'}\n"}
,{"stream_name":"stdout","time":20667.807669576,"data":"{'loss': '0.8451', 'grad_norm': '0.1793', 'learning_rate': '5.569e-05', 'epoch': '0.4817'}\n"}
,{"stream_name":"stdout","time":20667.807673142,"data":"{'loss': '0.8306', 'grad_norm': '0.1954', 'learning_rate': '5.38e-05', 'epoch': '0.4935'}\n"}
,{"stream_name":"stdout","time":20667.807689262,"data":"{'loss': '0.9027', 'grad_norm': '0.1987', 'learning_rate': '5.19e-05', 'epoch': '0.5052'}\n"}
,{"stream_name":"stdout","time":20667.807694057,"data":"{'loss': '0.9392', 'grad_norm': '0.3274', 'learning_rate': '5e-05', 'epoch': '0.517'}\n"}
,{"stream_name":"stdout","time":20667.807698619,"data":"{'loss': '1.271', 'grad_norm': '0.7503', 'learning_rate': '4.81e-05', 'epoch': '0.5287'}\n"}
,{"stream_name":"stdout","time":20667.807703447,"data":"{'loss': '0.8376', 'grad_norm': '0.1629', 'learning_rate': '4.62e-05', 'epoch': '0.5405'}\n"}
,{"stream_name":"stdout","time":20667.807708154,"data":"{'loss': '0.8525', 'grad_norm': '0.1837', 'learning_rate': '4.431e-05', 'epoch': '0.5522'}\n"}
,{"stream_name":"stdout","time":20667.807712142,"data":"{'loss': '0.8801', 'grad_norm': '0.195', 'learning_rate': '4.242e-05', 'epoch': '0.564'}\n"}
,{"stream_name":"stdout","time":20667.807716105,"data":"{'loss': '0.8969', 'grad_norm': '0.3056', 'learning_rate': '4.055e-05', 'epoch': '0.5757'}\n"}
,{"stream_name":"stdout","time":20667.807720073,"data":"{'loss': '1.395', 'grad_norm': '0.6414', 'learning_rate': '3.869e-05', 'epoch': '0.5875'}\n"}
,{"stream_name":"stdout","time":20667.807724021,"data":"{'loss': '0.8395', 'grad_norm': '0.173', 'learning_rate': '3.684e-05', 'epoch': '0.5992'}\n"}
,{"stream_name":"stdout","time":20667.807727936,"data":"{'loss': '0.8346', 'grad_norm': '0.1836', 'learning_rate': '3.502e-05', 'epoch': '0.611'}\n"}
,{"stream_name":"stdout","time":20667.807736232,"data":"{'loss': '0.8656', 'grad_norm': '0.1952', 'learning_rate': '3.322e-05', 'epoch': '0.6227'}\n"}
,{"stream_name":"stdout","time":20667.807740265,"data":"{'loss': '0.9821', 'grad_norm': '0.3279', 'learning_rate': '3.144e-05', 'epoch': '0.6345'}\n"}
,{"stream_name":"stdout","time":20667.807744172,"data":"{'loss': '1.259', 'grad_norm': '0.5944', 'learning_rate': '2.969e-05', 'epoch': '0.6462'}\n"}
,{"stream_name":"stdout","time":20667.807748699,"data":"{'loss': '0.7974', 'grad_norm': '0.16', 'learning_rate': '2.796e-05', 'epoch': '0.658'}\n"}
,{"stream_name":"stdout","time":20667.807768887,"data":"{'loss': '0.8373', 'grad_norm': '0.1994', 'learning_rate': '2.627e-05', 'epoch': '0.6697'}\n"}
,{"stream_name":"stdout","time":20667.807773288,"data":"{'loss': '0.9435', 'grad_norm': '0.2063', 'learning_rate': '2.462e-05', 'epoch': '0.6815'}\n"}
,{"stream_name":"stdout","time":20667.807780342,"data":"{'loss': '0.9545', 'grad_norm': '0.4202', 'learning_rate': '2.3e-05', 'epoch': '0.6932'}\n"}
,{"stream_name":"stdout","time":20667.807784329,"data":"{'loss': '1.311', 'grad_norm': '0.654', 'learning_rate': '2.142e-05', 'epoch': '0.7049'}\n"}
,{"stream_name":"stdout","time":20667.807788289,"data":"{'loss': '0.8323', 'grad_norm': '0.1604', 'learning_rate': '1.988e-05', 'epoch': '0.7167'}\n"}
,{"stream_name":"stdout","time":20667.807792312,"data":"{'loss': '0.7806', 'grad_norm': '0.2887', 'learning_rate': '1.838e-05', 'epoch': '0.7284'}\n"}
,{"stream_name":"stdout","time":20667.807796299,"data":"{'loss': '0.9298', 'grad_norm': '0.2218', 'learning_rate': '1.693e-05', 'epoch': '0.7402'}\n"}
,{"stream_name":"stdout","time":20667.807800162,"data":"{'loss': '0.9057', 'grad_norm': '0.3206', 'learning_rate': '1.553e-05', 'epoch': '0.7519'}\n"}
,{"stream_name":"stdout","time":20667.807804042,"data":"{'loss': '1.373', 'grad_norm': '0.5714', 'learning_rate': '1.418e-05', 'epoch': '0.7637'}\n"}
,{"stream_name":"stdout","time":20667.807808062,"data":"{'loss': '0.8729', 'grad_norm': '0.1554', 'learning_rate': '1.288e-05', 'epoch': '0.7754'}\n"}
,{"stream_name":"stdout","time":20667.807811969,"data":"{'loss': '0.8136', 'grad_norm': '0.1858', 'learning_rate': '1.163e-05', 'epoch': '0.7872'}\n"}
,{"stream_name":"stdout","time":20667.807815962,"data":"{'loss': '0.8871', 'grad_norm': '0.2115', 'learning_rate': '1.044e-05', 'epoch': '0.7989'}\n"}
,{"stream_name":"stdout","time":20667.807819999,"data":"{'loss': '0.9115', 'grad_norm': '0.2923', 'learning_rate': '9.305e-06', 'epoch': '0.8107'}\n"}
,{"stream_name":"stdout","time":20667.807830127,"data":"{'loss': '1.319', 'grad_norm': '0.5826', 'learning_rate': '8.229e-06', 'epoch': '0.8224'}\n"}
,{"stream_name":"stdout","time":20667.807847274,"data":"{'loss': '0.829', 'grad_norm': '0.1468', 'learning_rate': '7.215e-06', 'epoch': '0.8342'}\n"}
,{"stream_name":"stdout","time":20667.807851954,"data":"{'loss': '0.7591', 'grad_norm': '0.1751', 'learning_rate': '6.262e-06', 'epoch': '0.8459'}\n"}
,{"stream_name":"stdout","time":20667.807856788,"data":"{'loss': '0.9345', 'grad_norm': '0.3013', 'learning_rate': '5.372e-06', 'epoch': '0.8577'}\n"}
,{"stream_name":"stdout","time":20667.807861496,"data":"{'loss': '0.8878', 'grad_norm': '0.3068', 'learning_rate': '4.547e-06', 'epoch': '0.8694'}\n"}
,{"stream_name":"stdout","time":20667.807866091,"data":"{'loss': '1.325', 'grad_norm': '0.5962', 'learning_rate': '3.788e-06', 'epoch': '0.8812'}\n"}
,{"stream_name":"stdout","time":20667.807870094,"data":"{'loss': '0.8234', 'grad_norm': '0.171', 'learning_rate': '3.095e-06', 'epoch': '0.8929'}\n"}
,{"stream_name":"stdout","time":20667.807874023,"data":"{'loss': '0.831', 'grad_norm': '0.1784', 'learning_rate': '2.471e-06', 'epoch': '0.9047'}\n"}
,{"stream_name":"stdout","time":20667.807878038,"data":"{'loss': '0.9009', 'grad_norm': '0.2271', 'learning_rate': '1.915e-06', 'epoch': '0.9164'}\n"}
,{"stream_name":"stdout","time":20667.807886295,"data":"{'loss': '0.8731', 'grad_norm': '0.3317', 'learning_rate': '1.429e-06', 'epoch': '0.9282'}\n"}
,{"stream_name":"stdout","time":20667.807890395,"data":"{'loss': '1.166', 'grad_norm': '0.6296', 'learning_rate': '1.012e-06', 'epoch': '0.9399'}\n"}
,{"stream_name":"stdout","time":20667.807894368,"data":"{'loss': '0.8278', 'grad_norm': '0.1554', 'learning_rate': '6.672e-07', 'epoch': '0.9517'}\n"}
,{"stream_name":"stdout","time":20667.807898309,"data":"{'loss': '0.7819', 'grad_norm': '0.1754', 'learning_rate': '3.933e-07', 'epoch': '0.9634'}\n"}
,{"stream_name":"stdout","time":20667.807902205,"data":"{'loss': '0.896', 'grad_norm': '0.2195', 'learning_rate': '1.912e-07', 'epoch': '0.9752'}\n"}
,{"stream_name":"stdout","time":20667.807906164,"data":"{'loss': '0.9125', 'grad_norm': '0.2755', 'learning_rate': '6.111e-08', 'epoch': '0.9869'}\n"}
,{"stream_name":"stdout","time":20667.807910061,"data":"{'loss': '1.309', 'grad_norm': '0.5725', 'learning_rate': '3.255e-09', 'epoch': '0.9987'}\n"}
,{"stream_name":"stdout","time":20667.807914174,"data":"{'train_runtime': '2.045e+04', 'train_samples_per_second': '0.666', 'train_steps_per_second': '0.042', 'train_loss': '0.9771', 'epoch': '1'}\n"}
,{"stream_name":"stdout","time":20667.807918475,"data":"saved adapter to outputs/run2\n"}
,{"stream_name":"stdout","time":20670.059525795,"data":"\n"}
,{"stream_name":"stdout","time":20670.059561284,"data":"ok\n"}
,{"stream_name":"stdout","time":20670.059566053,"data":"\n"}
,{"stream_name":"stdout","time":20670.437077631,"data":"########## Training ##########\n"}
,{"stream_name":"stdout","time":20670.437109746,"data":"  format: v2\n"}
,{"stream_name":"stdout","time":20670.437113957,"data":"  train_runtime_seconds: 20453.476\n"}
,{"stream_name":"stdout","time":20670.437116522,"data":"  train_loss: 0.9770993328010532\n"}
,{"stream_name":"stdout","time":20670.437118917,"data":"  examples: 13617\n"}
,{"stream_name":"stdout","time":20670.437121194,"data":"  max_seq: 2496\n"}
,{"stream_name":"stdout","time":20670.437123439,"data":"  batch_size: 2\n"}
,{"stream_name":"stdout","time":20670.437125752,"data":"  grad_accum: 8\n"}
,{"stream_name":"stdout","time":20670.43712799,"data":"  rank: 64\n"}
,{"stream_name":"stdout","time":20670.43713021,"data":"  lr: 0.0001\n"}
,{"stream_name":"stdout","time":20670.437132453,"data":"  group_by_length: True\n"}
,{"stream_name":"stdout","time":20670.437134801,"data":"  steps: 852\n"}
,{"stream_name":"stdout","time":20670.437137007,"data":"  max_steps: 852\n"}
,{"stream_name":"stdout","time":20670.437139302,"data":"  stopped_early: False\n"}
,{"stream_name":"stdout","time":20685.587817423,"data":"19:12 answers written: {'tuned': 0, 'base': 0}\n"}
,{"stream_name":"stdout","time":20700.648833805,"data":"19:12 answers written: {'tuned': 0, 'base': 0}\n"}
,{"stream_name":"stdout","time":20715.590717152,"data":"19:13 answers written: {'tuned': 0, 'base': 0}\n"}
,{"stream_name":"stdout","time":20730.592092002,"data":"19:13 answers written: {'tuned': 0, 'base': 0}\n"}
,{"stream_name":"stdout","time":20745.64582538,"data":"19:13 answers written: {'tuned': 0, 'base': 0}\n"}
,{"stream_name":"stdout","time":20760.595347706,"data":"19:13 answers written: {'tuned': 0, 'base': 16}\n"}
,{"stream_name":"stdout","time":20775.597186737,"data":"19:14 answers written: {'tuned': 24, 'base': 24}\n"}
,{"stream_name":"stdout","time":20790.661155812,"data":"19:14 answers written: {'tuned': 28, 'base': 28}\n"}
,{"stream_name":"stdout","time":20805.60101441,"data":"19:14 answers written: {'tuned': 32, 'base': 32}\n"}
,{"stream_name":"stdout","time":20805.603729111,"data":"--- tuned log tail ---\n"}
,{"stream_name":"stdout","time":20805.604203833,"data":"Loading weights:  95%|█████████▍| 377/398 [00:15\u003c00:01, 13.61it/s]\n"}
,{"stream_name":"stdout","time":20805.604222307,"data":"Loading weights:  97%|█████████▋| 388/398 [00:16\u003c00:00, 13.38it/s]\n"}
,{"stream_name":"stdout","time":20805.604227506,"data":"Loading weights: 100%|██████████| 398/398 [00:16\u003c00:00, 23.55it/s]\n"}
,{"stream_name":"stdout","time":20805.604243808,"data":"tuned letter:medqa: 4/4 done in 1s\n"}
,{"stream_name":"stdout","time":20805.604248213,"data":"tuned letter:medmcqa: 4/4 done in 0s\n"}
,{"stream_name":"stdout","time":20805.604252195,"data":"tuned letter:pubmedqa: 4/4 done in 1s\n"}
,{"stream_name":"stdout","time":20805.604256129,"data":"tuned letter:mmlu_medical: 4/4 done in 0s\n"}
,{"stream_name":"stdout","time":20805.604260607,"data":"Both `max_new_tokens` (=128) and `max_length`(=40960) seem to have been set. `max_new_tokens` will take precedence. Please refer to the documentation for more information. (https://huggingface.co/docs/transformers/main/en/main_classes/text_generation)\n"}
,{"stream_name":"stdout","time":20805.604266878,"data":"tuned reasoning:medqa: 4/4 done in 3s\n"}
,{"stream_name":"stdout","time":20805.60427082,"data":"Both `max_new_tokens` (=128) and `max_length`(=40960) seem to have been set. `max_new_tokens` will take precedence. Please refer to the documentation for more information. (https://huggingface.co/docs/transformers/main/en/main_classes/text_generation)\n"}
,{"stream_name":"stdout","time":20805.604275514,"data":"tuned reasoning:mmlu_medical: 4/4 done in 4s\n"}
,{"stream_name":"stdout","time":20805.604279519,"data":"Both `max_new_tokens` (=128) and `max_length`(=40960) seem to have been set. `max_new_tokens` will take precedence. Please refer to the documentation for more information. (https://huggingface.co/docs/transformers/main/en/main_classes/text_generation)\n"}
,{"stream_name":"stdout","time":20805.604284157,"data":"tuned reasoning:pubmedqa: 4/4 done in 10s\n"}
,{"stream_name":"stdout","time":20805.604288146,"data":"Both `max_new_tokens` (=128) and `max_length`(=40960) seem to have been set. `max_new_tokens` will take precedence. Please refer to the documentation for more information. (https://huggingface.co/docs/transformers/main/en/main_classes/text_generation)\n"}
,{"stream_name":"stdout","time":20805.604292973,"data":"tuned reasoning:medmcqa: 4/4 done in 14s\n"}
,{"stream_name":"stdout","time":20805.604296928,"data":"\n"}
,{"stream_name":"stdout","time":20805.604300753,"data":"--- base log tail ---\n"}
,{"stream_name":"stdout","time":20805.604304664,"data":"Loading weights:  95%|█████████▍| 377/398 [00:16\u003c00:01, 12.67it/s]\n"}
,{"stream_name":"stdout","time":20805.604308512,"data":"Loading weights:  97%|█████████▋| 388/398 [00:16\u003c00:00, 12.75it/s]\n"}
,{"stream_name":"stdout","time":20805.604313744,"data":"Loading weights: 100%|██████████| 398/398 [00:16\u003c00:00, 23.53it/s]\n"}
,{"stream_name":"stdout","time":20805.604320136,"data":"base letter:medqa: 4/4 done in 1s\n"}
,{"stream_name":"stdout","time":20805.60432248,"data":"base letter:medmcqa: 4/4 done in 0s\n"}
,{"stream_name":"stdout","time":20805.604324768,"data":"base letter:pubmedqa: 4/4 done in 1s\n"}
,{"stream_name":"stdout","time":20805.604327098,"data":"base letter:mmlu_medical: 4/4 done in 0s\n"}
,{"stream_name":"stdout","time":20805.604336746,"data":"Both `max_new_tokens` (=128) and `max_length`(=40960) seem to have been set. `max_new_tokens` will take precedence. Please refer to the documentation for more information. (https://huggingface.co/docs/transformers/main/en/main_classes/text_generation)\n"}
,{"stream_name":"stdout","time":20805.604339671,"data":"base reasoning:medqa: 4/4 done in 10s\n"}
,{"stream_name":"stdout","time":20805.604347743,"data":"Both `max_new_tokens` (=128) and `max_length`(=40960) seem to have been set. `max_new_tokens` will take precedence. Please refer to the documentation for more information. (https://huggingface.co/docs/transformers/main/en/main_classes/text_generation)\n"}
,{"stream_name":"stdout","time":20805.604350531,"data":"base reasoning:mmlu_medical: 4/4 done in 8s\n"}
,{"stream_name":"stdout","time":20805.604352922,"data":"Both `max_new_tokens` (=128) and `max_length`(=40960) seem to have been set. `max_new_tokens` will take precedence. Please refer to the documentation for more information. (https://huggingface.co/docs/transformers/main/en/main_classes/text_generation)\n"}
,{"stream_name":"stdout","time":20805.604355557,"data":"base reasoning:pubmedqa: 4/4 done in 10s\n"}
,{"stream_name":"stdout","time":20805.604357846,"data":"Both `max_new_tokens` (=128) and `max_length`(=40960) seem to have been set. `max_new_tokens` will take precedence. Please refer to the documentation for more information. (https://huggingface.co/docs/transformers/main/en/main_classes/text_generation)\n"}
,{"stream_name":"stdout","time":20805.60436068,"data":"base reasoning:medmcqa: 4/4 done in 8s\n"}
,{"stream_name":"stdout","time":20805.604363056,"data":"\n"}
,{"stream_name":"stdout","time":20805.604365328,"data":"$ python -m training.eval_report --eval-dir outputs/eval_smoke --bench-dir data/v2 --out outputs/eval_smoke/report.json\n"}
,{"stream_name":"stdout","time":20805.604367816,"data":"\n"}
,{"stream_name":"stdout","time":20805.955592994,"data":"stage                          scored    base   tuned  change         p  95% CI of the change\n"}
,{"stream_name":"stdout","time":20805.955617541,"data":"letter:medqa                      4/4   75.0%   75.0%    +0.0    1.0000  [+0.0, +0.0]\n"}
,{"stream_name":"stdout","time":20805.955622311,"data":"letter:medmcqa                    4/4   25.0%   50.0%   +25.0    1.0000  [-17.4, +67.4]\n"}
,{"stream_name":"stdout","time":20805.955626158,"data":"letter:pubmedqa                   4/4   50.0%   50.0%    +0.0    1.0000  [+0.0, +0.0]\n"}
,{"stream_name":"stdout","time":20805.955629558,"data":"letter:mmlu_medical               4/4   50.0%   50.0%    +0.0    1.0000  [+0.0, +0.0]\n"}
,{"stream_name":"stdout","time":20805.955632923,"data":"reasoning:medqa                   4/4   50.0%   25.0%   -25.0    1.0000  [-67.4, +17.4]\n"}
,{"stream_name":"stdout","time":20805.955636169,"data":"reasoning:mmlu_medical            4/4   75.0%   75.0%    +0.0    1.0000  [+0.0, +0.0]\n"}
,{"stream_name":"stdout","time":20805.955639463,"data":"reasoning:pubmedqa                4/4  100.0%  100.0%    +0.0    1.0000  [+0.0, +0.0]\n"}
,{"stream_name":"stdout","time":20805.95564301,"data":"reasoning:medmcqa                 4/4   75.0%  100.0%   +25.0    1.0000  [-17.4, +67.4]\n"}
,{"stream_name":"stdout","time":20805.955646357,"data":"pooled letter                   16/16   50.0%   56.2%    +6.2    1.0000  [-5.6, +18.1]\n"}
,{"stream_name":"stdout","time":20805.955650097,"data":"pooled reasoning                16/16   75.0%   75.0%    +0.0    1.0000  [-17.3, +17.3]\n"}
,{"stream_name":"stdout","time":20805.955653526,"data":"base: finished \n"}
,{"stream_name":"stdout","time":20805.955656543,"data":"tuned: finished \n"}
,{"stream_name":"stdout","time":20805.955659802,"data":"\n"}
,{"stream_name":"stdout","time":20805.955663125,"data":"wrote outputs/eval_smoke/report.json\n"}
,{"stream_name":"stdout","time":20805.972796011,"data":"stage                          scored    base   tuned  change         p  95% CI of the change\n"}
,{"stream_name":"stdout","time":20805.972818754,"data":"letter:medqa                      4/4   75.0%   75.0%    +0.0    1.0000  [+0.0, +0.0]\n"}
,{"stream_name":"stdout","time":20805.972837987,"data":"letter:medmcqa                    4/4   25.0%   50.0%   +25.0    1.0000  [-17.4, +67.4]\n"}
,{"stream_name":"stdout","time":20805.972843085,"data":"letter:pubmedqa                   4/4   50.0%   50.0%    +0.0    1.0000  [+0.0, +0.0]\n"}
,{"stream_name":"stdout","time":20805.972847345,"data":"letter:mmlu_medical               4/4   50.0%   50.0%    +0.0    1.0000  [+0.0, +0.0]\n"}
,{"stream_name":"stdout","time":20805.972851183,"data":"reasoning:medqa                   4/4   50.0%   25.0%   -25.0    1.0000  [-67.4, +17.4]\n"}
,{"stream_name":"stdout","time":20805.972854823,"data":"reasoning:mmlu_medical            4/4   75.0%   75.0%    +0.0    1.0000  [+0.0, +0.0]\n"}
,{"stream_name":"stdout","time":20805.972858785,"data":"reasoning:pubmedqa                4/4  100.0%  100.0%    +0.0    1.0000  [+0.0, +0.0]\n"}
,{"stream_name":"stdout","time":20805.972862672,"data":"reasoning:medmcqa                 4/4   75.0%  100.0%   +25.0    1.0000  [-17.4, +67.4]\n"}
,{"stream_name":"stdout","time":20805.972866663,"data":"pooled letter                   16/16   50.0%   56.2%    +6.2    1.0000  [-5.6, +18.1]\n"}
,{"stream_name":"stdout","time":20805.972870644,"data":"pooled reasoning                16/16   75.0%   75.0%    +0.0    1.0000  [-17.3, +17.3]\n"}
,{"stream_name":"stdout","time":20805.97287495,"data":"base: finished \n"}
,{"stream_name":"stdout","time":20805.972878931,"data":"tuned: finished \n"}
,{"stream_name":"stdout","time":20805.972882769,"data":"\n"}
,{"stream_name":"stdout","time":20805.97288654,"data":"wrote outputs/eval_smoke/report.json\n"}
,{"stream_name":"stdout","time":20805.972890924,"data":"\n"}
,{"stream_name":"stdout","time":20805.9728945,"data":"ok\n"}
,{"stream_name":"stdout","time":20805.97289832,"data":"\n"}
,{"stream_name":"stdout","time":21406.146569915,"data":"19:24 answers written: {'tuned': 2233, 'base': 4841}\n"}
,{"stream_name":"stdout","time":22006.125589149,"data":"19:34 answers written: {'tuned': 5952, 'base': 7545}\n"}
,{"stream_name":"stdout","time":22606.131606068,"data":"19:44 answers written: {'tuned': 7561, 'base': 7561}\n"}
,{"stream_name":"stdout","time":23206.137808765,"data":"19:54 answers written: {'tuned': 7673, 'base': 7593}\n"}
,{"stream_name":"stdout","time":23806.145123555,"data":"20:04 answers written: {'tuned': 7753, 'base': 7625}\n"}
,{"stream_name":"stdout","time":24406.159431597,"data":"20:14 answers written: {'tuned': 7817, 'base': 7641}\n"}
,{"stream_name":"stdout","time":25006.156077731,"data":"20:24 answers written: {'tuned': 7913, 'base': 7673}\n"}
,{"stream_name":"stdout","time":25606.165645155,"data":"20:34 answers written: {'tuned': 7993, 'base': 7705}\n"}
,{"stream_name":"stdout","time":26206.192307136,"data":"20:44 answers written: {'tuned': 8073, 'base': 7721}\n"}
,{"stream_name":"stdout","time":26806.180016397,"data":"20:54 answers written: {'tuned': 8153, 'base': 7737}\n"}
,{"stream_name":"stdout","time":27406.157328594,"data":"21:04 answers written: {'tuned': 8249, 'base': 7737}\n"}
,{"stream_name":"stdout","time":28006.165188795,"data":"21:14 answers written: {'tuned': 8361, 'base': 7737}\n"}
,{"stream_name":"stdout","time":28606.170026568,"data":"21:24 answers written: {'tuned': 8457, 'base': 7737}\n"}
,{"stream_name":"stdout","time":29206.183070454,"data":"21:34 answers written: {'tuned': 8521, 'base': 7737}\n"}
,{"stream_name":"stdout","time":29806.180355948,"data":"21:44 answers written: {'tuned': 8617, 'base': 7737}\n"}
,{"stream_name":"stdout","time":30406.185023302,"data":"21:54 answers written: {'tuned': 8681, 'base': 7737}\n"}
,{"stream_name":"stdout","time":31006.190464824,"data":"22:04 answers written: {'tuned': 8793, 'base': 7737}\n"}
,{"stream_name":"stdout","time":31606.201593547,"data":"22:14 answers written: {'tuned': 8866, 'base': 7737}\n"}
,{"stream_name":"stdout","time":32206.201591999,"data":"22:24 answers written: {'tuned': 8978, 'base': 7737}\n"}
,{"stream_name":"stdout","time":32806.208978184,"data":"22:34 answers written: {'tuned': 9074, 'base': 7737}\n"}
,{"stream_name":"stdout","time":33406.214437226,"data":"22:44 answers written: {'tuned': 9170, 'base': 7737}\n"}
,{"stream_name":"stdout","time":34006.218958979,"data":"22:54 answers written: {'tuned': 9282, 'base': 7737}\n"}
,{"stream_name":"stdout","time":34606.231438033,"data":"23:04 answers written: {'tuned': 9378, 'base': 7737}\n"}
,{"stream_name":"stdout","time":35206.231896163,"data":"23:14 answers written: {'tuned': 9474, 'base': 7737}\n"}
,{"stream_name":"stdout","time":35806.24206587,"data":"23:24 answers written: {'tuned': 9570, 'base': 7737}\n"}
,{"stream_name":"stdout","time":36406.245904065,"data":"23:34 answers written: {'tuned': 9650, 'base': 7737}\n"}
,{"stream_name":"stdout","time":37006.25461971,"data":"23:44 answers written: {'tuned': 9746, 'base': 7737}\n"}
,{"stream_name":"stdout","time":37606.253310786,"data":"23:54 answers written: {'tuned': 9842, 'base': 7737}\n"}
,{"stream_name":"stdout","time":38206.282799222,"data":"00:04 answers written: {'tuned': 10019, 'base': 7737}\n"}
,{"stream_name":"stdout","time":38806.273513259,"data":"00:14 answers written: {'tuned': 10227, 'base': 7737}\n"}
,{"stream_name":"stdout","time":39406.295395233,"data":"00:24 answers written: {'tuned': 10439, 'base': 7737}\n"}
,{"stream_name":"stdout","time":40006.301146553,"data":"00:34 answers written: {'tuned': 10567, 'base': 7737}\n"}
,{"stream_name":"stdout","time":40606.303125848,"data":"00:44 answers written: {'tuned': 10663, 'base': 7737}\n"}
,{"stream_name":"stdout","time":41206.302260285,"data":"00:54 answers written: {'tuned': 10711, 'base': 7737}\n"}
,{"stream_name":"stdout","time":41206.303308512,"data":"--- tuned log tail ---\n"}
,{"stream_name":"stdout","time":41206.303332928,"data":"Both `max_new_tokens` (=1536) and `max_length`(=40960) seem to have been set. `max_new_tokens` will take precedence. Please refer to the documentation for more information. (https://huggingface.co/docs/transformers/main/en/main_classes/text_generation)\n"}
,{"stream_name":"stdout","time":41206.303340271,"data":"Both `max_new_tokens` (=1536) and `max_length`(=40960) seem to have been set. `max_new_tokens` will take precedence. Please refer to the documentation for more information. (https://huggingface.co/docs/transformers/main/en/main_classes/text_generation)\n"}
,{"stream_name":"stdout","time":41206.303346727,"data":"Both `max_new_tokens` (=1536) and `max_length`(=40960) seem to have been set. `max_new_tokens` will take precedence. Please refer to the documentation for more information. (https://huggingface.co/docs/transformers/main/en/main_classes/text_generation)\n"}
,{"stream_name":"stdout","time":41206.30335291,"data":"Both `max_new_tokens` (=1536) and `max_length`(=40960) seem to have been set. `max_new_tokens` will take precedence. Please refer to the documentation for more information. (https://huggingface.co/docs/transformers/main/en/main_classes/text_generation)\n"}
,{"stream_name":"stdout","time":41206.30335822,"data":"Both `max_new_tokens` (=1536) and `max_length`(=40960) seem to have been set. `max_new_tokens` will take precedence. Please refer to the documentation for more information. (https://huggingface.co/docs/transformers/main/en/main_classes/text_generation)\n"}
,{"stream_name":"stdout","time":41206.303364135,"data":"Both `max_new_tokens` (=1536) and `max_length`(=40960) seem to have been set. `max_new_tokens` will take precedence. Please refer to the documentation for more information. (https://huggingface.co/docs/transformers/main/en/main_classes/text_generation)\n"}
,{"stream_name":"stdout","time":41206.303381114,"data":"Both `max_new_tokens` (=1536) and `max_length`(=40960) seem to have been set. `max_new_tokens` will take precedence. Please refer to the documentation for more information. (https://huggingface.co/docs/transformers/main/en/main_classes/text_generation)\n"}
,{"stream_name":"stdout","time":41206.303385638,"data":"Both `max_new_tokens` (=1536) and `max_length`(=40960) seem to have been set. `max_new_tokens` will take precedence. Please refer to the documentation for more information. (https://huggingface.co/docs/transformers/main/en/main_classes/text_generation)\n"}
,{"stream_name":"stdout","time":41206.303390742,"data":"Both `max_new_tokens` (=1536) and `max_length`(=40960) seem to have been set. `max_new_tokens` will take precedence. Please refer to the documentation for more information. (https://huggingface.co/docs/transformers/main/en/main_classes/text_generation)\n"}
,{"stream_name":"stdout","time":41206.303395151,"data":"Both `max_new_tokens` (=1536) and `max_length`(=40960) seem to have been set. `max_new_tokens` will take precedence. Please refer to the documentation for more information. (https://huggingface.co/docs/transformers/main/en/main_classes/text_generation)\n"}
,{"stream_name":"stdout","time":41206.303399328,"data":"Both `max_new_tokens` (=1536) and `max_length`(=40960) seem to have been set. `max_new_tokens` will take precedence. Please refer to the documentation for more information. (https://huggingface.co/docs/transformers/main/en/main_classes/text_generation)\n"}
,{"stream_name":"stdout","time":41206.30340443,"data":"Both `max_new_tokens` (=1536) and `max_length`(=40960) seem to have been set. `max_new_tokens` will take precedence. Please refer to the documentation for more information. (https://huggingface.co/docs/transformers/main/en/main_classes/text_generation)\n"}
,{"stream_name":"stdout","time":41206.303408943,"data":"Both `max_new_tokens` (=1536) and `max_length`(=40960) seem to have been set. `max_new_tokens` will take precedence. Please refer to the documentation for more information. (https://huggingface.co/docs/transformers/main/en/main_classes/text_generation)\n"}
,{"stream_name":"stdout","time":41206.303413075,"data":"Both `max_new_tokens` (=1536) and `max_length`(=40960) seem to have been set. `max_new_tokens` will take precedence. Please refer to the documentation for more information. (https://huggingface.co/docs/transformers/main/en/main_classes/text_generation)\n"}
,{"stream_name":"stdout","time":41206.303417363,"data":"tuned reasoning:medmcqa: 304/1,000 deadline in 1600s\n"}
,{"stream_name":"stdout","time":41206.303421197,"data":"\n"}
,{"stream_name":"stdout","time":41206.303424539,"data":"--- base log tail ---\n"}
,{"stream_name":"stdout","time":41206.303429021,"data":"    hidden_states, _ = self.self_attn(\n"}
,{"stream_name":"stdout","time":41206.303432723,"data":"                       ^^^^^^^^^^^^^^^\n"}
,{"stream_name":"stdout","time":41206.30343629,"data":"  File \"/usr/local/lib/python3.12/dist-packages/torch/nn/modules/module.py\", line 1776, in _wrapped_call_impl\n"}
,{"stream_name":"stdout","time":41206.303440116,"data":"    return self._call_impl(*args, **kwargs)\n"}
,{"stream_name":"stdout","time":41206.303443936,"data":"           ^^^^^^^^^^^^^^^^^^^^^^^^^^^^^^^^\n"}
,{"stream_name":"stdout","time":41206.303447956,"data":"  File \"/usr/local/lib/python3.12/dist-packages/torch/nn/modules/module.py\", line 1787, in _call_impl\n"}
,{"stream_name":"stdout","time":41206.303451754,"data":"    return forward_call(*args, **kwargs)\n"}
,{"stream_name":"stdout","time":41206.303455646,"data":"           ^^^^^^^^^^^^^^^^^^^^^^^^^^^^^\n"}
,{"stream_name":"stdout","time":41206.303459972,"data":"  File \"/usr/local/lib/python3.12/dist-packages/transformers/models/qwen3/modeling_qwen3.py\", line 277, in forward\n"}
,{"stream_name":"stdout","time":41206.303469523,"data":"    attn_output, attn_weights = attention_interface(\n"}
,{"stream_name":"stdout","time":41206.303474008,"data":"                                ^^^^^^^^^^^^^^^^^^^^\n"}
,{"stream_name":"stdout","time":41206.303478035,"data":"  File \"/usr/local/lib/python3.12/dist-packages/transformers/integrations/sdpa_attention.py\", line 92, in sdpa_attention_forward\n"}
,{"stream_name":"stdout","time":41206.303482083,"data":"    attn_output = torch.nn.functional.scaled_dot_product_attention(\n"}
,{"stream_name":"stdout","time":41206.303486373,"data":"                  ^^^^^^^^^^^^^^^^^^^^^^^^^^^^^^^^^^^^^^^^^^^^^^^^^\n"}
,{"stream_name":"stdout","time":41206.303490768,"data":"torch.OutOfMemoryError: CUDA out of memory. Tried to allocate 614.00 MiB. GPU 0 has a total capacity of 14.56 GiB of which 88.81 MiB is free. Including non-PyTorch memory, this process has 14.47 GiB memory in use. Of the allocated memory 12.79 GiB is allocated by PyTorch, and 1.55 GiB is reserved by PyTorch but unallocated. If reserved but unallocated memory is large try setting PYTORCH_ALLOC_CONF=expandable_segments:True to avoid fragmentation.  See documentation for Memory Management  (https://pytorch.org/docs/stable/notes/cuda.html#environment-variables)\n"}
,{"stream_name":"stdout","time":41206.303496624,"data":"\n"}
,{"stream_name":"stdout","time":41206.303499983,"data":"worker exit codes: {'tuned': 0, 'base': 1}\n"}
,{"stream_name":"stdout","time":41206.30350358,"data":"$ python -m training.eval_report --eval-dir outputs/eval --bench-dir data/v2 --out /kaggle/working/run2_eval.json\n"}
,{"stream_name":"stdout","time":41206.303507293,"data":"\n"}
,{"stream_name":"stdout","time":41206.568307425,"data":"stage                          scored    base   tuned  change         p  95% CI of the change\n"}
,{"stream_name":"stdout","time":41206.568335073,"data":"letter:medqa              1,273/1,273   57.4%   58.1%    +0.6    0.6059  [-1.5, +2.7]\n"}
,{"stream_name":"stdout","time":41206.568339888,"data":"letter:medmcqa            4,183/4,183   55.0%   55.3%    +0.3    0.6561  [-0.9, +1.4]\n"}
,{"stream_name":"stdout","time":41206.568343545,"data":"letter:pubmedqa           1,000/1,000   72.0%   75.1%    +3.1    0.0080  [+0.9, +5.3]\n"}
,{"stream_name":"stdout","time":41206.568347412,"data":"letter:mmlu_medical       1,089/1,089   73.3%   74.1%    +0.8    0.4478  [-1.1, +2.7]\n"}
,{"stream_name":"stdout","time":41206.568351276,"data":"reasoning:medqa             192/1,273   68.2%   57.8%   -10.4    0.0037  [-17.0, -3.8]\n"}
,{"stream_name":"stdout","time":41206.568355531,"data":"pooled letter             7,545/7,545   60.3%   61.1%    +0.8    0.0665  [-0.0, +1.6]\n"}
,{"stream_name":"stdout","time":41206.568359,"data":"pooled reasoning              192/192   68.2%   57.8%   -10.4    0.0037  [-17.0, -3.8]\n"}
,{"stream_name":"stdout","time":41206.568362781,"data":"reached by one model only, not compared: reasoning:mmlu_medical, reasoning:pubmedqa, reasoning:medmcqa\n"}
,{"stream_name":"stdout","time":41206.568367836,"data":"base: error OutOfMemoryError: CUDA out of memory. Tried to allocate 614.00 MiB. GPU 0 has a total capacity of 14.56 GiB of which 88.81 MiB is free. Including non-PyTorch memory, this process has 14.47 GiB memory in use. Of the allocated memory 12.79 GiB is allocated by PyTorch, and 1.55 GiB is reserved by PyTorch but unallocated. If reserved but unallocated memory is large try setting PYTORCH_ALLOC_CONF=expandable_segments:True to avoid fragmentation.  See documentation for Memory Management  (https://pytorch.org/docs/stable/notes/cuda.html#environment-variables)\n"}
,{"stream_name":"stdout","time":41206.568375309,"data":"tuned: deadline \n"}
,{"stream_name":"stdout","time":41206.568378664,"data":"\n"}
,{"stream_name":"stdout","time":41206.568382166,"data":"wrote /kaggle/working/run2_eval.json\n"}
,{"stream_name":"stdout","time":41206.586839061,"data":"stage                          scored    base   tuned  change         p  95% CI of the change\n"}
,{"stream_name":"stdout","time":41206.586861334,"data":"letter:medqa              1,273/1,273   57.4%   58.1%    +0.6    0.6059  [-1.5, +2.7]\n"}
,{"stream_name":"stdout","time":41206.586866733,"data":"letter:medmcqa            4,183/4,183   55.0%   55.3%    +0.3    0.6561  [-0.9, +1.4]\n"}
,{"stream_name":"stdout","time":41206.586870536,"data":"letter:pubmedqa           1,000/1,000   72.0%   75.1%    +3.1    0.0080  [+0.9, +5.3]\n"}
,{"stream_name":"stdout","time":41206.586874088,"data":"letter:mmlu_medical       1,089/1,089   73.3%   74.1%    +0.8    0.4478  [-1.1, +2.7]\n"}
,{"stream_name":"stdout","time":41206.58687759,"data":"reasoning:medqa             192/1,273   68.2%   57.8%   -10.4    0.0037  [-17.0, -3.8]\n"}
,{"stream_name":"stdout","time":41206.586883006,"data":"pooled letter             7,545/7,545   60.3%   61.1%    +0.8    0.0665  [-0.0, +1.6]\n"}
,{"stream_name":"stdout","time":41206.586890401,"data":"pooled reasoning              192/192   68.2%   57.8%   -10.4    0.0037  [-17.0, -3.8]\n"}
,{"stream_name":"stdout","time":41206.586893733,"data":"reached by one model only, not compared: reasoning:mmlu_medical, reasoning:pubmedqa, reasoning:medmcqa\n"}
,{"stream_name":"stdout","time":41206.586910087,"data":"base: error OutOfMemoryError: CUDA out of memory. Tried to allocate 614.00 MiB. GPU 0 has a total capacity of 14.56 GiB of which 88.81 MiB is free. Including non-PyTorch memory, this process has 14.47 GiB memory in use. Of the allocated memory 12.79 GiB is allocated by PyTorch, and 1.55 GiB is reserved by PyTorch but unallocated. If reserved but unallocated memory is large try setting PYTORCH_ALLOC_CONF=expandable_segments:True to avoid fragmentation.  See documentation for Memory Management  (https://pytorch.org/docs/stable/notes/cuda.html#environment-variables)\n"}
,{"stream_name":"stdout","time":41206.586916036,"data":"tuned: deadline \n"}
,{"stream_name":"stdout","time":41206.586919524,"data":"\n"}
,{"stream_name":"stdout","time":41206.586923439,"data":"wrote /kaggle/working/run2_eval.json\n"}
,{"stream_name":"stdout","time":41206.586927231,"data":"\n"}
,{"stream_name":"stdout","time":41206.586930452,"data":"ok\n"}
,{"stream_name":"stdout","time":41206.586933737,"data":"\n"}
,{"stream_name":"stdout","time":41206.591597836,"data":"Saved run2_eval.json and every prediction to the Output panel.\n"}
,{"stream_name":"stderr","time":41209.718583348,"data":"/usr/local/lib/python3.12/dist-packages/mistune.py:435: SyntaxWarning: invalid escape sequence '\\|'\n"}
,{"stream_name":"stderr","time":41209.718611634,"data":"  cells[i][c] = re.sub('\\\\\\\\\\|', '|', cell)\n"}
,{"stream_name":"stderr","time":41209.909783574,"data":"/usr/local/lib/python3.12/dist-packages/nbconvert/filters/filter_links.py:36: SyntaxWarning: invalid escape sequence '\\_'\n"}
,{"stream_name":"stderr","time":41209.909811663,"data":"  text = re.sub(r'_', '\\_', text) # Escape underscores in display text\n"}
,{"stream_name":"stderr","time":41210.501726053,"data":"[NbConvertApp] Converting notebook __notebook__.ipynb to notebook\n"}
,{"stream_name":"stderr","time":41210.90746733,"data":"[NbConvertApp] Writing 61246 bytes to __notebook__.ipynb\n"}
,{"stream_name":"stderr","time":41213.217338661,"data":"[NbConvertApp] Converting notebook __notebook__.ipynb to html\n"}
,{"stream_name":"stderr","time":41214.233076937,"data":"[NbConvertApp] Writing 389571 bytes to __results__.html\n"}
]