[{"stream_name":"stderr","time":6.72095818,"data":"/usr/local/lib/python3.12/dist-packages/nbformat/__init__.py:96: MissingIDFieldWarning: Cell is missing an id field, this will become a hard error in future nbformat versions. You may want to use `normalize()` on your notebooks before validations (available since nbformat 5.1.4). Previous versions of nbformat are fixing this issue transparently, and will stop doing so in the future.\n"}
,{"stream_name":"stderr","time":6.721019586,"data":"  validate(nb)\n"}
,{"stream_name":"stderr","time":7.616275179,"data":"0.00s - Debugger warning: It seems that frozen modules are being used, which may\n"}
,{"stream_name":"stderr","time":7.616305154,"data":"0.00s - make the debugger miss breakpoints. Please pass -Xfrozen_modules=off\n"}
,{"stream_name":"stderr","time":7.616310793,"data":"0.00s - to python to disable frozen modules.\n"}
,{"stream_name":"stderr","time":7.616314954,"data":"0.00s - Note: Debugging will proceed. Set PYDEVD_DISABLE_FILE_VALIDATION=1 to disable this validation.\n"}
,{"stream_name":"stderr","time":8.217669394,"data":"0.00s - Debugger warning: It seems that frozen modules are being used, which may\n"}
,{"stream_name":"stderr","time":8.217709759,"data":"0.00s - make the debugger miss breakpoints. Please pass -Xfrozen_modules=off\n"}
,{"stream_name":"stderr","time":8.217713593,"data":"0.00s - to python to disable frozen modules.\n"}
,{"stream_name":"stderr","time":8.217716649,"data":"0.00s - Note: Debugging will proceed. Set PYDEVD_DISABLE_FILE_VALIDATION=1 to disable this validation.\n"}
,{"stream_name":"stdout","time":14.654369284,"data":"GPU 0      : Tesla T4, 15360 MiB\n"}
,{"stream_name":"stdout","time":14.654409229,"data":"GPU 1      : Tesla T4, 15360 MiB\n"}
,{"stream_name":"stdout","time":14.654416073,"data":"capability : 7.5\n"}
,{"stream_name":"stdout","time":14.654421341,"data":"torch      : 2.10.0+cu128\n"}
,{"stream_name":"stdout","time":14.654426191,"data":"\n"}
,{"stream_name":"stdout","time":14.654430609,"data":"2 GPU(s). Training uses GPU 0; evaluation runs the fine-tune on GPU 0 and the base model on GPU 1, in parallel.\n"}
,{"stream_name":"stdout","time":45.349228564,"data":"ok | unsloth 2026.9.7 | transformers 5.5.0 | trl 0.24.0 | peft 0.19.1 | torch 2.10.0+cu128\n"}
,{"stream_name":"stdout","time":79.17379668,"data":"ok | peft can wrap a layer on this image\n"}
,{"stream_name":"stdout","time":103.841004134,"data":"ok | SFTConfig accepts train_sampling_strategy\n"}
,{"stream_name":"stdout","time":105.176181193,"data":"code: /kaggle/input/datasets/gb1105/medical-ft-code\n"}
,{"stream_name":"stdout","time":105.176213676,"data":"data: /kaggle/input/datasets/gb1105/medical-ft-data\n"}
,{"stream_name":"stdout","time":105.17622005,"data":"train 13,617 examples | max_seq 2496 | reasoning 75% | multiple choice 60%\n"}
,{"stream_name":"stdout","time":105.176224843,"data":"  medreason:mcq            kept  2,750 of target  2,750\n"}
,{"stream_name":"stdout","time":105.176229613,"data":"  medreason:dialogue       kept  1,375 of target  1,375\n"}
,{"stream_name":"stdout","time":105.176234203,"data":"  r1_distill               kept  2,062 of target  2,062\n"}
,{"stream_name":"stdout","time":105.176240917,"data":"  ultramedical             kept  2,062 of target  2,062\n"}
,{"stream_name":"stdout","time":105.176249432,"data":"  medical_o1               kept  1,375 of target  1,375\n"}
,{"stream_name":"stdout","time":105.176252729,"data":"  reasonmed                kept    688 of target    688\n"}
,{"stream_name":"stdout","time":105.176255956,"data":"  medmcqa                  kept  1,000 of target  1,000\n"}
,{"stream_name":"stdout","time":105.1762591,"data":"  medqa                    kept    688 of target    688\n"}
,{"stream_name":"stdout","time":105.176293217,"data":"  pubmedqa_artificial      kept    938 of target    938\n"}
,{"stream_name":"stdout","time":105.176298259,"data":"  medical_o1_direct        kept    812 of target    812\n"}
,{"stream_name":"stdout","time":105.193304844,"data":"training stops by itself after 5.75h at the latest\n"}
,{"stream_name":"stdout","time":105.193325032,"data":"$ python -m training.train --format v2 --data data/v2 --out outputs/run3 --max-seq 2496 --batch-size 2 --grad-accum 8 --rank 64 --lr 1e-4 --epochs 1 --save-steps 200 --group-by-length --probe-steps 20 --no-probe-abort --stop-after-seconds 20700\n"}
,{"stream_name":"stdout","time":105.193331954,"data":"\n"}
,{"stream_name":"stdout","time":123.630521243,"data":"🦥 Unsloth: Will patch your computer to enable 2x faster free finetuning.\n"}
,{"stream_name":"stdout","time":123.630570791,"data":"🦥 Unsloth Zoo will now patch everything to make training faster!\n"}
,{"stream_name":"stdout","time":123.630578173,"data":"==((====))==  Unsloth 2026.9.7: Fast Qwen3 patching. Transformers: 5.5.0.\n"}
,{"stream_name":"stdout","time":123.630582843,"data":"   \\\\   /|    Tesla T4. Num GPUs = 1. Max memory: 14.562 GB. Platform: Linux.\n"}
,{"stream_name":"stdout","time":123.630587793,"data":"O^O/ \\_/ \\    Torch: 2.10.0+cu128. CUDA: 7.5. CUDA Toolkit: 12.8. Triton: 3.6.0\n"}
,{"stream_name":"stdout","time":123.630592235,"data":"\\        /    Bfloat16 = FALSE. FA [Xformers = 0.0.35. FA2 = False]\n"}
,{"stream_name":"stdout","time":123.630596609,"data":" \"-____-\"     Free license: http://github.com/unslothai/unsloth\n"}
,{"stream_name":"stdout","time":123.630601184,"data":"Unsloth: Fast downloading is enabled - ignore downloading bars which are red colored!\n"}
,{"stream_name":"stdout","time":123.83243281,"data":"🦥 Unsloth: Will patch your computer to enable 2x faster free finetuning.\n"}
,{"stream_name":"stdout","time":123.83246353,"data":"🦥 Unsloth Zoo will now patch everything to make training faster!\n"}
,{"stream_name":"stdout","time":123.832474928,"data":"==((====))==  Unsloth 2026.9.7: Fast Qwen3 patching. Transformers: 5.5.0.\n"}
,{"stream_name":"stdout","time":123.83247987,"data":"   \\\\   /|    Tesla T4. Num GPUs = 1. Max memory: 14.562 GB. Platform: Linux.\n"}
,{"stream_name":"stdout","time":123.832483261,"data":"O^O/ \\_/ \\    Torch: 2.10.0+cu128. CUDA: 7.5. CUDA Toolkit: 12.8. Triton: 3.6.0\n"}
,{"stream_name":"stdout","time":123.832500828,"data":"\\        /    Bfloat16 = FALSE. FA [Xformers = 0.0.35. FA2 = False]\n"}
,{"stream_name":"stdout","time":123.832506406,"data":" \"-____-\"     Free license: http://github.com/unslothai/unsloth\n"}
,{"stream_name":"stdout","time":123.832511875,"data":"Unsloth: Fast downloading is enabled - ignore downloading bars which are red colored!\n"}
,{"stream_name":"stderr","time":128.271316744,"data":"Warning: You are sending unauthenticated requests to the HF Hub. Please set a HF_TOKEN to enable higher rate limits and faster downloads.\n"}
,{"stream_name":"stderr","time":128.47360785,"data":"Warning: You are sending unauthenticated requests to the HF Hub. Please set a HF_TOKEN to enable higher rate limits and faster downloads.\n"}
,{"stream_name":"stderr","time":128.473636091,"data":"\n"}
,{"stream_name":"stderr","time":128.473639763,"data":"Warning: You are sending unauthenticated requests to the HF Hub. Please set a HF_TOKEN to enable higher rate limits and faster downloads.\n"}
,{"stream_name":"stderr","time":139.450687284,"data":"Warning: You are sending unauthenticated requests to the HF Hub. Please set a HF_TOKEN to enable higher rate limits and faster downloads.\n"}
,{"stream_name":"stderr","time":139.658636683,"data":"Warning: You are sending unauthenticated requests to the HF Hub. Please set a HF_TOKEN to enable higher rate limits and faster downloads.\n"}
,{"stream_name":"stderr","time":139.658676511,"data":"\n"}
,{"stream_name":"stderr","time":139.658681657,"data":"Warning: You are sending unauthenticated requests to the HF Hub. Please set a HF_TOKEN to enable higher rate limits and faster downloads.\n"}
,{"stream_name":"stderr","time":152.124445555,"data":"\rLoading weights:   0%|          | 0/398 [00:00\u003c?, ?it/s]\rLoading weights:   0%|          | 0/398 [00:00\u003c?, ?it/s]\n"}
,{"stream_name":"stderr","time":152.969733046,"data":"\rLoading weights:   0%|          | 0/398 [00:00\u003c?, ?it/s]\rLoading weights:   0%|          | 1/398 [00:00\u003c05:37,  1.18it/s]\rLoading weights:  26%|██▌       | 103/398 [00:00\u003c00:01, 147.53it/s]\rLoading weights:   0%|          | 1/398 [00:00\u003c05:37,  1.18it/s]\rLoading weights:  26%|██▌       | 103/398 [00:00\u003c00:01, 147.53it/s]\n"}
,{"stream_name":"stderr","time":153.183875733,"data":"\rLoading weights:   0%|          | 1/398 [00:00\u003c05:37,  1.18it/s]\rLoading weights:  26%|██▌       | 103/398 [00:00\u003c00:01, 147.53it/s]\rLoading weights:  41%|████      | 163/398 [00:01\u003c00:01, 219.64it/s]\rLoading weights:  55%|█████▌    | 220/398 [00:01\u003c00:00, 281.30it/s]\rLoading weights:  41%|████      | 163/398 [00:01\u003c00:01, 219.64it/s]\rLoading weights:  55%|█████▌    | 220/398 [00:01\u003c00:00, 281.30it/s]\n"}
,{"stream_name":"stderr","time":153.410374784,"data":"\rLoading weights:  41%|████      | 163/398 [00:01\u003c00:01, 219.64it/s]\rLoading weights:  55%|█████▌    | 220/398 [00:01\u003c00:00, 281.30it/s]\rLoading weights:  69%|██████▉   | 275/398 [00:01\u003c00:00, 333.84it/s]\rLoading weights:  84%|████████▎ | 333/398 [00:01\u003c00:00, 389.50it/s]\rLoading weights:  69%|██████▉   | 275/398 [00:01\u003c00:00, 333.84it/s]\rLoading weights:  84%|████████▎ | 333/398 [00:01\u003c00:00, 389.50it/s]\n"}
,{"stream_name":"stderr","time":153.569663735,"data":"\rLoading weights:  69%|██████▉   | 275/398 [00:01\u003c00:00, 333.84it/s]\rLoading weights:  84%|████████▎ | 333/398 [00:01\u003c00:00, 389.50it/s]\rLoading weights:  97%|█████████▋| 388/398 [00:01\u003c00:00, 312.34it/s]\rLoading weights: 100%|██████████| 398/398 [00:01\u003c00:00, 240.78it/s]\n"}
,{"stream_name":"stderr","time":153.753261473,"data":"\rLoading weights:  97%|█████████▋| 388/398 [00:01\u003c00:00, 312.34it/s]\rLoading weights: 100%|██████████| 398/398 [00:01\u003c00:00, 240.78it/s]\n"}
,{"stream_name":"stderr","time":153.753295638,"data":"\n"}
,{"stream_name":"stderr","time":153.753305007,"data":"\rLoading weights:  97%|█████████▋| 388/398 [00:01\u003c00:00, 312.34it/s]\rLoading weights: 100%|██████████| 398/398 [00:01\u003c00:00, 240.78it/s]\n"}
,{"stream_name":"stderr","time":160.459090852,"data":"Unsloth 2026.9.7 patched 36 layers with 36 QKV layers, 36 O layers and 36 MLP layers.\n"}
,{"stream_name":"stderr","time":160.661521361,"data":"Unsloth 2026.9.7 patched 36 layers with 36 QKV layers, 36 O layers and 36 MLP layers.\n"}
,{"stream_name":"stderr","time":160.661572223,"data":"\n"}
,{"stream_name":"stderr","time":160.661578062,"data":"Unsloth 2026.9.7 patched 36 layers with 36 QKV layers, 36 O layers and 36 MLP layers.\n"}
,{"stream_name":"stderr","time":164.886113257,"data":"warmup_ratio is deprecated and will be removed in v5.2. Use `warmup_steps` instead.\n"}
,{"stream_name":"stderr","time":165.088874091,"data":"warmup_ratio is deprecated and will be removed in v5.2. Use `warmup_steps` instead.\n"}
,{"stream_name":"stderr","time":165.088909315,"data":"\n"}
,{"stream_name":"stderr","time":165.088927119,"data":"warmup_ratio is deprecated and will be removed in v5.2. Use `warmup_steps` instead.\n"}
,{"stream_name":"stdout","time":166.692396807,"data":"train 13,617   max_seq 2496\n"}
,{"stream_name":"stdout","time":166.692438448,"data":"SFTConfig.eos_token = '\u003c|im_end|\u003e' (tokenizer EOS '\u003c|im_end|\u003e', id 151645)\n"}
,{"stream_name":"stdout","time":166.692445775,"data":"trl 0.24.0\n"}
,{"stream_name":"stdout","time":166.692450345,"data":"SFTConfig class: trl.trainer.sft_config.SFTConfig\n"}
,{"stream_name":"stdout","time":166.692454921,"data":"config is an instance of it: True\n"}
,{"stream_name":"stdout","time":166.692460801,"data":"config.eos_token = '\u003c|im_end|\u003e'\n"}
,{"stream_name":"stdout","time":166.894821644,"data":"train 13,617   max_seq 2496\n"}
,{"stream_name":"stdout","time":166.894859098,"data":"SFTConfig.eos_token = '\u003c|im_end|\u003e' (tokenizer EOS '\u003c|im_end|\u003e', id 151645)\n"}
,{"stream_name":"stdout","time":166.894867409,"data":"trl 0.24.0\n"}
,{"stream_name":"stdout","time":166.894873679,"data":"SFTConfig class: trl.trainer.sft_config.SFTConfig\n"}
,{"stream_name":"stdout","time":166.894879088,"data":"config is an instance of it: True\n"}
,{"stream_name":"stdout","time":166.894884586,"data":"config.eos_token = '\u003c|im_end|\u003e'\n"}
,{"stream_name":"stderr","time":166.895929208,"data":"\rUnsloth: Tokenizing [\"text\"] (num_proc=2):   0%|          | 0/13617 [00:00\u003c?, ? examples/s]\rUnsloth: Tokenizing [\"text\"] (num_proc=2):   0%|          | 0/13617 [00:00\u003c?, ? examples/s]\n"}
,{"stream_name":"stderr","time":172.326933545,"data":"\rUnsloth: Tokenizing [\"text\"] (num_proc=2):   0%|          | 0/13617 [00:00\u003c?, ? examples/s]\rUnsloth: Tokenizing [\"text\"] (num_proc=2):   7%|▋         | 1000/13617 [00:05\u003c01:08, 184.31 examples/s]\rUnsloth: Tokenizing [\"text\"] (num_proc=2):   7%|▋         | 1000/13617 [00:05\u003c01:08, 184.31 examples/s]\n"}
,{"stream_name":"stderr","time":174.104929404,"data":"\rUnsloth: Tokenizing [\"text\"] (num_proc=2):   7%|▋         | 1000/13617 [00:05\u003c01:08, 184.31 examples/s]\rUnsloth: Tokenizing [\"text\"] (num_proc=2):  15%|█▍        | 2000/13617 [00:07\u003c00:38, 304.57 examples/s]\rUnsloth: Tokenizing [\"text\"] (num_proc=2):  15%|█▍        | 2000/13617 [00:07\u003c00:38, 304.57 examples/s]\n"}
,{"stream_name":"stderr","time":174.621722246,"data":"\rUnsloth: Tokenizing [\"text\"] (num_proc=2):  15%|█▍        | 2000/13617 [00:07\u003c00:38, 304.57 examples/s]\rUnsloth: Tokenizing [\"text\"] (num_proc=2):  22%|██▏       | 3000/13617 [00:07\u003c00:21, 495.03 examples/s]\rUnsloth: Tokenizing [\"text\"] (num_proc=2):  22%|██▏       | 3000/13617 [00:07\u003c00:21, 495.03 examples/s]\n"}
,{"stream_name":"stderr","time":176.321320527,"data":"\rUnsloth: Tokenizing [\"text\"] (num_proc=2):  22%|██▏       | 3000/13617 [00:07\u003c00:21, 495.03 examples/s]\rUnsloth: Tokenizing [\"text\"] (num_proc=2):  29%|██▉       | 4000/13617 [00:09\u003c00:18, 528.12 examples/s]\rUnsloth: Tokenizing [\"text\"] (num_proc=2):  29%|██▉       | 4000/13617 [00:09\u003c00:18, 528.12 examples/s]\n"}
,{"stream_name":"stderr","time":176.854379951,"data":"\rUnsloth: Tokenizing [\"text\"] (num_proc=2):  29%|██▉       | 4000/13617 [00:09\u003c00:18, 528.12 examples/s]\rUnsloth: Tokenizing [\"text\"] (num_proc=2):  37%|███▋      | 5000/13617 [00:09\u003c00:12, 712.76 examples/s]\rUnsloth: Tokenizing [\"text\"] (num_proc=2):  37%|███▋      | 5000/13617 [00:09\u003c00:12, 712.76 examples/s]\n"}
,{"stream_name":"stderr","time":178.414598487,"data":"\rUnsloth: Tokenizing [\"text\"] (num_proc=2):  37%|███▋      | 5000/13617 [00:09\u003c00:12, 712.76 examples/s]\rUnsloth: Tokenizing [\"text\"] (num_proc=2):  44%|████▍     | 6000/13617 [00:11\u003c00:11, 686.57 examples/s]\rUnsloth: Tokenizing [\"text\"] (num_proc=2):  44%|████▍     | 6000/13617 [00:11\u003c00:11, 686.57 examples/s]\n"}
,{"stream_name":"stderr","time":179.089144315,"data":"\rUnsloth: Tokenizing [\"text\"] (num_proc=2):  44%|████▍     | 6000/13617 [00:11\u003c00:11, 686.57 examples/s]\rUnsloth: Tokenizing [\"text\"] (num_proc=2):  51%|█████▏    | 7000/13617 [00:12\u003c00:07, 832.81 examples/s]\rUnsloth: Tokenizing [\"text\"] (num_proc=2):  51%|█████▏    | 7000/13617 [00:12\u003c00:07, 832.81 examples/s]\n"}
,{"stream_name":"stderr","time":180.514889173,"data":"\rUnsloth: Tokenizing [\"text\"] (num_proc=2):  51%|█████▏    | 7000/13617 [00:12\u003c00:07, 832.81 examples/s]\rUnsloth: Tokenizing [\"text\"] (num_proc=2):  59%|█████▉    | 8000/13617 [00:13\u003c00:07, 785.91 examples/s]\rUnsloth: Tokenizing [\"text\"] (num_proc=2):  59%|█████▉    | 8000/13617 [00:13\u003c00:07, 785.91 examples/s]\n"}
,{"stream_name":"stderr","time":181.341430999,"data":"\rUnsloth: Tokenizing [\"text\"] (num_proc=2):  59%|█████▉    | 8000/13617 [00:13\u003c00:07, 785.91 examples/s]\rUnsloth: Tokenizing [\"text\"] (num_proc=2):  66%|██████▌   | 9000/13617 [00:14\u003c00:05, 882.60 examples/s]\rUnsloth: Tokenizing [\"text\"] (num_proc=2):  66%|██████▌   | 9000/13617 [00:14\u003c00:05, 882.60 examples/s]\n"}
,{"stream_name":"stderr","time":182.873185707,"data":"\rUnsloth: Tokenizing [\"text\"] (num_proc=2):  66%|██████▌   | 9000/13617 [00:14\u003c00:05, 882.60 examples/s]\rUnsloth: Tokenizing [\"text\"] (num_proc=2):  73%|███████▎  | 10000/13617 [00:15\u003c00:04, 796.06 examples/s]\rUnsloth: Tokenizing [\"text\"] (num_proc=2):  73%|███████▎  | 10000/13617 [00:15\u003c00:04, 796.06 examples/s]\n"}
,{"stream_name":"stderr","time":183.432512828,"data":"\rUnsloth: Tokenizing [\"text\"] (num_proc=2):  73%|███████▎  | 10000/13617 [00:15\u003c00:04, 796.06 examples/s]\rUnsloth: Tokenizing [\"text\"] (num_proc=2):  81%|████████  | 11000/13617 [00:16\u003c00:02, 958.93 examples/s]\rUnsloth: Tokenizing [\"text\"] (num_proc=2):  81%|████████  | 11000/13617 [00:16\u003c00:02, 958.93 examples/s]\n"}
,{"stream_name":"stderr","time":185.106342734,"data":"\rUnsloth: Tokenizing [\"text\"] (num_proc=2):  81%|████████  | 11000/13617 [00:16\u003c00:02, 958.93 examples/s]\rUnsloth: Tokenizing [\"text\"] (num_proc=2):  88%|████████▊ | 12000/13617 [00:18\u003c00:01, 809.88 examples/s]\rUnsloth: Tokenizing [\"text\"] (num_proc=2):  88%|████████▊ | 12000/13617 [00:18\u003c00:01, 809.88 examples/s]\n"}
,{"stream_name":"stderr","time":186.834702587,"data":"\rUnsloth: Tokenizing [\"text\"] (num_proc=2):  88%|████████▊ | 12000/13617 [00:18\u003c00:01, 809.88 examples/s]\rUnsloth: Tokenizing [\"text\"] (num_proc=2): 100%|██████████| 13617/13617 [00:19\u003c00:00, 857.33 examples/s]\rUnsloth: Tokenizing [\"text\"] (num_proc=2): 100%|██████████| 13617/13617 [00:19\u003c00:00, 857.33 examples/s]\n"}
,{"stream_name":"stderr","time":187.301213243,"data":"\rUnsloth: Tokenizing [\"text\"] (num_proc=2): 100%|██████████| 13617/13617 [00:19\u003c00:00, 857.33 examples/s]\rUnsloth: Tokenizing [\"text\"] (num_proc=2): 100%|██████████| 13617/13617 [00:20\u003c00:00, 660.74 examples/s]\n"}
,{"stream_name":"stdout","time":187.359066164,"data":"🦥 Unsloth: Padding-free auto-enabled, enabling faster training.\n"}
,{"stream_name":"stderr","time":187.505338427,"data":"\rMap (num_proc=2):   0%|          | 0/13617 [00:00\u003c?, ? examples/s]\rUnsloth: Tokenizing [\"text\"] (num_proc=2): 100%|██████████| 13617/13617 [00:20\u003c00:00, 660.74 examples/s]\n"}
,{"stream_name":"stderr","time":187.505395796,"data":"\rMap (num_proc=2):   0%|          | 0/13617 [00:00\u003c?, ? examples/s]\n"}
,{"stream_name":"stderr","time":187.505403608,"data":"\rUnsloth: Tokenizing [\"text\"] (num_proc=2): 100%|██████████| 13617/13617 [00:20\u003c00:00, 660.74 examples/s]\n"}
,{"stream_name":"stdout","time":187.561951828,"data":"🦥 Unsloth: Padding-free auto-enabled, enabling faster training.\n"}
,{"stream_name":"stderr","time":188.558811914,"data":"\rMap (num_proc=2):   0%|          | 0/13617 [00:00\u003c?, ? examples/s]\rMap (num_proc=2):   7%|▋         | 1000/13617 [00:00\u003c00:12, 1003.75 examples/s]\rMap (num_proc=2):   7%|▋         | 1000/13617 [00:00\u003c00:12, 1003.75 examples/s]\n"}
,{"stream_name":"stderr","time":188.796967657,"data":"\rMap (num_proc=2):   7%|▋         | 1000/13617 [00:00\u003c00:12, 1003.75 examples/s]\rMap (num_proc=2):  15%|█▍        | 2000/13617 [00:01\u003c00:06, 1817.08 examples/s]\rMap (num_proc=2):  15%|█▍        | 2000/13617 [00:01\u003c00:06, 1817.08 examples/s]\n"}
,{"stream_name":"stderr","time":189.179476374,"data":"\rMap (num_proc=2):  15%|█▍        | 2000/13617 [00:01\u003c00:06, 1817.08 examples/s]\rMap (num_proc=2):  22%|██▏       | 3000/13617 [00:01\u003c00:05, 2111.47 examples/s]\rMap (num_proc=2):  22%|██▏       | 3000/13617 [00:01\u003c00:05, 2111.47 examples/s]\n"}
,{"stream_name":"stderr","time":189.387648429,"data":"\rMap (num_proc=2):  22%|██▏       | 3000/13617 [00:01\u003c00:05, 2111.47 examples/s]\rMap (num_proc=2):  29%|██▉       | 4000/13617 [00:01\u003c00:03, 2709.90 examples/s]\rMap (num_proc=2):  29%|██▉       | 4000/13617 [00:01\u003c00:03, 2709.90 examples/s]\n"}
,{"stream_name":"stderr","time":189.758356077,"data":"\rMap (num_proc=2):  29%|██▉       | 4000/13617 [00:01\u003c00:03, 2709.90 examples/s]\rMap (num_proc=2):  37%|███▋      | 5000/13617 [00:02\u003c00:03, 2705.70 examples/s]\rMap (num_proc=2):  44%|████▍     | 6000/13617 [00:02\u003c00:02, 3345.17 examples/s]\rMap (num_proc=2):  37%|███▋      | 5000/13617 [00:02\u003c00:03, 2705.70 examples/s]\rMap (num_proc=2):  44%|████▍     | 6000/13617 [00:02\u003c00:02, 3345.17 examples/s]\n"}
,{"stream_name":"stderr","time":190.387862746,"data":"\rMap (num_proc=2):  37%|███▋      | 5000/13617 [00:02\u003c00:03, 2705.70 examples/s]\rMap (num_proc=2):  44%|████▍     | 6000/13617 [00:02\u003c00:02, 3345.17 examples/s]\rMap (num_proc=2):  51%|█████▏    | 7000/13617 [00:02\u003c00:02, 2823.83 examples/s]\rMap (num_proc=2):  59%|█████▉    | 8000/13617 [00:02\u003c00:01, 3472.84 examples/s]\rMap (num_proc=2):  51%|█████▏    | 7000/13617 [00:02\u003c00:02, 2823.83 examples/s]\rMap (num_proc=2):  59%|█████▉    | 8000/13617 [00:02\u003c00:01, 3472.84 examples/s]\n"}
,{"stream_name":"stderr","time":190.943045012,"data":"\rMap (num_proc=2):  51%|█████▏    | 7000/13617 [00:02\u003c00:02, 2823.83 examples/s]\rMap (num_proc=2):  59%|█████▉    | 8000/13617 [00:02\u003c00:01, 3472.84 examples/s]\rMap (num_proc=2):  66%|██████▌   | 9000/13617 [00:03\u003c00:01, 3068.85 examples/s]\rMap (num_proc=2):  66%|██████▌   | 9000/13617 [00:03\u003c00:01, 3068.85 examples/s]\n"}
,{"stream_name":"stderr","time":191.170125091,"data":"\rMap (num_proc=2):  66%|██████▌   | 9000/13617 [00:03\u003c00:01, 3068.85 examples/s]\rMap (num_proc=2):  73%|███████▎  | 10000/13617 [00:03\u003c00:01, 3392.33 examples/s]\rMap (num_proc=2):  73%|███████▎  | 10000/13617 [00:03\u003c00:01, 3392.33 examples/s]\n"}
,{"stream_name":"stderr","time":191.593624171,"data":"\rMap (num_proc=2):  73%|███████▎  | 10000/13617 [00:03\u003c00:01, 3392.33 examples/s]\rMap (num_proc=2):  81%|████████  | 11000/13617 [00:04\u003c00:00, 2988.73 examples/s]\rMap (num_proc=2):  88%|████████▊ | 12000/13617 [00:04\u003c00:00, 3395.92 examples/s]\rMap (num_proc=2):  81%|████████  | 11000/13617 [00:04\u003c00:00, 2988.73 examples/s]\n"}
,{"stream_name":"stderr","time":191.795864852,"data":"\rMap (num_proc=2):  81%|████████  | 11000/13617 [00:04\u003c00:00, 2988.73 examples/s]\rMap (num_proc=2):  88%|████████▊ | 12000/13617 [00:04\u003c00:00, 3395.92 examples/s]\n"}
,{"stream_name":"stderr","time":192.056673304,"data":"\rMap (num_proc=2):  88%|████████▊ | 12000/13617 [00:04\u003c00:00, 3395.92 examples/s]\rMap (num_proc=2):  94%|█████████▍| 12809/13617 [00:04\u003c00:00, 3317.67 examples/s]\rMap (num_proc=2):  94%|█████████▍| 12809/13617 [00:04\u003c00:00, 3317.67 examples/s]\n"}
,{"stream_name":"stderr","time":192.27248619,"data":"\rMap (num_proc=2):  94%|█████████▍| 12809/13617 [00:04\u003c00:00, 3317.67 examples/s]\rMap (num_proc=2): 100%|██████████| 13617/13617 [00:04\u003c00:00, 3421.90 examples/s]\rMap (num_proc=2): 100%|██████████| 13617/13617 [00:04\u003c00:00, 3421.90 examples/s]\n"}
,{"stream_name":"stderr","time":193.947189973,"data":"\rMap (num_proc=2): 100%|██████████| 13617/13617 [00:04\u003c00:00, 3421.90 examples/s]\rMap (num_proc=2): 100%|██████████| 13617/13617 [00:06\u003c00:00, 2067.01 examples/s]\n"}
,{"stream_name":"stderr","time":194.149462542,"data":"\rMap (num_proc=2): 100%|██████████| 13617/13617 [00:06\u003c00:00, 2067.01 examples/s]\n"}
,{"stream_name":"stderr","time":194.149497474,"data":"\n"}
,{"stream_name":"stderr","time":194.149501703,"data":"\rMap (num_proc=2): 100%|██████████| 13617/13617 [00:06\u003c00:00, 2067.01 examples/s]\n"}
,{"stream_name":"stderr","time":198.146422101,"data":"The tokenizer has new PAD/BOS/EOS tokens that differ from the model config and generation config. The model config and generation config were aligned accordingly, being updated with the tokenizer's values. Updated tokens: {'bos_token_id': None}.\n"}
,{"stream_name":"stderr","time":198.348677944,"data":"The tokenizer has new PAD/BOS/EOS tokens that differ from the model config and generation config. The model config and generation config were aligned accordingly, being updated with the tokenizer's values. Updated tokens: {'bos_token_id': None}.\n"}
,{"stream_name":"stderr","time":198.348715131,"data":"\n"}
,{"stream_name":"stderr","time":198.348721515,"data":"The tokenizer has new PAD/BOS/EOS tokens that differ from the model config and generation config. The model config and generation config were aligned accordingly, being updated with the tokenizer's values. Updated tokens: {'bos_token_id': None}.\n"}
,{"stream_name":"stderr","time":209.975605069,"data":"==((====))==  Unsloth - 2x faster free finetuning | Num GPUs used = 1\n"}
,{"stream_name":"stderr","time":209.975639524,"data":"   \\\\   /|    Num examples = 13,617 | Num Epochs = 1 | Total steps = 852\n"}
,{"stream_name":"stderr","time":209.975645378,"data":"O^O/ \\_/ \\    Batch size per device = 2 | Gradient accumulation steps = 8\n"}
,{"stream_name":"stderr","time":209.975650366,"data":"\\        /    Data Parallel GPUs = 1 | Total batch size (2 x 8 x 1) = 16\n"}
,{"stream_name":"stderr","time":209.9756554,"data":" \"-____-\"     Trainable parameters = 132,120,576 of 4,154,588,672 (3.18% trained)\n"}
,{"stream_name":"stderr","time":210.182428672,"data":"==((====))==  Unsloth - 2x faster free finetuning | Num GPUs used = 1\n"}
,{"stream_name":"stderr","time":210.182468259,"data":"   \\\\   /|    Num examples = 13,617 | Num Epochs = 1 | Total steps = 852\n"}
,{"stream_name":"stderr","time":210.182488914,"data":"O^O/ \\_/ \\    Batch size per device = 2 | Gradient accumulation steps = 8\n"}
,{"stream_name":"stderr","time":210.182495384,"data":"\\        /    Data Parallel GPUs = 1 | Total batch size (2 x 8 x 1) = 16\n"}
,{"stream_name":"stderr","time":210.182503754,"data":" \"-____-\"     Trainable parameters = 132,120,576 of 4,154,588,672 (3.18% trained)\n"}
,{"stream_name":"stderr","time":210.182506804,"data":"\n"}
,{"stream_name":"stderr","time":210.182509268,"data":"==((====))==  Unsloth - 2x faster free finetuning | Num GPUs used = 1\n"}
,{"stream_name":"stderr","time":210.182511824,"data":"   \\\\   /|    Num examples = 13,617 | Num Epochs = 1 | Total steps = 852\n"}
,{"stream_name":"stderr","time":210.182514547,"data":"O^O/ \\_/ \\    Batch size per device = 2 | Gradient accumulation steps = 8\n"}
,{"stream_name":"stderr","time":210.182517305,"data":"\\        /    Data Parallel GPUs = 1 | Total batch size (2 x 8 x 1) = 16\n"}
,{"stream_name":"stderr","time":210.182519976,"data":" \"-____-\"     Trainable parameters = 132,120,576 of 4,154,588,672 (3.18% trained)\n"}
,{"stream_name":"stdout","time":210.949120711,"data":"masking verified: 442 tokens masked, 59 trained\n"}
,{"stream_name":"stdout","time":210.949153123,"data":"  first trained tokens: '\u003cthink\u003e\\n\\n\u003c/think\u003e\\n\\nAnswer: D\\n\\nA reduction in sodium intake leads to a decrease in extracellular fluid volume and therefore a decrease in aerial pressure. The decrease in aerial pressure stimulates renin release,'\n"}
,{"stream_name":"stderr","time":211.133675477,"data":"\r  0%|          | 0/852 [00:00\u003c?, ?it/s]`use_return_dict` is deprecated! Use `return_dict` instead!\n"}
,{"stream_name":"stdout","time":211.151693743,"data":"masking verified: 442 tokens masked, 59 trained\n"}
,{"stream_name":"stdout","time":211.151725229,"data":"  first trained tokens: '\u003cthink\u003e\\n\\n\u003c/think\u003e\\n\\nAnswer: D\\n\\nA reduction in sodium intake leads to a decrease in extracellular fluid volume and therefore a decrease in aerial pressure. The decrease in aerial pressure stimulates renin release,'\n"}
,{"stream_name":"stderr","time":211.15262156,"data":"\r  0%|          | 0/852 [00:00\u003c?, ?it/s]`use_return_dict` is deprecated! Use `return_dict` instead!\n"}
,{"stream_name":"stderr","time":211.152638256,"data":"\n"}
,{"stream_name":"stderr","time":211.152642426,"data":"\r  0%|          | 0/852 [00:00\u003c?, ?it/s]`use_return_dict` is deprecated! Use `return_dict` instead!\n"}
,{"stream_name":"stderr","time":215.491887512,"data":"/usr/local/lib/python3.12/dist-packages/unsloth/import_fixes.py:2825: UserWarning: 'has_cuda' is deprecated, please use 'torch.backends.cuda.is_built()'\n"}
,{"stream_name":"stderr","time":215.491923426,"data":"  return original(name)\n"}
,{"stream_name":"stderr","time":215.491930318,"data":"/usr/local/lib/python3.12/dist-packages/unsloth/import_fixes.py:2825: UserWarning: 'has_cudnn' is deprecated, please use 'torch.backends.cudnn.is_available()'\n"}
,{"stream_name":"stderr","time":215.491936108,"data":"  return original(name)\n"}
,{"stream_name":"stderr","time":215.491940628,"data":"/usr/local/lib/python3.12/dist-packages/unsloth/import_fixes.py:2825: UserWarning: 'has_mps' is deprecated, please use 'torch.backends.mps.is_built()'\n"}
,{"stream_name":"stderr","time":215.491946001,"data":"  return original(name)\n"}
,{"stream_name":"stderr","time":215.491951079,"data":"/usr/local/lib/python3.12/dist-packages/unsloth/import_fixes.py:2825: UserWarning: 'has_mkldnn' is deprecated, please use 'torch.backends.mkldnn.is_available()'\n"}
,{"stream_name":"stderr","time":215.491956564,"data":"  return original(name)\n"}
,{"stream_name":"stderr","time":215.69476312,"data":"/usr/local/lib/python3.12/dist-packages/unsloth/import_fixes.py:2825: UserWarning: 'has_cuda' is deprecated, please use 'torch.backends.cuda.is_built()'\n"}
,{"stream_name":"stderr","time":215.694813939,"data":"  return original(name)\n"}
,{"stream_name":"stderr","time":215.694820166,"data":"/usr/local/lib/python3.12/dist-packages/unsloth/import_fixes.py:2825: UserWarning: 'has_cudnn' is deprecated, please use 'torch.backends.cudnn.is_available()'\n"}
,{"stream_name":"stderr","time":215.694824657,"data":"  return original(name)\n"}
,{"stream_name":"stderr","time":215.694828599,"data":"/usr/local/lib/python3.12/dist-packages/unsloth/import_fixes.py:2825: UserWarning: 'has_mps' is deprecated, please use 'torch.backends.mps.is_built()'\n"}
,{"stream_name":"stderr","time":215.694833366,"data":"  return original(name)\n"}
,{"stream_name":"stderr","time":215.69483698,"data":"/usr/local/lib/python3.12/dist-packages/unsloth/import_fixes.py:2825: UserWarning: 'has_mkldnn' is deprecated, please use 'torch.backends.mkldnn.is_available()'\n"}
,{"stream_name":"stderr","time":215.694840679,"data":"  return original(name)\n"}
,{"stream_name":"stderr","time":215.694844026,"data":"\n"}
,{"stream_name":"stderr","time":215.694847597,"data":"/usr/local/lib/python3.12/dist-packages/unsloth/import_fixes.py:2825: UserWarning: 'has_cuda' is deprecated, please use 'torch.backends.cuda.is_built()'\n"}
,{"stream_name":"stderr","time":215.694851449,"data":"  return original(name)\n"}
,{"stream_name":"stderr","time":215.694854744,"data":"/usr/local/lib/python3.12/dist-packages/unsloth/import_fixes.py:2825: UserWarning: 'has_cudnn' is deprecated, please use 'torch.backends.cudnn.is_available()'\n"}
,{"stream_name":"stderr","time":215.694858406,"data":"  return original(name)\n"}
,{"stream_name":"stderr","time":215.694861705,"data":"/usr/local/lib/python3.12/dist-packages/unsloth/import_fixes.py:2825: UserWarning: 'has_mps' is deprecated, please use 'torch.backends.mps.is_built()'\n"}
,{"stream_name":"stderr","time":215.694865342,"data":"  return original(name)\n"}
,{"stream_name":"stderr","time":215.694868541,"data":"/usr/local/lib/python3.12/dist-packages/unsloth/import_fixes.py:2825: UserWarning: 'has_mkldnn' is deprecated, please use 'torch.backends.mkldnn.is_available()'\n"}
,{"stream_name":"stderr","time":215.694872272,"data":"  return original(name)\n"}
,{"stream_name":"stderr","time":278.215575533,"data":"\r  0%|          | 1/852 [01:07\u003c15:51:05, 67.06s/it]\r  0%|          | 1/852 [01:07\u003c15:51:05, 67.06s/it]\n"}
,{"stream_name":"stderr","time":332.331788117,"data":"\r  0%|          | 1/852 [01:07\u003c15:51:05, 67.06s/it]\r  0%|          | 2/852 [02:01\u003c14:02:09, 59.45s/it]\r  0%|          | 2/852 [02:01\u003c14:02:09, 59.45s/it]\n"}
,{"stream_name":"stderr","time":380.262017457,"data":"\r  0%|          | 2/852 [02:01\u003c14:02:09, 59.45s/it]\r  0%|          | 3/852 [02:49\u003c12:46:45, 54.19s/it]\r  0%|          | 3/852 [02:49\u003c12:46:45, 54.19s/it]\n"}
,{"stream_name":"stderr","time":423.933998592,"data":"\r  0%|          | 3/852 [02:49\u003c12:46:45, 54.19s/it]\r  0%|          | 4/852 [03:32\u003c11:47:10, 50.04s/it]\r  0%|          | 4/852 [03:32\u003c11:47:10, 50.04s/it]\n"}
,{"stream_name":"stderr","time":461.763161323,"data":"\r  0%|          | 4/852 [03:32\u003c11:47:10, 50.04s/it]\r  1%|          | 5/852 [04:10\u003c10:44:12, 45.63s/it]\r  1%|          | 5/852 [04:10\u003c10:44:12, 45.63s/it]\n"}
,{"stream_name":"stderr","time":496.081554386,"data":"\r  1%|          | 5/852 [04:10\u003c10:44:12, 45.63s/it]\r  1%|          | 6/852 [04:44\u003c9:49:11, 41.79s/it] \r  1%|          | 6/852 [04:44\u003c9:49:11, 41.79s/it] \n"}
,{"stream_name":"stderr","time":527.717932272,"data":"\r  1%|          | 6/852 [04:44\u003c9:49:11, 41.79s/it] \r  1%|          | 7/852 [05:16\u003c9:01:45, 38.47s/it]\r  1%|          | 7/852 [05:16\u003c9:01:45, 38.47s/it]\n"}
,{"stream_name":"stderr","time":558.161624191,"data":"\r  1%|          | 7/852 [05:16\u003c9:01:45, 38.47s/it]\r  1%|          | 8/852 [05:47\u003c8:25:11, 35.91s/it]\r  1%|          | 8/852 [05:47\u003c8:25:11, 35.91s/it]\n"}
,{"stream_name":"stderr","time":587.667467528,"data":"\r  1%|          | 8/852 [05:47\u003c8:25:11, 35.91s/it]\r  1%|          | 9/852 [06:16\u003c7:56:27, 33.91s/it]\r  1%|          | 9/852 [06:16\u003c7:56:27, 33.91s/it]\n"}
,{"stream_name":"stderr","time":614.20784934,"data":"\r  1%|          | 9/852 [06:16\u003c7:56:27, 33.91s/it]\r  1%|          | 10/852 [06:43\u003c7:23:56, 31.63s/it]\r                                                  \r\r  1%|          | 10/852 [06:43\u003c7:23:56, 31.63s/it]\r  1%|          | 10/852 [06:43\u003c7:23:56, 31.63s/it]\r                                                  \r\r  1%|          | 10/852 [06:43\u003c7:23:56, 31.63s/it]\n"}
,{"stream_name":"stderr","time":640.382410509,"data":"\r  1%|          | 10/852 [06:43\u003c7:23:56, 31.63s/it]\r                                                  \r\r  1%|          | 10/852 [06:43\u003c7:23:56, 31.63s/it]\r  1%|▏         | 11/852 [07:09\u003c7:00:00, 29.96s/it]\r  1%|▏         | 11/852 [07:09\u003c7:00:00, 29.96s/it]\n"}
,{"stream_name":"stderr","time":665.941418469,"data":"\r  1%|▏         | 11/852 [07:09\u003c7:00:00, 29.96s/it]\r  1%|▏         | 12/852 [07:34\u003c6:40:43, 28.62s/it]\r  1%|▏         | 12/852 [07:34\u003c6:40:43, 28.62s/it]\n"}
,{"stream_name":"stderr","time":691.362392037,"data":"\r  1%|▏         | 12/852 [07:34\u003c6:40:43, 28.62s/it]\r  2%|▏         | 13/852 [08:00\u003c6:26:42, 27.65s/it]\r  2%|▏         | 13/852 [08:00\u003c6:26:42, 27.65s/it]\n"}
,{"stream_name":"stderr","time":715.953885909,"data":"\r  2%|▏         | 13/852 [08:00\u003c6:26:42, 27.65s/it]\r  2%|▏         | 14/852 [08:24\u003c6:13:16, 26.73s/it]\r  2%|▏         | 14/852 [08:24\u003c6:13:16, 26.73s/it]\n"}
,{"stream_name":"stderr","time":740.198662749,"data":"\r  2%|▏         | 14/852 [08:24\u003c6:13:16, 26.73s/it]\r  2%|▏         | 15/852 [08:49\u003c6:02:26, 25.98s/it]\r  2%|▏         | 15/852 [08:49\u003c6:02:26, 25.98s/it]\n"}
,{"stream_name":"stderr","time":763.967227994,"data":"\r  2%|▏         | 15/852 [08:49\u003c6:02:26, 25.98s/it]\r  2%|▏         | 16/852 [09:12\u003c5:52:42, 25.31s/it]\r  2%|▏         | 16/852 [09:12\u003c5:52:42, 25.31s/it]\n"}
,{"stream_name":"stderr","time":787.015020592,"data":"\r  2%|▏         | 16/852 [09:12\u003c5:52:42, 25.31s/it]\r  2%|▏         | 17/852 [09:35\u003c5:42:49, 24.63s/it]\r  2%|▏         | 17/852 [09:35\u003c5:42:49, 24.63s/it]\n"}
,{"stream_name":"stderr","time":809.738456179,"data":"\r  2%|▏         | 17/852 [09:35\u003c5:42:49, 24.63s/it]\r  2%|▏         | 18/852 [09:58\u003c5:34:24, 24.06s/it]\r  2%|▏         | 18/852 [09:58\u003c5:34:24, 24.06s/it]\n"}
,{"stream_name":"stderr","time":831.981848052,"data":"\r  2%|▏         | 18/852 [09:58\u003c5:34:24, 24.06s/it]\r  2%|▏         | 19/852 [10:20\u003c5:26:27, 23.51s/it]\r  2%|▏         | 19/852 [10:20\u003c5:26:27, 23.51s/it]\n"}
,{"stream_name":"stdout","time":851.984894195,"data":"Unsloth: Will smartly offload gradients to save VRAM!\n"}
,{"stream_name":"stdout","time":851.984940704,"data":"Unsloth: Double buffering enabled (parallel H2D + compute) for backward pass.\n"}
,{"stream_name":"stdout","time":851.984945909,"data":"{'loss': '1.114', 'grad_norm': '0.4624', 'learning_rate': '3.462e-05', 'epoch': '0.01175'}\n"}
,{"stream_name":"stdout","time":851.984949973,"data":"\n"}
,{"stream_name":"stdout","time":851.984969453,"data":"probe: 34.35s/step, projected 8.13h for 852 steps\n"}
,{"stream_name":"stdout","time":851.984975429,"data":"probe warning:\n"}
,{"stream_name":"stdout","time":851.984996509,"data":"STOP. Projected training time is 8.1h against a budget of 6.0h (34.35s/step).\n"}
,{"stream_name":"stdout","time":851.98500078,"data":"FIX: halve --batch-size and double --grad-accum, which keeps the effective batch identical, or cut the training set with the --medmcqa / --chatdoctor flags on prepare_data.py.\n"}
,{"stream_name":"stdout","time":851.985004818,"data":"the --stop-after-seconds guard ends training in time instead\n"}
,{"stream_name":"stdout","time":852.192666948,"data":"Unsloth: Will smartly offload gradients to save VRAM!\n"}
,{"stream_name":"stdout","time":852.192695444,"data":"Unsloth: Double buffering enabled (parallel H2D + compute) for backward pass.\n"}
,{"stream_name":"stdout","time":852.192700176,"data":"{'loss': '1.114', 'grad_norm': '0.4624', 'learning_rate': '3.462e-05', 'epoch': '0.01175'}\n"}
,{"stream_name":"stdout","time":852.192703755,"data":"\n"}
,{"stream_name":"stdout","time":852.192707144,"data":"probe: 34.35s/step, projected 8.13h for 852 steps\n"}
,{"stream_name":"stdout","time":852.192710777,"data":"probe warning:\n"}
,{"stream_name":"stdout","time":852.192714262,"data":"STOP. Projected training time is 8.1h against a budget of 6.0h (34.35s/step).\n"}
,{"stream_name":"stdout","time":852.192718103,"data":"FIX: halve --batch-size and double --grad-accum, which keeps the effective batch identical, or cut the training set with the --medmcqa / --chatdoctor flags on prepare_data.py.\n"}
,{"stream_name":"stdout","time":852.1927225,"data":"the --stop-after-seconds guard ends training in time instead\n"}
,{"stream_name":"stderr","time":852.193684082,"data":"\r  2%|▏         | 19/852 [10:20\u003c5:26:27, 23.51s/it]\r  2%|▏         | 20/852 [10:41\u003c5:12:17, 22.52s/it]\r                                                  \r\r  2%|▏         | 20/852 [10:41\u003c5:12:17, 22.52s/it]\r  2%|▏         | 20/852 [10:41\u003c5:12:17, 22.52s/it]\r                                                  \r\r  2%|▏         | 20/852 [10:41\u003c5:12:17, 22.52s/it]\n"}
,{"stream_name":"stderr","time":872.472814234,"data":"\r  2%|▏         | 20/852 [10:41\u003c5:12:17, 22.52s/it]\r                                                  \r\r  2%|▏         | 20/852 [10:41\u003c5:12:17, 22.52s/it]\r  2%|▏         | 21/852 [11:01\u003c5:02:37, 21.85s/it]\r  2%|▏         | 21/852 [11:01\u003c5:02:37, 21.85s/it]\n"}
,{"stream_name":"stderr","time":892.77466604,"data":"\r  2%|▏         | 21/852 [11:01\u003c5:02:37, 21.85s/it]\r  3%|▎         | 22/852 [11:21\u003c4:55:48, 21.38s/it]\r  3%|▎         | 22/852 [11:21\u003c4:55:48, 21.38s/it]\n"}
,{"stream_name":"stderr","time":913.166744605,"data":"\r  3%|▎         | 22/852 [11:21\u003c4:55:48, 21.38s/it]\r  3%|▎         | 23/852 [11:42\u003c4:51:21, 21.09s/it]\r  3%|▎         | 23/852 [11:42\u003c4:51:21, 21.09s/it]\n"}
,{"stream_name":"stderr","time":933.16316736,"data":"\r  3%|▎         | 23/852 [11:42\u003c4:51:21, 21.09s/it]\r  3%|▎         | 24/852 [12:02\u003c4:46:28, 20.76s/it]\r  3%|▎         | 24/852 [12:02\u003c4:46:28, 20.76s/it]\n"}
,{"stream_name":"stderr","time":952.952261305,"data":"\r  3%|▎         | 24/852 [12:02\u003c4:46:28, 20.76s/it]\r  3%|▎         | 25/852 [12:21\u003c4:42:08, 20.47s/it]\r  3%|▎         | 25/852 [12:21\u003c4:42:08, 20.47s/it]\n"}
,{"stream_name":"stderr","time":972.528803917,"data":"\r  3%|▎         | 25/852 [12:21\u003c4:42:08, 20.47s/it]\r  3%|▎         | 26/852 [12:41\u003c4:38:05, 20.20s/it]\r  3%|▎         | 26/852 [12:41\u003c4:38:05, 20.20s/it]\n"}
,{"stream_name":"stderr","time":991.820962906,"data":"\r  3%|▎         | 26/852 [12:41\u003c4:38:05, 20.20s/it]\r  3%|▎         | 27/852 [13:00\u003c4:34:01, 19.93s/it]\r  3%|▎         | 27/852 [13:00\u003c4:34:01, 19.93s/it]\n"}
,{"stream_name":"stderr","time":1010.448309157,"data":"\r  3%|▎         | 27/852 [13:00\u003c4:34:01, 19.93s/it]\r  3%|▎         | 28/852 [13:19\u003c4:28:18, 19.54s/it]\r  3%|▎         | 28/852 [13:19\u003c4:28:18, 19.54s/it]\n"}
,{"stream_name":"stderr","time":1028.666416252,"data":"\r  3%|▎         | 28/852 [13:19\u003c4:28:18, 19.54s/it]\r  3%|▎         | 29/852 [13:37\u003c4:22:34, 19.14s/it]\r  3%|▎         | 29/852 [13:37\u003c4:22:34, 19.14s/it]\n"}
,{"stream_name":"stderr","time":1046.704593009,"data":"\r  3%|▎         | 29/852 [13:37\u003c4:22:34, 19.14s/it]\r  4%|▎         | 30/852 [13:55\u003c4:17:41, 18.81s/it]\r                                                  \r\r  4%|▎         | 30/852 [13:55\u003c4:17:41, 18.81s/it]\r  4%|▎         | 30/852 [13:55\u003c4:17:41, 18.81s/it]\r                                                  \r\r  4%|▎         | 30/852 [13:55\u003c4:17:41, 18.81s/it]\n"}
,{"stream_name":"stderr","time":1064.532334074,"data":"\r  4%|▎         | 30/852 [13:55\u003c4:17:41, 18.81s/it]\r                                                  \r\r  4%|▎         | 30/852 [13:55\u003c4:17:41, 18.81s/it]\r  4%|▎         | 31/852 [14:13\u003c4:13:22, 18.52s/it]\r  4%|▎         | 31/852 [14:13\u003c4:13:22, 18.52s/it]\n"}
,{"stream_name":"stderr","time":1082.269089291,"data":"\r  4%|▎         | 31/852 [14:13\u003c4:13:22, 18.52s/it]\r  4%|▍         | 32/852 [14:31\u003c4:09:49, 18.28s/it]\r  4%|▍         | 32/852 [14:31\u003c4:09:49, 18.28s/it]\n"}
,{"stream_name":"stderr","time":1098.683580998,"data":"\r  4%|▍         | 32/852 [14:31\u003c4:09:49, 18.28s/it]\r  4%|▍         | 33/852 [14:47\u003c4:01:55, 17.72s/it]\r  4%|▍         | 33/852 [14:47\u003c4:01:55, 17.72s/it]\n"}
,{"stream_name":"stderr","time":1114.754385816,"data":"\r  4%|▍         | 33/852 [14:47\u003c4:01:55, 17.72s/it]\r  4%|▍         | 34/852 [15:03\u003c3:54:49, 17.22s/it]\r  4%|▍         | 34/852 [15:03\u003c3:54:49, 17.22s/it]\n"}
,{"stream_name":"stderr","time":1130.557657366,"data":"\r  4%|▍         | 34/852 [15:03\u003c3:54:49, 17.22s/it]\r  4%|▍         | 35/852 [15:19\u003c3:48:46, 16.80s/it]\r  4%|▍         | 35/852 [15:19\u003c3:48:46, 16.80s/it]\n"}
,{"stream_name":"stderr","time":1146.202932252,"data":"\r  4%|▍         | 35/852 [15:19\u003c3:48:46, 16.80s/it]\r  4%|▍         | 36/852 [15:35\u003c3:43:45, 16.45s/it]\r  4%|▍         | 36/852 [15:35\u003c3:43:45, 16.45s/it]\n"}
,{"stream_name":"stderr","time":1160.208653943,"data":"\r  4%|▍         | 36/852 [15:35\u003c3:43:45, 16.45s/it]\r  4%|▍         | 37/852 [15:49\u003c3:33:32, 15.72s/it]\r  4%|▍         | 37/852 [15:49\u003c3:33:32, 15.72s/it]\n"}
,{"stream_name":"stderr","time":1173.591619052,"data":"\r  4%|▍         | 37/852 [15:49\u003c3:33:32, 15.72s/it]\r  4%|▍         | 38/852 [16:02\u003c3:23:45, 15.02s/it]\r  4%|▍         | 38/852 [16:02\u003c3:23:45, 15.02s/it]\n"}
,{"stream_name":"stderr","time":1186.886033054,"data":"\r  4%|▍         | 38/852 [16:02\u003c3:23:45, 15.02s/it]\r  5%|▍         | 39/852 [16:15\u003c3:16:27, 14.50s/it]\r  5%|▍         | 39/852 [16:15\u003c3:16:27, 14.50s/it]\n"}
,{"stream_name":"stderr","time":1200.008106676,"data":"\r  5%|▍         | 39/852 [16:15\u003c3:16:27, 14.50s/it]\r  5%|▍         | 40/852 [16:28\u003c3:10:39, 14.09s/it]\r                                                  \r\r  5%|▍         | 40/852 [16:28\u003c3:10:39, 14.09s/it]\r  5%|▍         | 40/852 [16:28\u003c3:10:39, 14.09s/it]\r                                                  \r\r  5%|▍         | 40/852 [16:28\u003c3:10:39, 14.09s/it]\n"}
,{"stream_name":"stderr","time":1212.92542556,"data":"\r  5%|▍         | 40/852 [16:28\u003c3:10:39, 14.09s/it]\r                                                  \r\r  5%|▍         | 40/852 [16:28\u003c3:10:39, 14.09s/it]\r  5%|▍         | 41/852 [16:41\u003c3:05:40, 13.74s/it]\r  5%|▍         | 41/852 [16:41\u003c3:05:40, 13.74s/it]\n"}
,{"stream_name":"stderr","time":1225.167660976,"data":"\r  5%|▍         | 41/852 [16:41\u003c3:05:40, 13.74s/it]\r  5%|▍         | 42/852 [16:54\u003c2:59:22, 13.29s/it]\r  5%|▍         | 42/852 [16:54\u003c2:59:22, 13.29s/it]\n"}
,{"stream_name":"stderr","time":1236.046631488,"data":"\r  5%|▍         | 42/852 [16:54\u003c2:59:22, 13.29s/it]\r  5%|▌         | 43/852 [17:04\u003c2:49:26, 12.57s/it]\r  5%|▌         | 43/852 [17:04\u003c2:49:26, 12.57s/it]\n"}
,{"stream_name":"stderr","time":1245.618583057,"data":"\r  5%|▌         | 43/852 [17:04\u003c2:49:26, 12.57s/it]\r  5%|▌         | 44/852 [17:14\u003c2:37:07, 11.67s/it]\r  5%|▌         | 44/852 [17:14\u003c2:37:07, 11.67s/it]\n"}
,{"stream_name":"stderr","time":1253.79879764,"data":"\r  5%|▌         | 44/852 [17:14\u003c2:37:07, 11.67s/it]\r  5%|▌         | 45/852 [17:22\u003c2:22:51, 10.62s/it]\r  5%|▌         | 45/852 [17:22\u003c2:22:51, 10.62s/it]\n"}
,{"stream_name":"stderr","time":1261.042669144,"data":"\r  5%|▌         | 45/852 [17:22\u003c2:22:51, 10.62s/it]\r  5%|▌         | 46/852 [17:29\u003c2:09:01,  9.60s/it]\r  5%|▌         | 46/852 [17:29\u003c2:09:01,  9.60s/it]\n"}
,{"stream_name":"stderr","time":1267.992468045,"data":"\r  5%|▌         | 46/852 [17:29\u003c2:09:01,  9.60s/it]\r  6%|▌         | 47/852 [17:36\u003c1:58:13,  8.81s/it]\r  6%|▌         | 47/852 [17:36\u003c1:58:13,  8.81s/it]\n"}
,{"stream_name":"stderr","time":1274.583966699,"data":"\r  6%|▌         | 47/852 [17:36\u003c1:58:13,  8.81s/it]\r  6%|▌         | 48/852 [17:43\u003c1:49:09,  8.15s/it]\r  6%|▌         | 48/852 [17:43\u003c1:49:09,  8.15s/it]\n"}
,{"stream_name":"stderr","time":1280.712888566,"data":"\r  6%|▌         | 48/852 [17:43\u003c1:49:09,  8.15s/it]\r  6%|▌         | 49/852 [17:49\u003c1:40:55,  7.54s/it]\r  6%|▌         | 49/852 [17:49\u003c1:40:55,  7.54s/it]\n"}
,{"stream_name":"stderr","time":1286.445935149,"data":"\r  6%|▌         | 49/852 [17:49\u003c1:40:55,  7.54s/it]\r  6%|▌         | 50/852 [17:55\u003c1:33:32,  7.00s/it]\r                                                  \r\r  6%|▌         | 50/852 [17:55\u003c1:33:32,  7.00s/it]\r  6%|▌         | 50/852 [17:55\u003c1:33:32,  7.00s/it]\r                                                  \r\r  6%|▌         | 50/852 [17:55\u003c1:33:32,  7.00s/it]\n"}
,{"stream_name":"stderr","time":1351.895263751,"data":"\r  6%|▌         | 50/852 [17:55\u003c1:33:32,  7.00s/it]\r                                                  \r\r  6%|▌         | 50/852 [17:55\u003c1:33:32,  7.00s/it]\r  6%|▌         | 51/852 [19:00\u003c5:27:28, 24.53s/it]\r  6%|▌         | 51/852 [19:00\u003c5:27:28, 24.53s/it]\n"}
,{"stream_name":"stderr","time":1406.367248752,"data":"\r  6%|▌         | 51/852 [19:00\u003c5:27:28, 24.53s/it]\r  6%|▌         | 52/852 [19:55\u003c7:26:51, 33.51s/it]\r  6%|▌         | 52/852 [19:55\u003c7:26:51, 33.51s/it]\n"}
,{"stream_name":"stderr","time":1456.041428632,"data":"\r  6%|▌         | 52/852 [19:55\u003c7:26:51, 33.51s/it]\r  6%|▌         | 53/852 [20:44\u003c8:30:51, 38.36s/it]\r  6%|▌         | 53/852 [20:44\u003c8:30:51, 38.36s/it]\n"}
,{"stream_name":"stderr","time":1499.10552687,"data":"\r  6%|▌         | 53/852 [20:44\u003c8:30:51, 38.36s/it]\r  6%|▋         | 54/852 [21:27\u003c8:48:57, 39.77s/it]\r  6%|▋         | 54/852 [21:27\u003c8:48:57, 39.77s/it]\n"}
,{"stream_name":"stderr","time":1538.010362712,"data":"\r  6%|▋         | 54/852 [21:27\u003c8:48:57, 39.77s/it]\r  6%|▋         | 55/852 [22:06\u003c8:44:51, 39.51s/it]\r  6%|▋         | 55/852 [22:06\u003c8:44:51, 39.51s/it]\n"}
,{"stream_name":"stderr","time":1572.657156848,"data":"\r  6%|▋         | 55/852 [22:06\u003c8:44:51, 39.51s/it]\r  7%|▋         | 56/852 [22:41\u003c8:24:48, 38.05s/it]\r  7%|▋         | 56/852 [22:41\u003c8:24:48, 38.05s/it]\n"}
,{"stream_name":"stderr","time":1604.365785829,"data":"\r  7%|▋         | 56/852 [22:41\u003c8:24:48, 38.05s/it]\r  7%|▋         | 57/852 [23:13\u003c7:58:59, 36.15s/it]\r  7%|▋         | 57/852 [23:13\u003c7:58:59, 36.15s/it]\n"}
,{"stream_name":"stderr","time":1635.142129999,"data":"\r  7%|▋         | 57/852 [23:13\u003c7:58:59, 36.15s/it]\r  7%|▋         | 58/852 [23:43\u003c7:37:03, 34.54s/it]\r  7%|▋         | 58/852 [23:43\u003c7:37:03, 34.54s/it]\n"}
,{"stream_name":"stderr","time":1664.049630829,"data":"\r  7%|▋         | 58/852 [23:43\u003c7:37:03, 34.54s/it]\r  7%|▋         | 59/852 [24:12\u003c7:14:10, 32.85s/it]\r  7%|▋         | 59/852 [24:12\u003c7:14:10, 32.85s/it]\n"}
,{"stream_name":"stderr","time":1690.408011524,"data":"\r  7%|▋         | 59/852 [24:12\u003c7:14:10, 32.85s/it]\r  7%|▋         | 60/852 [24:39\u003c6:47:53, 30.90s/it]\r                                                  \r\r  7%|▋         | 60/852 [24:39\u003c6:47:53, 30.90s/it]\r  7%|▋         | 60/852 [24:39\u003c6:47:53, 30.90s/it]\r                                                  \r\r  7%|▋         | 60/852 [24:39\u003c6:47:53, 30.90s/it]\n"}
,{"stream_name":"stderr","time":1716.307676454,"data":"\r  7%|▋         | 60/852 [24:39\u003c6:47:53, 30.90s/it]\r                                                  \r\r  7%|▋         | 60/852 [24:39\u003c6:47:53, 30.90s/it]\r  7%|▋         | 61/852 [25:05\u003c6:27:37, 29.40s/it]\r  7%|▋         | 61/852 [25:05\u003c6:27:37, 29.40s/it]\n"}
,{"stream_name":"stderr","time":1741.832062931,"data":"\r  7%|▋         | 61/852 [25:05\u003c6:27:37, 29.40s/it]\r  7%|▋         | 62/852 [25:30\u003c6:11:47, 28.24s/it]\r  7%|▋         | 62/852 [25:30\u003c6:11:47, 28.24s/it]\n"}
,{"stream_name":"stderr","time":1767.745375941,"data":"\r  7%|▋         | 62/852 [25:30\u003c6:11:47, 28.24s/it]\r  7%|▋         | 63/852 [25:56\u003c6:02:10, 27.54s/it]\r  7%|▋         | 63/852 [25:56\u003c6:02:10, 27.54s/it]\n"}
,{"stream_name":"stderr","time":1792.621326474,"data":"\r  7%|▋         | 63/852 [25:56\u003c6:02:10, 27.54s/it]\r  8%|▊         | 64/852 [26:21\u003c5:51:10, 26.74s/it]\r  8%|▊         | 64/852 [26:21\u003c5:51:10, 26.74s/it]\n"}
,{"stream_name":"stderr","time":1817.104194898,"data":"\r  8%|▊         | 64/852 [26:21\u003c5:51:10, 26.74s/it]\r  8%|▊         | 65/852 [26:45\u003c5:41:53, 26.07s/it]\r  8%|▊         | 65/852 [26:45\u003c5:41:53, 26.07s/it]\n"}
,{"stream_name":"stderr","time":1841.256810009,"data":"\r  8%|▊         | 65/852 [26:45\u003c5:41:53, 26.07s/it]\r  8%|▊         | 66/852 [27:10\u003c5:33:53, 25.49s/it]\r  8%|▊         | 66/852 [27:10\u003c5:33:53, 25.49s/it]\n"}
,{"stream_name":"stderr","time":1864.766667779,"data":"\r  8%|▊         | 66/852 [27:10\u003c5:33:53, 25.49s/it]\r  8%|▊         | 67/852 [27:33\u003c5:25:45, 24.90s/it]\r  8%|▊         | 67/852 [27:33\u003c5:25:45, 24.90s/it]\n"}
,{"stream_name":"stderr","time":1887.903529479,"data":"\r  8%|▊         | 67/852 [27:33\u003c5:25:45, 24.90s/it]\r  8%|▊         | 68/852 [27:56\u003c5:18:22, 24.37s/it]\r  8%|▊         | 68/852 [27:56\u003c5:18:22, 24.37s/it]\n"}
,{"stream_name":"stderr","time":1910.651724583,"data":"\r  8%|▊         | 68/852 [27:56\u003c5:18:22, 24.37s/it]\r  8%|▊         | 69/852 [28:19\u003c5:11:41, 23.88s/it]\r  8%|▊         | 69/852 [28:19\u003c5:11:41, 23.88s/it]\n"}
,{"stream_name":"stderr","time":1933.439211165,"data":"\r  8%|▊         | 69/852 [28:19\u003c5:11:41, 23.88s/it]\r  8%|▊         | 70/852 [28:42\u003c5:06:57, 23.55s/it]\r                                                  \r\r  8%|▊         | 70/852 [28:42\u003c5:06:57, 23.55s/it]\r  8%|▊         | 70/852 [28:42\u003c5:06:57, 23.55s/it]\r                                                  \r\r  8%|▊         | 70/852 [28:42\u003c5:06:57, 23.55s/it]\n"}
,{"stream_name":"stderr","time":1953.530923333,"data":"\r  8%|▊         | 70/852 [28:42\u003c5:06:57, 23.55s/it]\r                                                  \r\r  8%|▊         | 70/852 [28:42\u003c5:06:57, 23.55s/it]\r  8%|▊         | 71/852 [29:02\u003c4:53:06, 22.52s/it]\r  8%|▊         | 71/852 [29:02\u003c4:53:06, 22.52s/it]\n"}
,{"stream_name":"stderr","time":1973.918874198,"data":"\r  8%|▊         | 71/852 [29:02\u003c4:53:06, 22.52s/it]\r  8%|▊         | 72/852 [29:22\u003c4:44:21, 21.87s/it]\r  8%|▊         | 72/852 [29:22\u003c4:44:21, 21.87s/it]\n"}
,{"stream_name":"stderr","time":1994.086199882,"data":"\r  8%|▊         | 72/852 [29:22\u003c4:44:21, 21.87s/it]\r  9%|▊         | 73/852 [29:42\u003c4:37:24, 21.37s/it]\r  9%|▊         | 73/852 [29:42\u003c4:37:24, 21.37s/it]\n"}
,{"stream_name":"stderr","time":2014.450369471,"data":"\r  9%|▊         | 73/852 [29:42\u003c4:37:24, 21.37s/it]\r  9%|▊         | 74/852 [30:03\u003c4:33:05, 21.06s/it]\r  9%|▊         | 74/852 [30:03\u003c4:33:05, 21.06s/it]\n"}
,{"stream_name":"stderr","time":2034.316184218,"data":"\r  9%|▊         | 74/852 [30:03\u003c4:33:05, 21.06s/it]\r  9%|▉         | 75/852 [30:23\u003c4:28:09, 20.71s/it]\r  9%|▉         | 75/852 [30:23\u003c4:28:09, 20.71s/it]\n"}
,{"stream_name":"stderr","time":2054.002705488,"data":"\r  9%|▉         | 75/852 [30:23\u003c4:28:09, 20.71s/it]\r  9%|▉         | 76/852 [30:42\u003c4:23:49, 20.40s/it]\r  9%|▉         | 76/852 [30:42\u003c4:23:49, 20.40s/it]\n"}
,{"stream_name":"stderr","time":2073.559183452,"data":"\r  9%|▉         | 76/852 [30:42\u003c4:23:49, 20.40s/it]\r  9%|▉         | 77/852 [31:02\u003c4:20:14, 20.15s/it]\r  9%|▉         | 77/852 [31:02\u003c4:20:14, 20.15s/it]\n"}
,{"stream_name":"stderr","time":2092.981527404,"data":"\r  9%|▉         | 77/852 [31:02\u003c4:20:14, 20.15s/it]\r  9%|▉         | 78/852 [31:21\u003c4:17:02, 19.93s/it]\r  9%|▉         | 78/852 [31:21\u003c4:17:02, 19.93s/it]\n"}
,{"stream_name":"stderr","time":2111.953786297,"data":"\r  9%|▉         | 78/852 [31:21\u003c4:17:02, 19.93s/it]\r  9%|▉         | 79/852 [31:40\u003c4:13:04, 19.64s/it]\r  9%|▉         | 79/852 [31:40\u003c4:13:04, 19.64s/it]\n"}
,{"stream_name":"stderr","time":2130.222388519,"data":"\r  9%|▉         | 79/852 [31:40\u003c4:13:04, 19.64s/it]\r  9%|▉         | 80/852 [31:59\u003c4:07:23, 19.23s/it]\r                                                  \r\r  9%|▉         | 80/852 [31:59\u003c4:07:23, 19.23s/it]\r  9%|▉         | 80/852 [31:59\u003c4:07:23, 19.23s/it]\r                                                  \r\r  9%|▉         | 80/852 [31:59\u003c4:07:23, 19.23s/it]\n"}
,{"stream_name":"stderr","time":2148.106259262,"data":"\r  9%|▉         | 80/852 [31:59\u003c4:07:23, 19.23s/it]\r                                                  \r\r  9%|▉         | 80/852 [31:59\u003c4:07:23, 19.23s/it]\r 10%|▉         | 81/852 [32:16\u003c4:01:56, 18.83s/it]\r 10%|▉         | 81/852 [32:16\u003c4:01:56, 18.83s/it]\n"}
,{"stream_name":"stderr","time":2165.510928021,"data":"\r 10%|▉         | 81/852 [32:16\u003c4:01:56, 18.83s/it]\r 10%|▉         | 82/852 [32:34\u003c3:56:07, 18.40s/it]\r 10%|▉         | 82/852 [32:34\u003c3:56:07, 18.40s/it]\n"}
,{"stream_name":"stderr","time":2181.773273875,"data":"\r 10%|▉         | 82/852 [32:34\u003c3:56:07, 18.40s/it]\r 10%|▉         | 83/852 [32:50\u003c3:47:37, 17.76s/it]\r 10%|▉         | 83/852 [32:50\u003c3:47:37, 17.76s/it]\n"}
,{"stream_name":"stderr","time":2197.79649166,"data":"\r 10%|▉         | 83/852 [32:50\u003c3:47:37, 17.76s/it]\r 10%|▉         | 84/852 [33:06\u003c3:40:38, 17.24s/it]\r 10%|▉         | 84/852 [33:06\u003c3:40:38, 17.24s/it]\n"}
,{"stream_name":"stderr","time":2213.574730406,"data":"\r 10%|▉         | 84/852 [33:06\u003c3:40:38, 17.24s/it]\r 10%|▉         | 85/852 [33:22\u003c3:34:46, 16.80s/it]\r 10%|▉         | 85/852 [33:22\u003c3:34:46, 16.80s/it]\n"}
,{"stream_name":"stderr","time":2227.643406057,"data":"\r 10%|▉         | 85/852 [33:22\u003c3:34:46, 16.80s/it]\r 10%|█         | 86/852 [33:36\u003c3:24:02, 15.98s/it]\r 10%|█         | 86/852 [33:36\u003c3:24:02, 15.98s/it]\n"}
,{"stream_name":"stderr","time":2241.092498321,"data":"\r 10%|█         | 86/852 [33:36\u003c3:24:02, 15.98s/it]\r 10%|█         | 87/852 [33:49\u003c3:14:01, 15.22s/it]\r 10%|█         | 87/852 [33:49\u003c3:14:01, 15.22s/it]\n"}
,{"stream_name":"stderr","time":2254.384805093,"data":"\r 10%|█         | 87/852 [33:49\u003c3:14:01, 15.22s/it]\r 10%|█         | 88/852 [34:03\u003c3:06:28, 14.64s/it]\r 10%|█         | 88/852 [34:03\u003c3:06:28, 14.64s/it]\n"}
,{"stream_name":"stderr","time":2267.600967102,"data":"\r 10%|█         | 88/852 [34:03\u003c3:06:28, 14.64s/it]\r 10%|█         | 89/852 [34:16\u003c3:00:46, 14.22s/it]\r 10%|█         | 89/852 [34:16\u003c3:00:46, 14.22s/it]\n"}
,{"stream_name":"stderr","time":2280.608660252,"data":"\r 10%|█         | 89/852 [34:16\u003c3:00:46, 14.22s/it]\r 11%|█         | 90/852 [34:29\u003c2:55:54, 13.85s/it]\r                                                  \r\r 11%|█         | 90/852 [34:29\u003c2:55:54, 13.85s/it]\r 11%|█         | 90/852 [34:29\u003c2:55:54, 13.85s/it]\r                                                  \r\r 11%|█         | 90/852 [34:29\u003c2:55:54, 13.85s/it]\n"}
,{"stream_name":"stderr","time":2292.788309814,"data":"\r 11%|█         | 90/852 [34:29\u003c2:55:54, 13.85s/it]\r                                                  \r\r 11%|█         | 90/852 [34:29\u003c2:55:54, 13.85s/it]\r 11%|█         | 91/852 [34:41\u003c2:49:20, 13.35s/it]\r 11%|█         | 91/852 [34:41\u003c2:49:20, 13.35s/it]\n"}
,{"stream_name":"stderr","time":2303.489230646,"data":"\r 11%|█         | 91/852 [34:41\u003c2:49:20, 13.35s/it]\r 11%|█         | 92/852 [34:52\u003c2:39:03, 12.56s/it]\r 11%|█         | 92/852 [34:52\u003c2:39:03, 12.56s/it]\n"}
,{"stream_name":"stderr","time":2312.732046046,"data":"\r 11%|█         | 92/852 [34:52\u003c2:39:03, 12.56s/it]\r 11%|█         | 93/852 [35:01\u003c2:26:14, 11.56s/it]\r 11%|█         | 93/852 [35:01\u003c2:26:14, 11.56s/it]\n"}
,{"stream_name":"stderr","time":2321.566031715,"data":"\r 11%|█         | 93/852 [35:01\u003c2:26:14, 11.56s/it]\r 11%|█         | 94/852 [35:10\u003c2:15:44, 10.74s/it]\r 11%|█         | 94/852 [35:10\u003c2:15:44, 10.74s/it]\n"}
,{"stream_name":"stderr","time":2329.022625856,"data":"\r 11%|█         | 94/852 [35:10\u003c2:15:44, 10.74s/it]\r 11%|█         | 95/852 [35:17\u003c2:03:07,  9.76s/it]\r 11%|█         | 95/852 [35:17\u003c2:03:07,  9.76s/it]\n"}
,{"stream_name":"stderr","time":2336.205985491,"data":"\r 11%|█         | 95/852 [35:17\u003c2:03:07,  9.76s/it]\r 11%|█▏        | 96/852 [35:25\u003c1:53:13,  8.99s/it]\r 11%|█▏        | 96/852 [35:25\u003c1:53:13,  8.99s/it]\n"}
,{"stream_name":"stderr","time":2343.164830454,"data":"\r 11%|█▏        | 96/852 [35:25\u003c1:53:13,  8.99s/it]\r 11%|█▏        | 97/852 [35:32\u003c1:45:23,  8.38s/it]\r 11%|█▏        | 97/852 [35:32\u003c1:45:23,  8.38s/it]\n"}
,{"stream_name":"stderr","time":2349.700874566,"data":"\r 11%|█▏        | 97/852 [35:32\u003c1:45:23,  8.38s/it]\r 12%|█▏        | 98/852 [35:38\u003c1:38:20,  7.83s/it]\r 12%|█▏        | 98/852 [35:38\u003c1:38:20,  7.83s/it]\n"}
,{"stream_name":"stderr","time":2355.773146589,"data":"\r 12%|█▏        | 98/852 [35:38\u003c1:38:20,  7.83s/it]\r 12%|█▏        | 99/852 [35:44\u003c1:31:36,  7.30s/it]\r 12%|█▏        | 99/852 [35:44\u003c1:31:36,  7.30s/it]\n"}
,{"stream_name":"stderr","time":2361.577222517,"data":"\r 12%|█▏        | 99/852 [35:44\u003c1:31:36,  7.30s/it]\r 12%|█▏        | 100/852 [35:50\u003c1:25:51,  6.85s/it]\r                                                   \r\r 12%|█▏        | 100/852 [35:50\u003c1:25:51,  6.85s/it]\r 12%|█▏        | 100/852 [35:50\u003c1:25:51,  6.85s/it]\r                                                   \r\r 12%|█▏        | 100/852 [35:50\u003c1:25:51,  6.85s/it]\n"}
,{"stream_name":"stderr","time":2423.562358007,"data":"\r 12%|█▏        | 100/852 [35:50\u003c1:25:51,  6.85s/it]\r                                                   \r\r 12%|█▏        | 100/852 [35:50\u003c1:25:51,  6.85s/it]\r 12%|█▏        | 101/852 [36:52\u003c4:52:42, 23.39s/it]\r 12%|█▏        | 101/852 [36:52\u003c4:52:42, 23.39s/it]\n"}
,{"stream_name":"stderr","time":2476.729053173,"data":"\r 12%|█▏        | 101/852 [36:52\u003c4:52:42, 23.39s/it]\r 12%|█▏        | 102/852 [37:45\u003c6:44:00, 32.32s/it]\r 12%|█▏        | 102/852 [37:45\u003c6:44:00, 32.32s/it]\n"}
,{"stream_name":"stderr","time":2525.029165578,"data":"\r 12%|█▏        | 102/852 [37:45\u003c6:44:00, 32.32s/it]\r 12%|█▏        | 103/852 [38:33\u003c7:43:20, 37.12s/it]\r 12%|█▏        | 103/852 [38:33\u003c7:43:20, 37.12s/it]\n"}
,{"stream_name":"stderr","time":2567.681493988,"data":"\r 12%|█▏        | 103/852 [38:33\u003c7:43:20, 37.12s/it]\r 12%|█▏        | 104/852 [39:16\u003c8:03:25, 38.78s/it]\r 12%|█▏        | 104/852 [39:16\u003c8:03:25, 38.78s/it]\n"}
,{"stream_name":"stderr","time":2606.491096366,"data":"\r 12%|█▏        | 104/852 [39:16\u003c8:03:25, 38.78s/it]\r 12%|█▏        | 105/852 [39:55\u003c8:02:54, 38.79s/it]\r 12%|█▏        | 105/852 [39:55\u003c8:02:54, 38.79s/it]\n"}
,{"stream_name":"stderr","time":2641.406444315,"data":"\r 12%|█▏        | 105/852 [39:55\u003c8:02:54, 38.79s/it]\r 12%|█▏        | 106/852 [40:30\u003c7:47:48, 37.63s/it]\r 12%|█▏        | 106/852 [40:30\u003c7:47:48, 37.63s/it]\n"}
,{"stream_name":"stderr","time":2673.622891478,"data":"\r 12%|█▏        | 106/852 [40:30\u003c7:47:48, 37.63s/it]\r 13%|█▎        | 107/852 [41:02\u003c7:27:02, 36.00s/it]\r 13%|█▎        | 107/852 [41:02\u003c7:27:02, 36.00s/it]\n"}
,{"stream_name":"stderr","time":2705.111814332,"data":"\r 13%|█▎        | 107/852 [41:02\u003c7:27:02, 36.00s/it]\r 13%|█▎        | 108/852 [41:33\u003c7:09:38, 34.65s/it]\r 13%|█▎        | 108/852 [41:33\u003c7:09:38, 34.65s/it]\n"}
,{"stream_name":"stderr","time":2735.321055415,"data":"\r 13%|█▎        | 108/852 [41:33\u003c7:09:38, 34.65s/it]\r 13%|█▎        | 109/852 [42:04\u003c6:52:32, 33.31s/it]\r 13%|█▎        | 109/852 [42:04\u003c6:52:32, 33.31s/it]\n"}
,{"stream_name":"stderr","time":2763.132005067,"data":"\r 13%|█▎        | 109/852 [42:04\u003c6:52:32, 33.31s/it]\r 13%|█▎        | 110/852 [42:31\u003c6:31:37, 31.67s/it]\r                                                   \r\r 13%|█▎        | 110/852 [42:31\u003c6:31:37, 31.67s/it]\r 13%|█▎        | 110/852 [42:31\u003c6:31:37, 31.67s/it]\r                                                   \r\r 13%|█▎        | 110/852 [42:31\u003c6:31:37, 31.67s/it]\n"}
,{"stream_name":"stderr","time":2789.49366027,"data":"\r 13%|█▎        | 110/852 [42:31\u003c6:31:37, 31.67s/it]\r                                                   \r\r 13%|█▎        | 110/852 [42:31\u003c6:31:37, 31.67s/it]\r 13%|█▎        | 111/852 [42:58\u003c6:11:23, 30.07s/it]\r 13%|█▎        | 111/852 [42:58\u003c6:11:23, 30.07s/it]\n"}
,{"stream_name":"stderr","time":2815.089710289,"data":"\r 13%|█▎        | 111/852 [42:58\u003c6:11:23, 30.07s/it]\r 13%|█▎        | 112/852 [43:23\u003c5:54:22, 28.73s/it]\r 13%|█▎        | 112/852 [43:23\u003c5:54:22, 28.73s/it]\n"}
,{"stream_name":"stderr","time":2840.487790603,"data":"\r 13%|█▎        | 112/852 [43:23\u003c5:54:22, 28.73s/it]\r 13%|█▎        | 113/852 [43:49\u003c5:41:32, 27.73s/it]\r 13%|█▎        | 113/852 [43:49\u003c5:41:32, 27.73s/it]\n"}
,{"stream_name":"stderr","time":2865.714142155,"data":"\r 13%|█▎        | 113/852 [43:49\u003c5:41:32, 27.73s/it]\r 13%|█▎        | 114/852 [44:14\u003c5:31:52, 26.98s/it]\r 13%|█▎        | 114/852 [44:14\u003c5:31:52, 26.98s/it]\n"}
,{"stream_name":"stderr","time":2890.591635351,"data":"\r 13%|█▎        | 114/852 [44:14\u003c5:31:52, 26.98s/it]\r 13%|█▎        | 115/852 [44:39\u003c5:23:38, 26.35s/it]\r 13%|█▎        | 115/852 [44:39\u003c5:23:38, 26.35s/it]\n"}
,{"stream_name":"stderr","time":2915.083680003,"data":"\r 13%|█▎        | 115/852 [44:39\u003c5:23:38, 26.35s/it]\r 14%|█▎        | 116/852 [45:03\u003c5:16:24, 25.79s/it]\r 14%|█▎        | 116/852 [45:03\u003c5:16:24, 25.79s/it]\n"}
,{"stream_name":"stderr","time":2939.100418285,"data":"\r 14%|█▎        | 116/852 [45:03\u003c5:16:24, 25.79s/it]\r 14%|█▎        | 117/852 [45:27\u003c5:09:23, 25.26s/it]\r 14%|█▎        | 117/852 [45:27\u003c5:09:23, 25.26s/it]\n"}
,{"stream_name":"stderr","time":2962.411188551,"data":"\r 14%|█▎        | 117/852 [45:27\u003c5:09:23, 25.26s/it]\r 14%|█▍        | 118/852 [45:51\u003c5:01:52, 24.68s/it]\r 14%|█▍        | 118/852 [45:51\u003c5:01:52, 24.68s/it]\n"}
,{"stream_name":"stderr","time":2985.458512035,"data":"\r 14%|█▍        | 118/852 [45:51\u003c5:01:52, 24.68s/it]\r 14%|█▍        | 119/852 [46:14\u003c4:55:26, 24.18s/it]\r 14%|█▍        | 119/852 [46:14\u003c4:55:26, 24.18s/it]\n"}
,{"stream_name":"stderr","time":3008.189999757,"data":"\r 14%|█▍        | 119/852 [46:14\u003c4:55:26, 24.18s/it]\r 14%|█▍        | 120/852 [46:37\u003c4:49:46, 23.75s/it]\r                                                   \r\r 14%|█▍        | 120/852 [46:37\u003c4:49:46, 23.75s/it]\r 14%|█▍        | 120/852 [46:37\u003c4:49:46, 23.75s/it]\r                                                   \r\r 14%|█▍        | 120/852 [46:37\u003c4:49:46, 23.75s/it]\n"}
,{"stream_name":"stderr","time":3029.645315912,"data":"\r 14%|█▍        | 120/852 [46:37\u003c4:49:46, 23.75s/it]\r                                                   \r\r 14%|█▍        | 120/852 [46:37\u003c4:49:46, 23.75s/it]\r 14%|█▍        | 121/852 [46:58\u003c4:40:57, 23.06s/it]\r 14%|█▍        | 121/852 [46:58\u003c4:40:57, 23.06s/it]\n"}
,{"stream_name":"stderr","time":3049.886151765,"data":"\r 14%|█▍        | 121/852 [46:58\u003c4:40:57, 23.06s/it]\r 14%|█▍        | 122/852 [47:18\u003c4:30:18, 22.22s/it]\r 14%|█▍        | 122/852 [47:18\u003c4:30:18, 22.22s/it]\n"}
,{"stream_name":"stderr","time":3070.057760483,"data":"\r 14%|█▍        | 122/852 [47:18\u003c4:30:18, 22.22s/it]\r 14%|█▍        | 123/852 [47:38\u003c4:22:27, 21.60s/it]\r 14%|█▍        | 123/852 [47:38\u003c4:22:27, 21.60s/it]\n"}
,{"stream_name":"stderr","time":3090.373756919,"data":"\r 14%|█▍        | 123/852 [47:38\u003c4:22:27, 21.60s/it]\r 15%|█▍        | 124/852 [47:59\u003c4:17:26, 21.22s/it]\r 15%|█▍        | 124/852 [47:59\u003c4:17:26, 21.22s/it]\n"}
,{"stream_name":"stderr","time":3110.582363858,"data":"\r 15%|█▍        | 124/852 [47:59\u003c4:17:26, 21.22s/it]\r 15%|█▍        | 125/852 [48:19\u003c4:13:21, 20.91s/it]\r 15%|█▍        | 125/852 [48:19\u003c4:13:21, 20.91s/it]\n"}
,{"stream_name":"stderr","time":3130.356333586,"data":"\r 15%|█▍        | 125/852 [48:19\u003c4:13:21, 20.91s/it]\r 15%|█▍        | 126/852 [48:39\u003c4:08:57, 20.57s/it]\r 15%|█▍        | 126/852 [48:39\u003c4:08:57, 20.57s/it]\n"}
,{"stream_name":"stderr","time":3149.977692251,"data":"\r 15%|█▍        | 126/852 [48:39\u003c4:08:57, 20.57s/it]\r 15%|█▍        | 127/852 [48:58\u003c4:05:05, 20.28s/it]\r 15%|█▍        | 127/852 [48:58\u003c4:05:05, 20.28s/it]\n"}
,{"stream_name":"stderr","time":3169.336219128,"data":"\r 15%|█▍        | 127/852 [48:58\u003c4:05:05, 20.28s/it]\r 15%|█▌        | 128/852 [49:18\u003c4:01:28, 20.01s/it]\r 15%|█▌        | 128/852 [49:18\u003c4:01:28, 20.01s/it]\n"}
,{"stream_name":"stderr","time":3188.01657871,"data":"\r 15%|█▌        | 128/852 [49:18\u003c4:01:28, 20.01s/it]\r 15%|█▌        | 129/852 [49:36\u003c3:56:15, 19.61s/it]\r 15%|█▌        | 129/852 [49:36\u003c3:56:15, 19.61s/it]\n"}
,{"stream_name":"stderr","time":3206.172785688,"data":"\r 15%|█▌        | 129/852 [49:36\u003c3:56:15, 19.61s/it]\r 15%|█▌        | 130/852 [49:55\u003c3:50:45, 19.18s/it]\r                                                   \r\r 15%|█▌        | 130/852 [49:55\u003c3:50:45, 19.18s/it]\r 15%|█▌        | 130/852 [49:55\u003c3:50:45, 19.18s/it]\r                                                   \r\r 15%|█▌        | 130/852 [49:55\u003c3:50:45, 19.18s/it]\n"}
,{"stream_name":"stderr","time":3224.131969687,"data":"\r 15%|█▌        | 130/852 [49:55\u003c3:50:45, 19.18s/it]\r                                                   \r\r 15%|█▌        | 130/852 [49:55\u003c3:50:45, 19.18s/it]\r 15%|█▌        | 131/852 [50:12\u003c3:46:01, 18.81s/it]\r 15%|█▌        | 131/852 [50:12\u003c3:46:01, 18.81s/it]\n"}
,{"stream_name":"stderr","time":3241.734370746,"data":"\r 15%|█▌        | 131/852 [50:12\u003c3:46:01, 18.81s/it]\r 15%|█▌        | 132/852 [50:30\u003c3:41:23, 18.45s/it]\r 15%|█▌        | 132/852 [50:30\u003c3:41:23, 18.45s/it]\n"}
,{"stream_name":"stderr","time":3257.984225564,"data":"\r 15%|█▌        | 132/852 [50:30\u003c3:41:23, 18.45s/it]\r 16%|█▌        | 133/852 [50:46\u003c3:33:08, 17.79s/it]\r 16%|█▌        | 133/852 [50:46\u003c3:33:08, 17.79s/it]\n"}
,{"stream_name":"stderr","time":3274.024684022,"data":"\r 16%|█▌        | 133/852 [50:46\u003c3:33:08, 17.79s/it]\r 16%|█▌        | 134/852 [51:02\u003c3:26:36, 17.27s/it]\r 16%|█▌        | 134/852 [51:02\u003c3:26:36, 17.27s/it]\n"}
,{"stream_name":"stderr","time":3289.795377335,"data":"\r 16%|█▌        | 134/852 [51:02\u003c3:26:36, 17.27s/it]\r 16%|█▌        | 135/852 [51:18\u003c3:20:55, 16.81s/it]\r 16%|█▌        | 135/852 [51:18\u003c3:20:55, 16.81s/it]\n"}
,{"stream_name":"stderr","time":3305.394274718,"data":"\r 16%|█▌        | 135/852 [51:18\u003c3:20:55, 16.81s/it]\r 16%|█▌        | 136/852 [51:34\u003c3:16:19, 16.45s/it]\r 16%|█▌        | 136/852 [51:34\u003c3:16:19, 16.45s/it]\n"}
,{"stream_name":"stderr","time":3319.3448483,"data":"\r 16%|█▌        | 136/852 [51:34\u003c3:16:19, 16.45s/it]\r 16%|█▌        | 137/852 [51:48\u003c3:07:06, 15.70s/it]\r 16%|█▌        | 137/852 [51:48\u003c3:07:06, 15.70s/it]\n"}
,{"stream_name":"stderr","time":3332.636064867,"data":"\r 16%|█▌        | 137/852 [51:48\u003c3:07:06, 15.70s/it]\r 16%|█▌        | 138/852 [52:01\u003c2:58:11, 14.97s/it]\r 16%|█▌        | 138/852 [52:01\u003c2:58:11, 14.97s/it]\n"}
,{"stream_name":"stderr","time":3345.818025241,"data":"\r 16%|█▌        | 138/852 [52:01\u003c2:58:11, 14.97s/it]\r 16%|█▋        | 139/852 [52:14\u003c2:51:36, 14.44s/it]\r 16%|█▋        | 139/852 [52:14\u003c2:51:36, 14.44s/it]\n"}
,{"stream_name":"stderr","time":3358.810054273,"data":"\r 16%|█▋        | 139/852 [52:14\u003c2:51:36, 14.44s/it]\r 16%|█▋        | 140/852 [52:27\u003c2:46:12, 14.01s/it]\r                                                   \r\r 16%|█▋        | 140/852 [52:27\u003c2:46:12, 14.01s/it]\r 16%|█▋        | 140/852 [52:27\u003c2:46:12, 14.01s/it]\r                                                   \r\r 16%|█▋        | 140/852 [52:27\u003c2:46:12, 14.01s/it]\n"}
,{"stream_name":"stderr","time":3371.147655331,"data":"\r 16%|█▋        | 140/852 [52:27\u003c2:46:12, 14.01s/it]\r                                                   \r\r 16%|█▋        | 140/852 [52:27\u003c2:46:12, 14.01s/it]\r 17%|█▋        | 141/852 [52:39\u003c2:40:00, 13.50s/it]\r 17%|█▋        | 141/852 [52:39\u003c2:40:00, 13.50s/it]\n"}
,{"stream_name":"stderr","time":3382.10264824,"data":"\r 17%|█▋        | 141/852 [52:39\u003c2:40:00, 13.50s/it]\r 17%|█▋        | 142/852 [52:50\u003c2:30:46, 12.74s/it]\r 17%|█▋        | 142/852 [52:50\u003c2:30:46, 12.74s/it]\n"}
,{"stream_name":"stderr","time":3392.240056691,"data":"\r 17%|█▋        | 142/852 [52:50\u003c2:30:46, 12.74s/it]\r 17%|█▋        | 143/852 [53:01\u003c2:21:19, 11.96s/it]\r 17%|█▋        | 143/852 [53:01\u003c2:21:19, 11.96s/it]\n"}
,{"stream_name":"stderr","time":3401.195415141,"data":"\r 17%|█▋        | 143/852 [53:01\u003c2:21:19, 11.96s/it]\r 17%|█▋        | 144/852 [53:10\u003c2:10:27, 11.06s/it]\r 17%|█▋        | 144/852 [53:10\u003c2:10:27, 11.06s/it]\n"}
,{"stream_name":"stderr","time":3408.698887306,"data":"\r 17%|█▋        | 144/852 [53:10\u003c2:10:27, 11.06s/it]\r 17%|█▋        | 145/852 [53:17\u003c1:57:44,  9.99s/it]\r 17%|█▋        | 145/852 [53:17\u003c1:57:44,  9.99s/it]\n"}
,{"stream_name":"stderr","time":3415.762233578,"data":"\r 17%|█▋        | 145/852 [53:17\u003c1:57:44,  9.99s/it]\r 17%|█▋        | 146/852 [53:24\u003c1:47:14,  9.11s/it]\r 17%|█▋        | 146/852 [53:24\u003c1:47:14,  9.11s/it]\n"}
,{"stream_name":"stderr","time":3422.590506989,"data":"\r 17%|█▋        | 146/852 [53:24\u003c1:47:14,  9.11s/it]\r 17%|█▋        | 147/852 [53:31\u003c1:39:02,  8.43s/it]\r 17%|█▋        | 147/852 [53:31\u003c1:39:02,  8.43s/it]\n"}
,{"stream_name":"stderr","time":3428.952038493,"data":"\r 17%|█▋        | 147/852 [53:31\u003c1:39:02,  8.43s/it]\r 17%|█▋        | 148/852 [53:37\u003c1:31:37,  7.81s/it]\r 17%|█▋        | 148/852 [53:37\u003c1:31:37,  7.81s/it]\n"}
,{"stream_name":"stderr","time":3435.100719633,"data":"\r 17%|█▋        | 148/852 [53:37\u003c1:31:37,  7.81s/it]\r 17%|█▋        | 149/852 [53:43\u003c1:25:35,  7.31s/it]\r 17%|█▋        | 149/852 [53:43\u003c1:25:35,  7.31s/it]\n"}
,{"stream_name":"stderr","time":3440.675968195,"data":"\r 17%|█▋        | 149/852 [53:43\u003c1:25:35,  7.31s/it]\r 18%|█▊        | 150/852 [53:49\u003c1:19:27,  6.79s/it]\r                                                   \r\r 18%|█▊        | 150/852 [53:49\u003c1:19:27,  6.79s/it]\r 18%|█▊        | 150/852 [53:49\u003c1:19:27,  6.79s/it]\r                                                   \r\r 18%|█▊        | 150/852 [53:49\u003c1:19:27,  6.79s/it]\n"}
,{"stream_name":"stderr","time":3500.874264967,"data":"\r 18%|█▊        | 150/852 [53:49\u003c1:19:27,  6.79s/it]\r                                                   \r\r 18%|█▊        | 150/852 [53:49\u003c1:19:27,  6.79s/it]\r 18%|█▊        | 151/852 [54:49\u003c4:26:27, 22.81s/it]\r 18%|█▊        | 151/852 [54:49\u003c4:26:27, 22.81s/it]\n"}
,{"stream_name":"stderr","time":3549.011198837,"data":"\r 18%|█▊        | 151/852 [54:49\u003c4:26:27, 22.81s/it]\r 18%|█▊        | 152/852 [55:37\u003c5:54:46, 30.41s/it]\r 18%|█▊        | 152/852 [55:37\u003c5:54:46, 30.41s/it]\n"}
,{"stream_name":"stderr","time":3591.073651049,"data":"\r 18%|█▊        | 152/852 [55:37\u003c5:54:46, 30.41s/it]\r 18%|█▊        | 153/852 [56:19\u003c6:34:56, 33.90s/it]\r 18%|█▊        | 153/852 [56:19\u003c6:34:56, 33.90s/it]\n"}
,{"stream_name":"stderr","time":3631.330490981,"data":"\r 18%|█▊        | 153/852 [56:19\u003c6:34:56, 33.90s/it]\r 18%|█▊        | 154/852 [57:00\u003c6:56:36, 35.81s/it]\r 18%|█▊        | 154/852 [57:00\u003c6:56:36, 35.81s/it]\n"}
,{"stream_name":"stderr","time":3667.171680888,"data":"\r 18%|█▊        | 154/852 [57:00\u003c6:56:36, 35.81s/it]\r 18%|█▊        | 155/852 [57:36\u003c6:56:05, 35.82s/it]\r 18%|█▊        | 155/852 [57:36\u003c6:56:05, 35.82s/it]\n"}
,{"stream_name":"stderr","time":3698.771349343,"data":"\r 18%|█▊        | 155/852 [57:36\u003c6:56:05, 35.82s/it]\r 18%|█▊        | 156/852 [58:07\u003c6:40:48, 34.55s/it]\r 18%|█▊        | 156/852 [58:07\u003c6:40:48, 34.55s/it]\n"}
,{"stream_name":"stderr","time":3729.738108249,"data":"\r 18%|█▊        | 156/852 [58:07\u003c6:40:48, 34.55s/it]\r 18%|█▊        | 157/852 [58:38\u003c6:27:48, 33.48s/it]\r 18%|█▊        | 157/852 [58:38\u003c6:27:48, 33.48s/it]\n"}
,{"stream_name":"stderr","time":3759.66592382,"data":"\r 18%|█▊        | 157/852 [58:38\u003c6:27:48, 33.48s/it]\r 19%|█▊        | 158/852 [59:08\u003c6:14:57, 32.42s/it]\r 19%|█▊        | 158/852 [59:08\u003c6:14:57, 32.42s/it]\n"}
,{"stream_name":"stderr","time":3786.633901937,"data":"\r 19%|█▊        | 158/852 [59:08\u003c6:14:57, 32.42s/it]\r 19%|█▊        | 159/852 [59:35\u003c5:55:29, 30.78s/it]\r 19%|█▊        | 159/852 [59:35\u003c5:55:29, 30.78s/it]\n"}
,{"stream_name":"stderr","time":3813.075208774,"data":"\r 19%|█▊        | 159/852 [59:35\u003c5:55:29, 30.78s/it]\r 19%|█▉        | 160/852 [1:00:01\u003c5:40:00, 29.48s/it]\r                                                     \r\r 19%|█▉        | 160/852 [1:00:01\u003c5:40:00, 29.48s/it]\r 19%|█▉        | 160/852 [1:00:01\u003c5:40:00, 29.48s/it]\r                                                     \r\r 19%|█▉        | 160/852 [1:00:01\u003c5:40:00, 29.48s/it]\n"}
,{"stream_name":"stderr","time":3839.149403632,"data":"\r 19%|█▉        | 160/852 [1:00:01\u003c5:40:00, 29.48s/it]\r                                                     \r\r 19%|█▉        | 160/852 [1:00:01\u003c5:40:00, 29.48s/it]\r 19%|█▉        | 161/852 [1:00:27\u003c5:27:42, 28.46s/it]\r 19%|█▉        | 161/852 [1:00:27\u003c5:27:42, 28.46s/it]\n"}
,{"stream_name":"stderr","time":3864.638341264,"data":"\r 19%|█▉        | 161/852 [1:00:27\u003c5:27:42, 28.46s/it]\r 19%|█▉        | 162/852 [1:00:53\u003c5:17:02, 27.57s/it]\r 19%|█▉        | 162/852 [1:00:53\u003c5:17:02, 27.57s/it]\n"}
,{"stream_name":"stderr","time":3890.340302806,"data":"\r 19%|█▉        | 162/852 [1:00:53\u003c5:17:02, 27.57s/it]\r 19%|█▉        | 163/852 [1:01:19\u003c5:10:05, 27.00s/it]\r 19%|█▉        | 163/852 [1:01:19\u003c5:10:05, 27.00s/it]\n"}
,{"stream_name":"stderr","time":3915.698111616,"data":"\r 19%|█▉        | 163/852 [1:01:19\u003c5:10:05, 27.00s/it]\r 19%|█▉        | 164/852 [1:01:44\u003c5:04:02, 26.52s/it]\r 19%|█▉        | 164/852 [1:01:44\u003c5:04:02, 26.52s/it]\n"}
,{"stream_name":"stderr","time":3940.099041019,"data":"\r 19%|█▉        | 164/852 [1:01:44\u003c5:04:02, 26.52s/it]\r 19%|█▉        | 165/852 [1:02:08\u003c4:56:17, 25.88s/it]\r 19%|█▉        | 165/852 [1:02:08\u003c4:56:17, 25.88s/it]\n"}
,{"stream_name":"stderr","time":3963.823475067,"data":"\r 19%|█▉        | 165/852 [1:02:08\u003c4:56:17, 25.88s/it]\r 19%|█▉        | 166/852 [1:02:32\u003c4:48:31, 25.23s/it]\r 19%|█▉        | 166/852 [1:02:32\u003c4:48:31, 25.23s/it]\n"}
,{"stream_name":"stderr","time":3986.998029813,"data":"\r 19%|█▉        | 166/852 [1:02:32\u003c4:48:31, 25.23s/it]\r 20%|█▉        | 167/852 [1:02:55\u003c4:40:59, 24.61s/it]\r 20%|█▉        | 167/852 [1:02:55\u003c4:40:59, 24.61s/it]\n"}
,{"stream_name":"stderr","time":4009.973227383,"data":"\r 20%|█▉        | 167/852 [1:02:55\u003c4:40:59, 24.61s/it]\r 20%|█▉        | 168/852 [1:03:18\u003c4:35:01, 24.13s/it]\r 20%|█▉        | 168/852 [1:03:18\u003c4:35:01, 24.13s/it]\n"}
,{"stream_name":"stderr","time":4031.810504156,"data":"\r 20%|█▉        | 168/852 [1:03:18\u003c4:35:01, 24.13s/it]\r 20%|█▉        | 169/852 [1:03:40\u003c4:26:46, 23.44s/it]\r 20%|█▉        | 169/852 [1:03:40\u003c4:26:46, 23.44s/it]\n"}
,{"stream_name":"stderr","time":4051.973752576,"data":"\r 20%|█▉        | 169/852 [1:03:40\u003c4:26:46, 23.44s/it]\r 20%|█▉        | 170/852 [1:04:00\u003c4:15:15, 22.46s/it]\r                                                     \r\r 20%|█▉        | 170/852 [1:04:00\u003c4:15:15, 22.46s/it]\r 20%|█▉        | 170/852 [1:04:00\u003c4:15:15, 22.46s/it]\r                                                     \r\r 20%|█▉        | 170/852 [1:04:00\u003c4:15:15, 22.46s/it]\n"}
,{"stream_name":"stderr","time":4072.367900018,"data":"\r 20%|█▉        | 170/852 [1:04:00\u003c4:15:15, 22.46s/it]\r                                                     \r\r 20%|█▉        | 170/852 [1:04:00\u003c4:15:15, 22.46s/it]\r 20%|██        | 171/852 [1:04:21\u003c4:07:49, 21.83s/it]\r 20%|██        | 171/852 [1:04:21\u003c4:07:49, 21.83s/it]\n"}
,{"stream_name":"stderr","time":4092.574392396,"data":"\r 20%|██        | 171/852 [1:04:21\u003c4:07:49, 21.83s/it]\r 20%|██        | 172/852 [1:04:41\u003c4:01:57, 21.35s/it]\r 20%|██        | 172/852 [1:04:41\u003c4:01:57, 21.35s/it]\n"}
,{"stream_name":"stderr","time":4112.659215035,"data":"\r 20%|██        | 172/852 [1:04:41\u003c4:01:57, 21.35s/it]\r 20%|██        | 173/852 [1:05:01\u003c3:57:15, 20.96s/it]\r 20%|██        | 173/852 [1:05:01\u003c3:57:15, 20.96s/it]\n"}
,{"stream_name":"stderr","time":4132.35689403,"data":"\r 20%|██        | 173/852 [1:05:01\u003c3:57:15, 20.96s/it]\r 20%|██        | 174/852 [1:05:21\u003c3:52:40, 20.59s/it]\r 20%|██        | 174/852 [1:05:21\u003c3:52:40, 20.59s/it]\n"}
,{"stream_name":"stderr","time":4151.855130176,"data":"\r 20%|██        | 174/852 [1:05:21\u003c3:52:40, 20.59s/it]\r 21%|██        | 175/852 [1:05:40\u003c3:48:35, 20.26s/it]\r 21%|██        | 175/852 [1:05:40\u003c3:48:35, 20.26s/it]\n"}
,{"stream_name":"stderr","time":4171.384324755,"data":"\r 21%|██        | 175/852 [1:05:40\u003c3:48:35, 20.26s/it]\r 21%|██        | 176/852 [1:06:00\u003c3:45:49, 20.04s/it]\r 21%|██        | 176/852 [1:06:00\u003c3:45:49, 20.04s/it]\n"}
,{"stream_name":"stderr","time":4190.836110408,"data":"\r 21%|██        | 176/852 [1:06:00\u003c3:45:49, 20.04s/it]\r 21%|██        | 177/852 [1:06:19\u003c3:43:25, 19.86s/it]\r 21%|██        | 177/852 [1:06:19\u003c3:43:25, 19.86s/it]\n"}
,{"stream_name":"stderr","time":4209.808317672,"data":"\r 21%|██        | 177/852 [1:06:19\u003c3:43:25, 19.86s/it]\r 21%|██        | 178/852 [1:06:38\u003c3:40:10, 19.60s/it]\r 21%|██        | 178/852 [1:06:38\u003c3:40:10, 19.60s/it]\n"}
,{"stream_name":"stderr","time":4228.009973691,"data":"\r 21%|██        | 178/852 [1:06:38\u003c3:40:10, 19.60s/it]\r 21%|██        | 179/852 [1:06:56\u003c3:35:03, 19.17s/it]\r 21%|██        | 179/852 [1:06:56\u003c3:35:03, 19.17s/it]\n"}
,{"stream_name":"stderr","time":4245.983434919,"data":"\r 21%|██        | 179/852 [1:06:56\u003c3:35:03, 19.17s/it]\r 21%|██        | 180/852 [1:07:14\u003c3:30:47, 18.82s/it]\r                                                     \r\r 21%|██        | 180/852 [1:07:14\u003c3:30:47, 18.82s/it]\r 21%|██        | 180/852 [1:07:14\u003c3:30:47, 18.82s/it]\r                                                     \r\r 21%|██        | 180/852 [1:07:14\u003c3:30:47, 18.82s/it]\n"}
,{"stream_name":"stderr","time":4263.794069406,"data":"\r 21%|██        | 180/852 [1:07:14\u003c3:30:47, 18.82s/it]\r                                                     \r\r 21%|██        | 180/852 [1:07:14\u003c3:30:47, 18.82s/it]\r 21%|██        | 181/852 [1:07:32\u003c3:27:02, 18.51s/it]\r 21%|██        | 181/852 [1:07:32\u003c3:27:02, 18.51s/it]\n"}
,{"stream_name":"stderr","time":4281.500719159,"data":"\r 21%|██        | 181/852 [1:07:32\u003c3:27:02, 18.51s/it]\r 21%|██▏       | 182/852 [1:07:50\u003c3:24:04, 18.28s/it]\r 21%|██▏       | 182/852 [1:07:50\u003c3:24:04, 18.28s/it]\n"}
,{"stream_name":"stderr","time":4298.09710549,"data":"\r 21%|██▏       | 182/852 [1:07:50\u003c3:24:04, 18.28s/it]\r 21%|██▏       | 183/852 [1:08:06\u003c3:18:05, 17.77s/it]\r 21%|██▏       | 183/852 [1:08:06\u003c3:18:05, 17.77s/it]\n"}
,{"stream_name":"stderr","time":4314.188182868,"data":"\r 21%|██▏       | 183/852 [1:08:06\u003c3:18:05, 17.77s/it]\r 22%|██▏       | 184/852 [1:08:23\u003c3:12:15, 17.27s/it]\r 22%|██▏       | 184/852 [1:08:23\u003c3:12:15, 17.27s/it]\n"}
,{"stream_name":"stderr","time":4329.993221897,"data":"\r 22%|██▏       | 184/852 [1:08:23\u003c3:12:15, 17.27s/it]\r 22%|██▏       | 185/852 [1:08:38\u003c3:07:03, 16.83s/it]\r 22%|██▏       | 185/852 [1:08:38\u003c3:07:03, 16.83s/it]\n"}
,{"stream_name":"stderr","time":4345.100290975,"data":"\r 22%|██▏       | 185/852 [1:08:38\u003c3:07:03, 16.83s/it]\r 22%|██▏       | 186/852 [1:08:53\u003c3:01:05, 16.31s/it]\r 22%|██▏       | 186/852 [1:08:53\u003c3:01:05, 16.31s/it]\n"}
,{"stream_name":"stderr","time":4358.478112447,"data":"\r 22%|██▏       | 186/852 [1:08:53\u003c3:01:05, 16.31s/it]\r 22%|██▏       | 187/852 [1:09:07\u003c2:51:03, 15.43s/it]\r 22%|██▏       | 187/852 [1:09:07\u003c2:51:03, 15.43s/it]\n"}
,{"stream_name":"stderr","time":4371.726292928,"data":"\r 22%|██▏       | 187/852 [1:09:07\u003c2:51:03, 15.43s/it]\r 22%|██▏       | 188/852 [1:09:20\u003c2:43:30, 14.77s/it]\r 22%|██▏       | 188/852 [1:09:20\u003c2:43:30, 14.77s/it]\n"}
,{"stream_name":"stderr","time":4384.773923053,"data":"\r 22%|██▏       | 188/852 [1:09:20\u003c2:43:30, 14.77s/it]\r 22%|██▏       | 189/852 [1:09:33\u003c2:37:34, 14.26s/it]\r 22%|██▏       | 189/852 [1:09:33\u003c2:37:34, 14.26s/it]\n"}
,{"stream_name":"stderr","time":4397.604432248,"data":"\r 22%|██▏       | 189/852 [1:09:33\u003c2:37:34, 14.26s/it]\r 22%|██▏       | 190/852 [1:09:46\u003c2:32:36, 13.83s/it]\r                                                     \r\r 22%|██▏       | 190/852 [1:09:46\u003c2:32:36, 13.83s/it]\r 22%|██▏       | 190/852 [1:09:46\u003c2:32:36, 13.83s/it]\r                                                     \r\r 22%|██▏       | 190/852 [1:09:46\u003c2:32:36, 13.83s/it]\n"}
,{"stream_name":"stderr","time":4409.830460289,"data":"\r 22%|██▏       | 190/852 [1:09:46\u003c2:32:36, 13.83s/it]\r                                                     \r\r 22%|██▏       | 190/852 [1:09:46\u003c2:32:36, 13.83s/it]\r 22%|██▏       | 191/852 [1:09:58\u003c2:27:00, 13.34s/it]\r 22%|██▏       | 191/852 [1:09:58\u003c2:27:00, 13.34s/it]\n"}
,{"stream_name":"stderr","time":4420.746707464,"data":"\r 22%|██▏       | 191/852 [1:09:58\u003c2:27:00, 13.34s/it]\r 23%|██▎       | 192/852 [1:10:09\u003c2:18:49, 12.62s/it]\r 23%|██▎       | 192/852 [1:10:09\u003c2:18:49, 12.62s/it]\n"}
,{"stream_name":"stderr","time":4430.429407194,"data":"\r 23%|██▎       | 192/852 [1:10:09\u003c2:18:49, 12.62s/it]\r 23%|██▎       | 193/852 [1:10:19\u003c2:08:56, 11.74s/it]\r 23%|██▎       | 193/852 [1:10:19\u003c2:08:56, 11.74s/it]\n"}
,{"stream_name":"stderr","time":4438.976726876,"data":"\r 23%|██▎       | 193/852 [1:10:19\u003c2:08:56, 11.74s/it]\r 23%|██▎       | 194/852 [1:10:27\u003c1:58:14, 10.78s/it]\r 23%|██▎       | 194/852 [1:10:27\u003c1:58:14, 10.78s/it]\n"}
,{"stream_name":"stderr","time":4446.394643835,"data":"\r 23%|██▎       | 194/852 [1:10:27\u003c1:58:14, 10.78s/it]\r 23%|██▎       | 195/852 [1:10:35\u003c1:46:58,  9.77s/it]\r 23%|██▎       | 195/852 [1:10:35\u003c1:46:58,  9.77s/it]\n"}
,{"stream_name":"stderr","time":4453.519328536,"data":"\r 23%|██▎       | 195/852 [1:10:35\u003c1:46:58,  9.77s/it]\r 23%|██▎       | 196/852 [1:10:42\u003c1:38:10,  8.98s/it]\r 23%|██▎       | 196/852 [1:10:42\u003c1:38:10,  8.98s/it]\n"}
,{"stream_name":"stderr","time":4460.444932248,"data":"\r 23%|██▎       | 196/852 [1:10:42\u003c1:38:10,  8.98s/it]\r 23%|██▎       | 197/852 [1:10:49\u003c1:31:17,  8.36s/it]\r 23%|██▎       | 197/852 [1:10:49\u003c1:31:17,  8.36s/it]\n"}
,{"stream_name":"stderr","time":4466.756065009,"data":"\r 23%|██▎       | 197/852 [1:10:49\u003c1:31:17,  8.36s/it]\r 23%|██▎       | 198/852 [1:10:55\u003c1:24:26,  7.75s/it]\r 23%|██▎       | 198/852 [1:10:55\u003c1:24:26,  7.75s/it]\n"}
,{"stream_name":"stderr","time":4472.81334896,"data":"\r 23%|██▎       | 198/852 [1:10:55\u003c1:24:26,  7.75s/it]\r 23%|██▎       | 199/852 [1:11:01\u003c1:18:48,  7.24s/it]\r 23%|██▎       | 199/852 [1:11:01\u003c1:18:48,  7.24s/it]\n"}
,{"stream_name":"stderr","time":4478.373166896,"data":"\r 23%|██▎       | 199/852 [1:11:01\u003c1:18:48,  7.24s/it]\r 23%|██▎       | 200/852 [1:11:07\u003c1:13:09,  6.73s/it]\r                                                     \r\r 23%|██▎       | 200/852 [1:11:07\u003c1:13:09,  6.73s/it]\r 23%|██▎       | 200/852 [1:11:07\u003c1:13:09,  6.73s/it]\r                                                     \r\r 23%|██▎       | 200/852 [1:11:07\u003c1:13:09,  6.73s/it]\n"}
,{"stream_name":"stderr","time":4479.471500103,"data":"\r 23%|██▎       | 200/852 [1:11:07\u003c1:13:09,  6.73s/it]\r                                                     \r\r 23%|██▎       | 200/852 [1:11:07\u003c1:13:09,  6.73s/it]Unsloth: Restored added_tokens_decoder metadata in outputs/run3/checkpoint-200/tokenizer_config.json.\n"}
,{"stream_name":"stderr","time":4479.674404743,"data":"Unsloth: Restored added_tokens_decoder metadata in outputs/run3/checkpoint-200/tokenizer_config.json.\n"}
,{"stream_name":"stderr","time":4479.67443552,"data":"\n"}
,{"stream_name":"stderr","time":4479.674438751,"data":"Unsloth: Restored added_tokens_decoder metadata in outputs/run3/checkpoint-200/tokenizer_config.json.\n"}
,{"stream_name":"stderr","time":4544.135313252,"data":"\r 24%|██▎       | 201/852 [1:12:12\u003c4:25:10, 24.44s/it]\r 24%|██▎       | 201/852 [1:12:12\u003c4:25:10, 24.44s/it]\n"}
,{"stream_name":"stderr","time":4596.172877986,"data":"\r 24%|██▎       | 201/852 [1:12:12\u003c4:25:10, 24.44s/it]\r 24%|██▎       | 202/852 [1:13:05\u003c5:54:28, 32.72s/it]\r 24%|██▎       | 202/852 [1:13:05\u003c5:54:28, 32.72s/it]\n"}
,{"stream_name":"stderr","time":4641.046942031,"data":"\r 24%|██▎       | 202/852 [1:13:05\u003c5:54:28, 32.72s/it]\r 24%|██▍       | 203/852 [1:13:49\u003c6:33:19, 36.36s/it]\r 24%|██▍       | 203/852 [1:13:49\u003c6:33:19, 36.36s/it]\n"}
,{"stream_name":"stderr","time":4680.769417108,"data":"\r 24%|██▍       | 203/852 [1:13:49\u003c6:33:19, 36.36s/it]\r 24%|██▍       | 204/852 [1:14:29\u003c6:43:38, 37.37s/it]\r 24%|██▍       | 204/852 [1:14:29\u003c6:43:38, 37.37s/it]\n"}
,{"stream_name":"stderr","time":4716.214289735,"data":"\r 24%|██▍       | 204/852 [1:14:29\u003c6:43:38, 37.37s/it]\r 24%|██▍       | 205/852 [1:15:05\u003c6:36:43, 36.79s/it]\r 24%|██▍       | 205/852 [1:15:05\u003c6:36:43, 36.79s/it]\n"}
,{"stream_name":"stderr","time":4748.256881943,"data":"\r 24%|██▍       | 205/852 [1:15:05\u003c6:36:43, 36.79s/it]\r 24%|██▍       | 206/852 [1:15:37\u003c6:20:48, 35.37s/it]\r 24%|██▍       | 206/852 [1:15:37\u003c6:20:48, 35.37s/it]\n"}
,{"stream_name":"stderr","time":4779.658035753,"data":"\r 24%|██▍       | 206/852 [1:15:37\u003c6:20:48, 35.37s/it]\r 24%|██▍       | 207/852 [1:16:08\u003c6:07:25, 34.18s/it]\r 24%|██▍       | 207/852 [1:16:08\u003c6:07:25, 34.18s/it]\n"}
,{"stream_name":"stderr","time":4810.057561169,"data":"\r 24%|██▍       | 207/852 [1:16:08\u003c6:07:25, 34.18s/it]\r 24%|██▍       | 208/852 [1:16:38\u003c5:54:42, 33.05s/it]\r 24%|██▍       | 208/852 [1:16:38\u003c5:54:42, 33.05s/it]\n"}
,{"stream_name":"stderr","time":4839.031101869,"data":"\r 24%|██▍       | 208/852 [1:16:38\u003c5:54:42, 33.05s/it]\r 25%|██▍       | 209/852 [1:17:07\u003c5:41:05, 31.83s/it]\r 25%|██▍       | 209/852 [1:17:07\u003c5:41:05, 31.83s/it]\n"}
,{"stream_name":"stderr","time":4865.548760826,"data":"\r 25%|██▍       | 209/852 [1:17:07\u003c5:41:05, 31.83s/it]\r 25%|██▍       | 210/852 [1:17:34\u003c5:23:26, 30.23s/it]\r                                                     \r\r 25%|██▍       | 210/852 [1:17:34\u003c5:23:26, 30.23s/it]\r 25%|██▍       | 210/852 [1:17:34\u003c5:23:26, 30.23s/it]\r                                                     \r\r 25%|██▍       | 210/852 [1:17:34\u003c5:23:26, 30.23s/it]\n"}
,{"stream_name":"stderr","time":4891.449588109,"data":"\r 25%|██▍       | 210/852 [1:17:34\u003c5:23:26, 30.23s/it]\r                                                     \r\r 25%|██▍       | 210/852 [1:17:34\u003c5:23:26, 30.23s/it]\r 25%|██▍       | 211/852 [1:18:00\u003c5:09:08, 28.94s/it]\r 25%|██▍       | 211/852 [1:18:00\u003c5:09:08, 28.94s/it]\n"}
,{"stream_name":"stderr","time":4916.913236158,"data":"\r 25%|██▍       | 211/852 [1:18:00\u003c5:09:08, 28.94s/it]\r 25%|██▍       | 212/852 [1:18:25\u003c4:57:30, 27.89s/it]\r 25%|██▍       | 212/852 [1:18:25\u003c4:57:30, 27.89s/it]\n"}
,{"stream_name":"stderr","time":4942.892987461,"data":"\r 25%|██▍       | 212/852 [1:18:25\u003c4:57:30, 27.89s/it]\r 25%|██▌       | 213/852 [1:18:51\u003c4:50:58, 27.32s/it]\r 25%|██▌       | 213/852 [1:18:51\u003c4:50:58, 27.32s/it]\n"}
,{"stream_name":"stderr","time":4967.828446274,"data":"\r 25%|██▌       | 213/852 [1:18:51\u003c4:50:58, 27.32s/it]\r 25%|██▌       | 214/852 [1:19:16\u003c4:42:52, 26.60s/it]\r 25%|██▌       | 214/852 [1:19:16\u003c4:42:52, 26.60s/it]\n"}
,{"stream_name":"stderr","time":4992.367769175,"data":"\r 25%|██▌       | 214/852 [1:19:16\u003c4:42:52, 26.60s/it]\r 25%|██▌       | 215/852 [1:19:41\u003c4:35:53, 25.99s/it]\r 25%|██▌       | 215/852 [1:19:41\u003c4:35:53, 25.99s/it]\n"}
,{"stream_name":"stderr","time":5016.447328681,"data":"\r 25%|██▌       | 215/852 [1:19:41\u003c4:35:53, 25.99s/it]\r 25%|██▌       | 216/852 [1:20:05\u003c4:29:21, 25.41s/it]\r 25%|██▌       | 216/852 [1:20:05\u003c4:29:21, 25.41s/it]\n"}
,{"stream_name":"stderr","time":5039.728355603,"data":"\r 25%|██▌       | 216/852 [1:20:05\u003c4:29:21, 25.41s/it]\r 25%|██▌       | 217/852 [1:20:28\u003c4:22:12, 24.78s/it]\r 25%|██▌       | 217/852 [1:20:28\u003c4:22:12, 24.78s/it]\n"}
,{"stream_name":"stderr","time":5062.808763582,"data":"\r 25%|██▌       | 217/852 [1:20:28\u003c4:22:12, 24.78s/it]\r 26%|██▌       | 218/852 [1:20:51\u003c4:16:21, 24.26s/it]\r 26%|██▌       | 218/852 [1:20:51\u003c4:16:21, 24.26s/it]\n"}
,{"stream_name":"stderr","time":5085.604877265,"data":"\r 26%|██▌       | 218/852 [1:20:51\u003c4:16:21, 24.26s/it]\r 26%|██▌       | 219/852 [1:21:14\u003c4:11:22, 23.83s/it]\r 26%|██▌       | 219/852 [1:21:14\u003c4:11:22, 23.83s/it]\n"}
,{"stream_name":"stderr","time":5106.629795624,"data":"\r 26%|██▌       | 219/852 [1:21:14\u003c4:11:22, 23.83s/it]\r 26%|██▌       | 220/852 [1:21:35\u003c4:02:05, 22.98s/it]\r                                                     \r\r 26%|██▌       | 220/852 [1:21:35\u003c4:02:05, 22.98s/it]\r 26%|██▌       | 220/852 [1:21:35\u003c4:02:05, 22.98s/it]\r                                                     \r\r 26%|██▌       | 220/852 [1:21:35\u003c4:02:05, 22.98s/it]\n"}
,{"stream_name":"stderr","time":5126.830581232,"data":"\r 26%|██▌       | 220/852 [1:21:35\u003c4:02:05, 22.98s/it]\r                                                     \r\r 26%|██▌       | 220/852 [1:21:35\u003c4:02:05, 22.98s/it]\r 26%|██▌       | 221/852 [1:21:55\u003c3:52:58, 22.15s/it]\r 26%|██▌       | 221/852 [1:21:55\u003c3:52:58, 22.15s/it]\n"}
,{"stream_name":"stderr","time":5147.15857414,"data":"\r 26%|██▌       | 221/852 [1:21:55\u003c3:52:58, 22.15s/it]\r 26%|██▌       | 222/852 [1:22:15\u003c3:46:48, 21.60s/it]\r 26%|██▌       | 222/852 [1:22:15\u003c3:46:48, 21.60s/it]\n"}
,{"stream_name":"stderr","time":5167.465520863,"data":"\r 26%|██▌       | 222/852 [1:22:15\u003c3:46:48, 21.60s/it]\r 26%|██▌       | 223/852 [1:22:36\u003c3:42:25, 21.22s/it]\r 26%|██▌       | 223/852 [1:22:36\u003c3:42:25, 21.22s/it]\n"}
,{"stream_name":"stderr","time":5187.538990043,"data":"\r 26%|██▌       | 223/852 [1:22:36\u003c3:42:25, 21.22s/it]\r 26%|██▋       | 224/852 [1:22:56\u003c3:38:26, 20.87s/it]\r 26%|██▋       | 224/852 [1:22:56\u003c3:38:26, 20.87s/it]\n"}
,{"stream_name":"stderr","time":5207.190620598,"data":"\r 26%|██▋       | 224/852 [1:22:56\u003c3:38:26, 20.87s/it]\r 26%|██▋       | 225/852 [1:23:16\u003c3:34:18, 20.51s/it]\r 26%|██▋       | 225/852 [1:23:16\u003c3:34:18, 20.51s/it]\n"}
,{"stream_name":"stderr","time":5226.66915838,"data":"\r 26%|██▋       | 225/852 [1:23:16\u003c3:34:18, 20.51s/it]\r 27%|██▋       | 226/852 [1:23:35\u003c3:30:42, 20.20s/it]\r 27%|██▋       | 226/852 [1:23:35\u003c3:30:42, 20.20s/it]\n"}
,{"stream_name":"stderr","time":5245.988737917,"data":"\r 27%|██▋       | 226/852 [1:23:35\u003c3:30:42, 20.20s/it]\r 27%|██▋       | 227/852 [1:23:54\u003c3:27:40, 19.94s/it]\r 27%|██▋       | 227/852 [1:23:54\u003c3:27:40, 19.94s/it]\n"}
,{"stream_name":"stderr","time":5264.765296008,"data":"\r 27%|██▋       | 227/852 [1:23:54\u003c3:27:40, 19.94s/it]\r 27%|██▋       | 228/852 [1:24:13\u003c3:23:40, 19.58s/it]\r 27%|██▋       | 228/852 [1:24:13\u003c3:23:40, 19.58s/it]\n"}
,{"stream_name":"stderr","time":5282.972611227,"data":"\r 27%|██▋       | 228/852 [1:24:13\u003c3:23:40, 19.58s/it]\r 27%|██▋       | 229/852 [1:24:31\u003c3:19:06, 19.18s/it]\r 27%|██▋       | 229/852 [1:24:31\u003c3:19:06, 19.18s/it]\n"}
,{"stream_name":"stderr","time":5300.949362737,"data":"\r 27%|██▋       | 229/852 [1:24:31\u003c3:19:06, 19.18s/it]\r 27%|██▋       | 230/852 [1:24:49\u003c3:15:00, 18.81s/it]\r                                                     \r\r 27%|██▋       | 230/852 [1:24:49\u003c3:15:00, 18.81s/it]\r 27%|██▋       | 230/852 [1:24:49\u003c3:15:00, 18.81s/it]\r                                                     \r\r 27%|██▋       | 230/852 [1:24:49\u003c3:15:00, 18.81s/it]\n"}
,{"stream_name":"stderr","time":5318.668589482,"data":"\r 27%|██▋       | 230/852 [1:24:49\u003c3:15:00, 18.81s/it]\r                                                     \r\r 27%|██▋       | 230/852 [1:24:49\u003c3:15:00, 18.81s/it]\r 27%|██▋       | 231/852 [1:25:07\u003c3:11:21, 18.49s/it]\r 27%|██▋       | 231/852 [1:25:07\u003c3:11:21, 18.49s/it]\n"}
,{"stream_name":"stderr","time":5336.205263869,"data":"\r 27%|██▋       | 231/852 [1:25:07\u003c3:11:21, 18.49s/it]\r 27%|██▋       | 232/852 [1:25:25\u003c3:08:03, 18.20s/it]\r 27%|██▋       | 232/852 [1:25:25\u003c3:08:03, 18.20s/it]\n"}
,{"stream_name":"stderr","time":5352.469848189,"data":"\r 27%|██▋       | 232/852 [1:25:25\u003c3:08:03, 18.20s/it]\r 27%|██▋       | 233/852 [1:25:41\u003c3:01:48, 17.62s/it]\r 27%|██▋       | 233/852 [1:25:41\u003c3:01:48, 17.62s/it]\n"}
,{"stream_name":"stderr","time":5368.586949992,"data":"\r 27%|██▋       | 233/852 [1:25:41\u003c3:01:48, 17.62s/it]\r 27%|██▋       | 234/852 [1:25:57\u003c2:56:49, 17.17s/it]\r 27%|██▋       | 234/852 [1:25:57\u003c2:56:49, 17.17s/it]\n"}
,{"stream_name":"stderr","time":5384.440548894,"data":"\r 27%|██▋       | 234/852 [1:25:57\u003c2:56:49, 17.17s/it]\r 28%|██▊       | 235/852 [1:26:13\u003c2:52:31, 16.78s/it]\r 28%|██▊       | 235/852 [1:26:13\u003c2:52:31, 16.78s/it]\n"}
,{"stream_name":"stderr","time":5400.12684376,"data":"\r 28%|██▊       | 235/852 [1:26:13\u003c2:52:31, 16.78s/it]\r 28%|██▊       | 236/852 [1:26:28\u003c2:48:48, 16.44s/it]\r 28%|██▊       | 236/852 [1:26:28\u003c2:48:48, 16.44s/it]\n"}
,{"stream_name":"stderr","time":5414.110960309,"data":"\r 28%|██▊       | 236/852 [1:26:28\u003c2:48:48, 16.44s/it]\r 28%|██▊       | 237/852 [1:26:42\u003c2:41:02, 15.71s/it]\r 28%|██▊       | 237/852 [1:26:42\u003c2:41:02, 15.71s/it]\n"}
,{"stream_name":"stderr","time":5427.397579437,"data":"\r 28%|██▊       | 237/852 [1:26:42\u003c2:41:02, 15.71s/it]\r 28%|██▊       | 238/852 [1:26:56\u003c2:33:20, 14.98s/it]\r 28%|██▊       | 238/852 [1:26:56\u003c2:33:20, 14.98s/it]\n"}
,{"stream_name":"stderr","time":5440.629602529,"data":"\r 28%|██▊       | 238/852 [1:26:56\u003c2:33:20, 14.98s/it]\r 28%|██▊       | 239/852 [1:27:09\u003c2:27:38, 14.45s/it]\r 28%|██▊       | 239/852 [1:27:09\u003c2:27:38, 14.45s/it]\n"}
,{"stream_name":"stderr","time":5453.436695274,"data":"\r 28%|██▊       | 239/852 [1:27:09\u003c2:27:38, 14.45s/it]\r 28%|██▊       | 240/852 [1:27:22\u003c2:22:26, 13.96s/it]\r                                                     \r\r 28%|██▊       | 240/852 [1:27:22\u003c2:22:26, 13.96s/it]\r 28%|██▊       | 240/852 [1:27:22\u003c2:22:26, 13.96s/it]\r                                                     \r\r 28%|██▊       | 240/852 [1:27:22\u003c2:22:26, 13.96s/it]\n"}
,{"stream_name":"stderr","time":5465.305437365,"data":"\r 28%|██▊       | 240/852 [1:27:22\u003c2:22:26, 13.96s/it]\r                                                     \r\r 28%|██▊       | 240/852 [1:27:22\u003c2:22:26, 13.96s/it]\r 28%|██▊       | 241/852 [1:27:34\u003c2:15:48, 13.34s/it]\r 28%|██▊       | 241/852 [1:27:34\u003c2:15:48, 13.34s/it]\n"}
,{"stream_name":"stderr","time":5475.862376019,"data":"\r 28%|██▊       | 241/852 [1:27:34\u003c2:15:48, 13.34s/it]\r 28%|██▊       | 242/852 [1:27:44\u003c2:07:03, 12.50s/it]\r 28%|██▊       | 242/852 [1:27:44\u003c2:07:03, 12.50s/it]\n"}
,{"stream_name":"stderr","time":5485.052646833,"data":"\r 28%|██▊       | 242/852 [1:27:44\u003c2:07:03, 12.50s/it]\r 29%|██▊       | 243/852 [1:27:53\u003c1:56:49, 11.51s/it]\r 29%|██▊       | 243/852 [1:27:53\u003c1:56:49, 11.51s/it]\n"}
,{"stream_name":"stderr","time":5493.43972953,"data":"\r 29%|██▊       | 243/852 [1:27:53\u003c1:56:49, 11.51s/it]\r 29%|██▊       | 244/852 [1:28:02\u003c1:47:08, 10.57s/it]\r 29%|██▊       | 244/852 [1:28:02\u003c1:47:08, 10.57s/it]\n"}
,{"stream_name":"stderr","time":5500.693171061,"data":"\r 29%|██▊       | 244/852 [1:28:02\u003c1:47:08, 10.57s/it]\r 29%|██▉       | 245/852 [1:28:09\u003c1:36:53,  9.58s/it]\r 29%|██▉       | 245/852 [1:28:09\u003c1:36:53,  9.58s/it]\n"}
,{"stream_name":"stderr","time":5507.765012879,"data":"\r 29%|██▉       | 245/852 [1:28:09\u003c1:36:53,  9.58s/it]\r 29%|██▉       | 246/852 [1:28:16\u003c1:29:04,  8.82s/it]\r 29%|██▉       | 246/852 [1:28:16\u003c1:29:04,  8.82s/it]\n"}
,{"stream_name":"stderr","time":5514.591111543,"data":"\r 29%|██▉       | 246/852 [1:28:16\u003c1:29:04,  8.82s/it]\r 29%|██▉       | 247/852 [1:28:23\u003c1:22:57,  8.23s/it]\r 29%|██▉       | 247/852 [1:28:23\u003c1:22:57,  8.23s/it]\n"}
,{"stream_name":"stderr","time":5520.917964257,"data":"\r 29%|██▉       | 247/852 [1:28:23\u003c1:22:57,  8.23s/it]\r 29%|██▉       | 248/852 [1:28:29\u003c1:17:05,  7.66s/it]\r 29%|██▉       | 248/852 [1:28:29\u003c1:17:05,  7.66s/it]\n"}
,{"stream_name":"stderr","time":5527.015256719,"data":"\r 29%|██▉       | 248/852 [1:28:29\u003c1:17:05,  7.66s/it]\r 29%|██▉       | 249/852 [1:28:35\u003c1:12:15,  7.19s/it]\r 29%|██▉       | 249/852 [1:28:35\u003c1:12:15,  7.19s/it]\n"}
,{"stream_name":"stderr","time":5532.304587613,"data":"\r 29%|██▉       | 249/852 [1:28:35\u003c1:12:15,  7.19s/it]\r 29%|██▉       | 250/852 [1:28:41\u003c1:06:24,  6.62s/it]\r                                                     \r\r 29%|██▉       | 250/852 [1:28:41\u003c1:06:24,  6.62s/it]\r 29%|██▉       | 250/852 [1:28:41\u003c1:06:24,  6.62s/it]\r                                                     \r\r 29%|██▉       | 250/852 [1:28:41\u003c1:06:24,  6.62s/it]\n"}
,{"stream_name":"stderr","time":5594.330349862,"data":"\r 29%|██▉       | 250/852 [1:28:41\u003c1:06:24,  6.62s/it]\r                                                     \r\r 29%|██▉       | 250/852 [1:28:41\u003c1:06:24,  6.62s/it]\r 29%|██▉       | 251/852 [1:29:43\u003c3:52:45, 23.24s/it]\r 29%|██▉       | 251/852 [1:29:43\u003c3:52:45, 23.24s/it]\n"}
,{"stream_name":"stderr","time":5645.276867898,"data":"\r 29%|██▉       | 251/852 [1:29:43\u003c3:52:45, 23.24s/it]\r 30%|██▉       | 252/852 [1:30:34\u003c5:15:28, 31.55s/it]\r 30%|██▉       | 252/852 [1:30:34\u003c5:15:28, 31.55s/it]\n"}
,{"stream_name":"stderr","time":5693.100265583,"data":"\r 30%|██▉       | 252/852 [1:30:34\u003c5:15:28, 31.55s/it]\r 30%|██▉       | 253/852 [1:31:21\u003c6:03:42, 36.43s/it]\r 30%|██▉       | 253/852 [1:31:21\u003c6:03:42, 36.43s/it]\n"}
,{"stream_name":"stderr","time":5735.106001734,"data":"\r 30%|██▉       | 253/852 [1:31:21\u003c6:03:42, 36.43s/it]\r 30%|██▉       | 254/852 [1:32:03\u003c6:19:46, 38.11s/it]\r 30%|██▉       | 254/852 [1:32:03\u003c6:19:46, 38.11s/it]\n"}
,{"stream_name":"stderr","time":5772.63206042,"data":"\r 30%|██▉       | 254/852 [1:32:03\u003c6:19:46, 38.11s/it]\r 30%|██▉       | 255/852 [1:32:41\u003c6:17:25, 37.93s/it]\r 30%|██▉       | 255/852 [1:32:41\u003c6:17:25, 37.93s/it]\n"}
,{"stream_name":"stderr","time":5805.958387281,"data":"\r 30%|██▉       | 255/852 [1:32:41\u003c6:17:25, 37.93s/it]\r 30%|███       | 256/852 [1:33:14\u003c6:03:03, 36.55s/it]\r 30%|███       | 256/852 [1:33:14\u003c6:03:03, 36.55s/it]\n"}
,{"stream_name":"stderr","time":5837.625051932,"data":"\r 30%|███       | 256/852 [1:33:14\u003c6:03:03, 36.55s/it]\r 30%|███       | 257/852 [1:33:46\u003c5:47:55, 35.08s/it]\r 30%|███       | 257/852 [1:33:46\u003c5:47:55, 35.08s/it]\n"}
,{"stream_name":"stderr","time":5868.301127183,"data":"\r 30%|███       | 257/852 [1:33:46\u003c5:47:55, 35.08s/it]\r 30%|███       | 258/852 [1:34:17\u003c5:34:12, 33.76s/it]\r 30%|███       | 258/852 [1:34:17\u003c5:34:12, 33.76s/it]\n"}
,{"stream_name":"stderr","time":5896.342961396,"data":"\r 30%|███       | 258/852 [1:34:17\u003c5:34:12, 33.76s/it]\r 30%|███       | 259/852 [1:34:45\u003c5:16:46, 32.05s/it]\r 30%|███       | 259/852 [1:34:45\u003c5:16:46, 32.05s/it]\n"}
,{"stream_name":"stderr","time":5922.786442839,"data":"\r 30%|███       | 259/852 [1:34:45\u003c5:16:46, 32.05s/it]\r 31%|███       | 260/852 [1:35:11\u003c4:59:34, 30.36s/it]\r                                                     \r\r 31%|███       | 260/852 [1:35:11\u003c4:59:34, 30.36s/it]\r 31%|███       | 260/852 [1:35:11\u003c4:59:34, 30.36s/it]\r                                                     \r\r 31%|███       | 260/852 [1:35:11\u003c4:59:34, 30.36s/it]\n"}
,{"stream_name":"stderr","time":5948.597580744,"data":"\r 31%|███       | 260/852 [1:35:11\u003c4:59:34, 30.36s/it]\r                                                     \r\r 31%|███       | 260/852 [1:35:11\u003c4:59:34, 30.36s/it]\r 31%|███       | 261/852 [1:35:37\u003c4:45:40, 29.00s/it]\r 31%|███       | 261/852 [1:35:37\u003c4:45:40, 29.00s/it]\n"}
,{"stream_name":"stderr","time":5974.089153989,"data":"\r 31%|███       | 261/852 [1:35:37\u003c4:45:40, 29.00s/it]\r 31%|███       | 262/852 [1:36:02\u003c4:34:48, 27.95s/it]\r 31%|███       | 262/852 [1:36:02\u003c4:34:48, 27.95s/it]\n"}
,{"stream_name":"stderr","time":6000.088604113,"data":"\r 31%|███       | 262/852 [1:36:02\u003c4:34:48, 27.95s/it]\r 31%|███       | 263/852 [1:36:28\u003c4:28:38, 27.37s/it]\r 31%|███       | 263/852 [1:36:28\u003c4:28:38, 27.37s/it]\n"}
,{"stream_name":"stderr","time":6024.813130125,"data":"\r 31%|███       | 263/852 [1:36:28\u003c4:28:38, 27.37s/it]\r 31%|███       | 264/852 [1:36:53\u003c4:20:22, 26.57s/it]\r 31%|███       | 264/852 [1:36:53\u003c4:20:22, 26.57s/it]\n"}
,{"stream_name":"stderr","time":6049.114296175,"data":"\r 31%|███       | 264/852 [1:36:53\u003c4:20:22, 26.57s/it]\r 31%|███       | 265/852 [1:37:17\u003c4:13:19, 25.89s/it]\r 31%|███       | 265/852 [1:37:17\u003c4:13:19, 25.89s/it]\n"}
,{"stream_name":"stderr","time":6072.679959997,"data":"\r 31%|███       | 265/852 [1:37:17\u003c4:13:19, 25.89s/it]\r 31%|███       | 266/852 [1:37:41\u003c4:06:01, 25.19s/it]\r 31%|███       | 266/852 [1:37:41\u003c4:06:01, 25.19s/it]\n"}
,{"stream_name":"stderr","time":6095.842210049,"data":"\r 31%|███       | 266/852 [1:37:41\u003c4:06:01, 25.19s/it]\r 31%|███▏      | 267/852 [1:38:04\u003c3:59:42, 24.59s/it]\r 31%|███▏      | 267/852 [1:38:04\u003c3:59:42, 24.59s/it]\n"}
,{"stream_name":"stderr","time":6118.890777202,"data":"\r 31%|███▏      | 267/852 [1:38:04\u003c3:59:42, 24.59s/it]\r 31%|███▏      | 268/852 [1:38:27\u003c3:54:46, 24.12s/it]\r 31%|███▏      | 268/852 [1:38:27\u003c3:54:46, 24.12s/it]\n"}
,{"stream_name":"stderr","time":6141.699854312,"data":"\r 31%|███▏      | 268/852 [1:38:27\u003c3:54:46, 24.12s/it]\r 32%|███▏      | 269/852 [1:38:50\u003c3:50:35, 23.73s/it]\r 32%|███▏      | 269/852 [1:38:50\u003c3:50:35, 23.73s/it]\n"}
,{"stream_name":"stderr","time":6162.48823833,"data":"\r 32%|███▏      | 269/852 [1:38:50\u003c3:50:35, 23.73s/it]\r 32%|███▏      | 270/852 [1:39:11\u003c3:41:34, 22.84s/it]\r                                                     \r\r 32%|███▏      | 270/852 [1:39:11\u003c3:41:34, 22.84s/it]\r 32%|███▏      | 270/852 [1:39:11\u003c3:41:34, 22.84s/it]\r                                                     \r\r 32%|███▏      | 270/852 [1:39:11\u003c3:41:34, 22.84s/it]\n"}
,{"stream_name":"stderr","time":6182.765699105,"data":"\r 32%|███▏      | 270/852 [1:39:11\u003c3:41:34, 22.84s/it]\r                                                     \r\r 32%|███▏      | 270/852 [1:39:11\u003c3:41:34, 22.84s/it]\r 32%|███▏      | 271/852 [1:39:31\u003c3:33:47, 22.08s/it]\r 32%|███▏      | 271/852 [1:39:31\u003c3:33:47, 22.08s/it]\n"}
,{"stream_name":"stderr","time":6203.033961232,"data":"\r 32%|███▏      | 271/852 [1:39:31\u003c3:33:47, 22.08s/it]\r 32%|███▏      | 272/852 [1:39:51\u003c3:28:06, 21.53s/it]\r 32%|███▏      | 272/852 [1:39:51\u003c3:28:06, 21.53s/it]\n"}
,{"stream_name":"stderr","time":6223.407457888,"data":"\r 32%|███▏      | 272/852 [1:39:51\u003c3:28:06, 21.53s/it]\r 32%|███▏      | 273/852 [1:40:12\u003c3:24:28, 21.19s/it]\r 32%|███▏      | 273/852 [1:40:12\u003c3:24:28, 21.19s/it]\n"}
,{"stream_name":"stderr","time":6243.357616067,"data":"\r 32%|███▏      | 273/852 [1:40:12\u003c3:24:28, 21.19s/it]\r 32%|███▏      | 274/852 [1:40:32\u003c3:20:29, 20.81s/it]\r 32%|███▏      | 274/852 [1:40:32\u003c3:20:29, 20.81s/it]\n"}
,{"stream_name":"stderr","time":6262.854616905,"data":"\r 32%|███▏      | 274/852 [1:40:32\u003c3:20:29, 20.81s/it]\r 32%|███▏      | 275/852 [1:40:51\u003c3:16:24, 20.42s/it]\r 32%|███▏      | 275/852 [1:40:51\u003c3:16:24, 20.42s/it]\n"}
,{"stream_name":"stderr","time":6282.26937432,"data":"\r 32%|███▏      | 275/852 [1:40:51\u003c3:16:24, 20.42s/it]\r 32%|███▏      | 276/852 [1:41:11\u003c3:13:07, 20.12s/it]\r 32%|███▏      | 276/852 [1:41:11\u003c3:13:07, 20.12s/it]\n"}
,{"stream_name":"stderr","time":6301.111642513,"data":"\r 32%|███▏      | 276/852 [1:41:11\u003c3:13:07, 20.12s/it]\r 33%|███▎      | 277/852 [1:41:29\u003c3:09:09, 19.74s/it]\r 33%|███▎      | 277/852 [1:41:29\u003c3:09:09, 19.74s/it]\n"}
,{"stream_name":"stderr","time":6319.434209259,"data":"\r 33%|███▎      | 277/852 [1:41:29\u003c3:09:09, 19.74s/it]\r 33%|███▎      | 278/852 [1:41:48\u003c3:04:43, 19.31s/it]\r 33%|███▎      | 278/852 [1:41:48\u003c3:04:43, 19.31s/it]\n"}
,{"stream_name":"stderr","time":6337.452757756,"data":"\r 33%|███▎      | 278/852 [1:41:48\u003c3:04:43, 19.31s/it]\r 33%|███▎      | 279/852 [1:42:06\u003c3:00:44, 18.93s/it]\r 33%|███▎      | 279/852 [1:42:06\u003c3:00:44, 18.93s/it]\n"}
,{"stream_name":"stderr","time":6355.362604494,"data":"\r 33%|███▎      | 279/852 [1:42:06\u003c3:00:44, 18.93s/it]\r 33%|███▎      | 280/852 [1:42:24\u003c2:57:29, 18.62s/it]\r                                                     \r\r 33%|███▎      | 280/852 [1:42:24\u003c2:57:29, 18.62s/it]\r 33%|███▎      | 280/852 [1:42:24\u003c2:57:29, 18.62s/it]\r                                                     \r\r 33%|███▎      | 280/852 [1:42:24\u003c2:57:29, 18.62s/it]\n"}
,{"stream_name":"stderr","time":6373.120245784,"data":"\r 33%|███▎      | 280/852 [1:42:24\u003c2:57:29, 18.62s/it]\r                                                     \r\r 33%|███▎      | 280/852 [1:42:24\u003c2:57:29, 18.62s/it]\r 33%|███▎      | 281/852 [1:42:41\u003c2:54:45, 18.36s/it]\r 33%|███▎      | 281/852 [1:42:41\u003c2:54:45, 18.36s/it]\n"}
,{"stream_name":"stderr","time":6390.61060038,"data":"\r 33%|███▎      | 281/852 [1:42:41\u003c2:54:45, 18.36s/it]\r 33%|███▎      | 282/852 [1:42:59\u003c2:51:54, 18.10s/it]\r 33%|███▎      | 282/852 [1:42:59\u003c2:51:54, 18.10s/it]\n"}
,{"stream_name":"stderr","time":6406.764360743,"data":"\r 33%|███▎      | 282/852 [1:42:59\u003c2:51:54, 18.10s/it]\r 33%|███▎      | 283/852 [1:43:15\u003c2:46:08, 17.52s/it]\r 33%|███▎      | 283/852 [1:43:15\u003c2:46:08, 17.52s/it]\n"}
,{"stream_name":"stderr","time":6422.672842158,"data":"\r 33%|███▎      | 283/852 [1:43:15\u003c2:46:08, 17.52s/it]\r 33%|███▎      | 284/852 [1:43:31\u003c2:41:14, 17.03s/it]\r 33%|███▎      | 284/852 [1:43:31\u003c2:41:14, 17.03s/it]\n"}
,{"stream_name":"stderr","time":6438.329829922,"data":"\r 33%|███▎      | 284/852 [1:43:31\u003c2:41:14, 17.03s/it]\r 33%|███▎      | 285/852 [1:43:47\u003c2:37:05, 16.62s/it]\r 33%|███▎      | 285/852 [1:43:47\u003c2:37:05, 16.62s/it]\n"}
,{"stream_name":"stderr","time":6453.091496722,"data":"\r 33%|███▎      | 285/852 [1:43:47\u003c2:37:05, 16.62s/it]\r 34%|███▎      | 286/852 [1:44:01\u003c2:31:30, 16.06s/it]\r 34%|███▎      | 286/852 [1:44:01\u003c2:31:30, 16.06s/it]\n"}
,{"stream_name":"stderr","time":6466.332467551,"data":"\r 34%|███▎      | 286/852 [1:44:01\u003c2:31:30, 16.06s/it]\r 34%|███▎      | 287/852 [1:44:15\u003c2:23:18, 15.22s/it]\r 34%|███▎      | 287/852 [1:44:15\u003c2:23:18, 15.22s/it]\n"}
,{"stream_name":"stderr","time":6479.467369017,"data":"\r 34%|███▎      | 287/852 [1:44:15\u003c2:23:18, 15.22s/it]\r 34%|███▍      | 288/852 [1:44:28\u003c2:17:10, 14.59s/it]\r 34%|███▍      | 288/852 [1:44:28\u003c2:17:10, 14.59s/it]\n"}
,{"stream_name":"stderr","time":6492.437792863,"data":"\r 34%|███▍      | 288/852 [1:44:28\u003c2:17:10, 14.59s/it]\r 34%|███▍      | 289/852 [1:44:41\u003c2:12:19, 14.10s/it]\r 34%|███▍      | 289/852 [1:44:41\u003c2:12:19, 14.10s/it]\n"}
,{"stream_name":"stderr","time":6504.86531469,"data":"\r 34%|███▍      | 289/852 [1:44:41\u003c2:12:19, 14.10s/it]\r 34%|███▍      | 290/852 [1:44:53\u003c2:07:25, 13.60s/it]\r                                                     \r\r 34%|███▍      | 290/852 [1:44:53\u003c2:07:25, 13.60s/it]\r 34%|███▍      | 290/852 [1:44:53\u003c2:07:25, 13.60s/it]\r                                                     \r\r 34%|███▍      | 290/852 [1:44:53\u003c2:07:25, 13.60s/it]\n"}
,{"stream_name":"stderr","time":6516.044705352,"data":"\r 34%|███▍      | 290/852 [1:44:53\u003c2:07:25, 13.60s/it]\r                                                     \r\r 34%|███▍      | 290/852 [1:44:53\u003c2:07:25, 13.60s/it]\r 34%|███▍      | 291/852 [1:45:04\u003c2:00:23, 12.88s/it]\r 34%|███▍      | 291/852 [1:45:04\u003c2:00:23, 12.88s/it]\n"}
,{"stream_name":"stderr","time":6526.812025861,"data":"\r 34%|███▍      | 291/852 [1:45:04\u003c2:00:23, 12.88s/it]\r 34%|███▍      | 292/852 [1:45:15\u003c1:54:14, 12.24s/it]\r 34%|███▍      | 292/852 [1:45:15\u003c1:54:14, 12.24s/it]\n"}
,{"stream_name":"stderr","time":6535.872834074,"data":"\r 34%|███▍      | 292/852 [1:45:15\u003c1:54:14, 12.24s/it]\r 34%|███▍      | 293/852 [1:45:24\u003c1:45:11, 11.29s/it]\r 34%|███▍      | 293/852 [1:45:24\u003c1:45:11, 11.29s/it]\n"}
,{"stream_name":"stderr","time":6543.81685099,"data":"\r 34%|███▍      | 293/852 [1:45:24\u003c1:45:11, 11.29s/it]\r 35%|███▍      | 294/852 [1:45:32\u003c1:35:39, 10.29s/it]\r 35%|███▍      | 294/852 [1:45:32\u003c1:35:39, 10.29s/it]\n"}
,{"stream_name":"stderr","time":6551.039071708,"data":"\r 35%|███▍      | 294/852 [1:45:32\u003c1:35:39, 10.29s/it]\r 35%|███▍      | 295/852 [1:45:39\u003c1:26:57,  9.37s/it]\r 35%|███▍      | 295/852 [1:45:39\u003c1:26:57,  9.37s/it]\n"}
,{"stream_name":"stderr","time":6558.008808641,"data":"\r 35%|███▍      | 295/852 [1:45:39\u003c1:26:57,  9.37s/it]\r 35%|███▍      | 296/852 [1:45:46\u003c1:20:05,  8.64s/it]\r 35%|███▍      | 296/852 [1:45:46\u003c1:20:05,  8.64s/it]\n"}
,{"stream_name":"stderr","time":6564.743993959,"data":"\r 35%|███▍      | 296/852 [1:45:46\u003c1:20:05,  8.64s/it]\r 35%|███▍      | 297/852 [1:45:53\u003c1:14:41,  8.08s/it]\r 35%|███▍      | 297/852 [1:45:53\u003c1:14:41,  8.08s/it]\n"}
,{"stream_name":"stderr","time":6570.965713032,"data":"\r 35%|███▍      | 297/852 [1:45:53\u003c1:14:41,  8.08s/it]\r 35%|███▍      | 298/852 [1:45:59\u003c1:09:25,  7.52s/it]\r 35%|███▍      | 298/852 [1:45:59\u003c1:09:25,  7.52s/it]\n"}
,{"stream_name":"stderr","time":6576.946482126,"data":"\r 35%|███▍      | 298/852 [1:45:59\u003c1:09:25,  7.52s/it]\r 35%|███▌      | 299/852 [1:46:05\u003c1:05:02,  7.06s/it]\r 35%|███▌      | 299/852 [1:46:05\u003c1:05:02,  7.06s/it]\n"}
,{"stream_name":"stderr","time":6582.585896473,"data":"\r 35%|███▌      | 299/852 [1:46:05\u003c1:05:02,  7.06s/it]\r 35%|███▌      | 300/852 [1:46:11\u003c1:01:00,  6.63s/it]\r                                                     \r\r 35%|███▌      | 300/852 [1:46:11\u003c1:01:00,  6.63s/it]\r 35%|███▌      | 300/852 [1:46:11\u003c1:01:00,  6.63s/it]\r                                                     \r\r 35%|███▌      | 300/852 [1:46:11\u003c1:01:00,  6.63s/it]\n"}
,{"stream_name":"stderr","time":6647.169528999,"data":"\r 35%|███▌      | 300/852 [1:46:11\u003c1:01:00,  6.63s/it]\r                                                     \r\r 35%|███▌      | 300/852 [1:46:11\u003c1:01:00,  6.63s/it]\r 35%|███▌      | 301/852 [1:47:16\u003c3:40:30, 24.01s/it]\r 35%|███▌      | 301/852 [1:47:16\u003c3:40:30, 24.01s/it]\n"}
,{"stream_name":"stderr","time":6698.686818375,"data":"\r 35%|███▌      | 301/852 [1:47:16\u003c3:40:30, 24.01s/it]\r 35%|███▌      | 302/852 [1:48:07\u003c4:55:45, 32.26s/it]\r 35%|███▌      | 302/852 [1:48:07\u003c4:55:45, 32.26s/it]\n"}
,{"stream_name":"stderr","time":6746.084804794,"data":"\r 35%|███▌      | 302/852 [1:48:07\u003c4:55:45, 32.26s/it]\r 36%|███▌      | 303/852 [1:48:54\u003c5:36:45, 36.80s/it]\r 36%|███▌      | 303/852 [1:48:54\u003c5:36:45, 36.80s/it]\n"}
,{"stream_name":"stderr","time":6787.651941866,"data":"\r 36%|███▌      | 303/852 [1:48:54\u003c5:36:45, 36.80s/it]\r 36%|███▌      | 304/852 [1:49:36\u003c5:49:12, 38.23s/it]\r 36%|███▌      | 304/852 [1:49:36\u003c5:49:12, 38.23s/it]\n"}
,{"stream_name":"stderr","time":6825.678801538,"data":"\r 36%|███▌      | 304/852 [1:49:36\u003c5:49:12, 38.23s/it]\r 36%|███▌      | 305/852 [1:50:14\u003c5:47:59, 38.17s/it]\r 36%|███▌      | 305/852 [1:50:14\u003c5:47:59, 38.17s/it]\n"}
,{"stream_name":"stderr","time":6860.262986262,"data":"\r 36%|███▌      | 305/852 [1:50:14\u003c5:47:59, 38.17s/it]\r 36%|███▌      | 306/852 [1:50:49\u003c5:37:34, 37.10s/it]\r 36%|███▌      | 306/852 [1:50:49\u003c5:37:34, 37.10s/it]\n"}
,{"stream_name":"stderr","time":6892.086331784,"data":"\r 36%|███▌      | 306/852 [1:50:49\u003c5:37:34, 37.10s/it]\r 36%|███▌      | 307/852 [1:51:20\u003c5:22:34, 35.51s/it]\r 36%|███▌      | 307/852 [1:51:20\u003c5:22:34, 35.51s/it]\n"}
,{"stream_name":"stderr","time":6922.607958008,"data":"\r 36%|███▌      | 307/852 [1:51:20\u003c5:22:34, 35.51s/it]\r 36%|███▌      | 308/852 [1:51:51\u003c5:08:24, 34.02s/it]\r 36%|███▌      | 308/852 [1:51:51\u003c5:08:24, 34.02s/it]\n"}
,{"stream_name":"stderr","time":6952.171365755,"data":"\r 36%|███▌      | 308/852 [1:51:51\u003c5:08:24, 34.02s/it]\r 36%|███▋      | 309/852 [1:52:21\u003c4:55:47, 32.68s/it]\r 36%|███▋      | 309/852 [1:52:21\u003c4:55:47, 32.68s/it]\n"}
,{"stream_name":"stderr","time":6978.835470676,"data":"\r 36%|███▋      | 309/852 [1:52:21\u003c4:55:47, 32.68s/it]\r 36%|███▋      | 310/852 [1:52:47\u003c4:38:53, 30.87s/it]\r                                                     \r\r 36%|███▋      | 310/852 [1:52:47\u003c4:38:53, 30.87s/it]\r 36%|███▋      | 310/852 [1:52:47\u003c4:38:53, 30.87s/it]\r                                                     \r\r 36%|███▋      | 310/852 [1:52:47\u003c4:38:53, 30.87s/it]\n"}
,{"stream_name":"stderr","time":7004.864365101,"data":"\r 36%|███▋      | 310/852 [1:52:47\u003c4:38:53, 30.87s/it]\r                                                     \r\r 36%|███▋      | 310/852 [1:52:47\u003c4:38:53, 30.87s/it]\r 37%|███▋      | 311/852 [1:53:13\u003c4:25:18, 29.43s/it]\r 37%|███▋      | 311/852 [1:53:13\u003c4:25:18, 29.43s/it]\n"}
,{"stream_name":"stderr","time":7030.346262556,"data":"\r 37%|███▋      | 311/852 [1:53:13\u003c4:25:18, 29.43s/it]\r 37%|███▋      | 312/852 [1:53:39\u003c4:14:08, 28.24s/it]\r 37%|███▋      | 312/852 [1:53:39\u003c4:14:08, 28.24s/it]\n"}
,{"stream_name":"stderr","time":7056.376691769,"data":"\r 37%|███▋      | 312/852 [1:53:39\u003c4:14:08, 28.24s/it]\r 37%|███▋      | 313/852 [1:54:05\u003c4:07:45, 27.58s/it]\r 37%|███▋      | 313/852 [1:54:05\u003c4:07:45, 27.58s/it]\n"}
,{"stream_name":"stderr","time":7081.304525924,"data":"\r 37%|███▋      | 313/852 [1:54:05\u003c4:07:45, 27.58s/it]\r 37%|███▋      | 314/852 [1:54:30\u003c4:00:05, 26.78s/it]\r 37%|███▋      | 314/852 [1:54:30\u003c4:00:05, 26.78s/it]\n"}
,{"stream_name":"stderr","time":7105.733347536,"data":"\r 37%|███▋      | 314/852 [1:54:30\u003c4:00:05, 26.78s/it]\r 37%|███▋      | 315/852 [1:54:54\u003c3:53:24, 26.08s/it]\r 37%|███▋      | 315/852 [1:54:54\u003c3:53:24, 26.08s/it]\n"}
,{"stream_name":"stderr","time":7129.545961548,"data":"\r 37%|███▋      | 315/852 [1:54:54\u003c3:53:24, 26.08s/it]\r 37%|███▋      | 316/852 [1:55:18\u003c3:46:51, 25.39s/it]\r 37%|███▋      | 316/852 [1:55:18\u003c3:46:51, 25.39s/it]\n"}
,{"stream_name":"stderr","time":7152.805265053,"data":"\r 37%|███▋      | 316/852 [1:55:18\u003c3:46:51, 25.39s/it]\r 37%|███▋      | 317/852 [1:55:41\u003c3:40:46, 24.76s/it]\r 37%|███▋      | 317/852 [1:55:41\u003c3:40:46, 24.76s/it]\n"}
,{"stream_name":"stderr","time":7175.767797645,"data":"\r 37%|███▋      | 317/852 [1:55:41\u003c3:40:46, 24.76s/it]\r 37%|███▋      | 318/852 [1:56:04\u003c3:35:31, 24.22s/it]\r 37%|███▋      | 318/852 [1:56:04\u003c3:35:31, 24.22s/it]\n"}
,{"stream_name":"stderr","time":7198.482128347,"data":"\r 37%|███▋      | 318/852 [1:56:04\u003c3:35:31, 24.22s/it]\r 37%|███▋      | 319/852 [1:56:27\u003c3:31:09, 23.77s/it]\r 37%|███▋      | 319/852 [1:56:27\u003c3:31:09, 23.77s/it]\n"}
,{"stream_name":"stderr","time":7221.112353417,"data":"\r 37%|███▋      | 319/852 [1:56:27\u003c3:31:09, 23.77s/it]\r 38%|███▊      | 320/852 [1:56:49\u003c3:27:41, 23.42s/it]\r                                                     \r\r 38%|███▊      | 320/852 [1:56:49\u003c3:27:41, 23.42s/it]\r 38%|███▊      | 320/852 [1:56:49\u003c3:27:41, 23.42s/it]\r                                                     \r\r 38%|███▊      | 320/852 [1:56:49\u003c3:27:41, 23.42s/it]\n"}
,{"stream_name":"stderr","time":7241.793799937,"data":"\r 38%|███▊      | 320/852 [1:56:49\u003c3:27:41, 23.42s/it]\r                                                     \r\r 38%|███▊      | 320/852 [1:56:49\u003c3:27:41, 23.42s/it]\r 38%|███▊      | 321/852 [1:57:10\u003c3:20:03, 22.61s/it]\r 38%|███▊      | 321/852 [1:57:10\u003c3:20:03, 22.61s/it]\n"}
,{"stream_name":"stderr","time":7262.09801314,"data":"\r 38%|███▊      | 321/852 [1:57:10\u003c3:20:03, 22.61s/it]\r 38%|███▊      | 322/852 [1:57:30\u003c3:13:31, 21.91s/it]\r 38%|███▊      | 322/852 [1:57:30\u003c3:13:31, 21.91s/it]\n"}
,{"stream_name":"stderr","time":7282.307079296,"data":"\r 38%|███▊      | 322/852 [1:57:30\u003c3:13:31, 21.91s/it]\r 38%|███▊      | 323/852 [1:57:51\u003c3:08:43, 21.41s/it]\r 38%|███▊      | 323/852 [1:57:51\u003c3:08:43, 21.41s/it]\n"}
,{"stream_name":"stderr","time":7302.53742127,"data":"\r 38%|███▊      | 323/852 [1:57:51\u003c3:08:43, 21.41s/it]\r 38%|███▊      | 324/852 [1:58:11\u003c3:05:13, 21.05s/it]\r 38%|███▊      | 324/852 [1:58:11\u003c3:05:13, 21.05s/it]\n"}
,{"stream_name":"stderr","time":7322.364681125,"data":"\r 38%|███▊      | 324/852 [1:58:11\u003c3:05:13, 21.05s/it]\r 38%|███▊      | 325/852 [1:58:31\u003c3:01:41, 20.69s/it]\r 38%|███▊      | 325/852 [1:58:31\u003c3:01:41, 20.69s/it]\n"}
,{"stream_name":"stderr","time":7341.993161883,"data":"\r 38%|███▊      | 325/852 [1:58:31\u003c3:01:41, 20.69s/it]\r 38%|███▊      | 326/852 [1:58:50\u003c2:58:30, 20.36s/it]\r 38%|███▊      | 326/852 [1:58:50\u003c2:58:30, 20.36s/it]\n"}
,{"stream_name":"stderr","time":7361.345125883,"data":"\r 38%|███▊      | 326/852 [1:58:50\u003c2:58:30, 20.36s/it]\r 38%|███▊      | 327/852 [1:59:10\u003c2:55:34, 20.07s/it]\r 38%|███▊      | 327/852 [1:59:10\u003c2:55:34, 20.07s/it]\n"}
,{"stream_name":"stderr","time":7379.933434107,"data":"\r 38%|███▊      | 327/852 [1:59:10\u003c2:55:34, 20.07s/it]\r 38%|███▊      | 328/852 [1:59:28\u003c2:51:19, 19.62s/it]\r 38%|███▊      | 328/852 [1:59:28\u003c2:51:19, 19.62s/it]\n"}
,{"stream_name":"stderr","time":7398.114983651,"data":"\r 38%|███▊      | 328/852 [1:59:28\u003c2:51:19, 19.62s/it]\r 39%|███▊      | 329/852 [1:59:46\u003c2:47:17, 19.19s/it]\r 39%|███▊      | 329/852 [1:59:46\u003c2:47:17, 19.19s/it]\n"}
,{"stream_name":"stderr","time":7416.061588712,"data":"\r 39%|███▊      | 329/852 [1:59:46\u003c2:47:17, 19.19s/it]\r 39%|███▊      | 330/852 [2:00:04\u003c2:43:40, 18.81s/it]\r                                                     \r\r 39%|███▊      | 330/852 [2:00:04\u003c2:43:40, 18.81s/it]\r 39%|███▊      | 330/852 [2:00:04\u003c2:43:40, 18.81s/it]\r                                                     \r\r 39%|███▊      | 330/852 [2:00:04\u003c2:43:40, 18.81s/it]\n"}
,{"stream_name":"stderr","time":7433.778363624,"data":"\r 39%|███▊      | 330/852 [2:00:04\u003c2:43:40, 18.81s/it]\r                                                     \r\r 39%|███▊      | 330/852 [2:00:04\u003c2:43:40, 18.81s/it]\r 39%|███▉      | 331/852 [2:00:22\u003c2:40:32, 18.49s/it]\r 39%|███▉      | 331/852 [2:00:22\u003c2:40:32, 18.49s/it]\n"}
,{"stream_name":"stderr","time":7450.367128786,"data":"\r 39%|███▉      | 331/852 [2:00:22\u003c2:40:32, 18.49s/it]\r 39%|███▉      | 332/852 [2:00:39\u003c2:35:14, 17.91s/it]\r 39%|███▉      | 332/852 [2:00:39\u003c2:35:14, 17.91s/it]\n"}
,{"stream_name":"stderr","time":7466.360808523,"data":"\r 39%|███▉      | 332/852 [2:00:39\u003c2:35:14, 17.91s/it]\r 39%|███▉      | 333/852 [2:00:55\u003c2:30:01, 17.34s/it]\r 39%|███▉      | 333/852 [2:00:55\u003c2:30:01, 17.34s/it]\n"}
,{"stream_name":"stderr","time":7482.1693819,"data":"\r 39%|███▉      | 333/852 [2:00:55\u003c2:30:01, 17.34s/it]\r 39%|███▉      | 334/852 [2:01:11\u003c2:25:43, 16.88s/it]\r 39%|███▉      | 334/852 [2:01:11\u003c2:25:43, 16.88s/it]\n"}
,{"stream_name":"stderr","time":7497.713258539,"data":"\r 39%|███▉      | 334/852 [2:01:11\u003c2:25:43, 16.88s/it]\r 39%|███▉      | 335/852 [2:01:26\u003c2:22:01, 16.48s/it]\r 39%|███▉      | 335/852 [2:01:26\u003c2:22:01, 16.48s/it]\n"}
,{"stream_name":"stderr","time":7511.359667594,"data":"\r 39%|███▉      | 335/852 [2:01:26\u003c2:22:01, 16.48s/it]\r 39%|███▉      | 336/852 [2:01:40\u003c2:14:26, 15.63s/it]\r 39%|███▉      | 336/852 [2:01:40\u003c2:14:26, 15.63s/it]\n"}
,{"stream_name":"stderr","time":7524.575549106,"data":"\r 39%|███▉      | 336/852 [2:01:40\u003c2:14:26, 15.63s/it]\r 40%|███▉      | 337/852 [2:01:53\u003c2:07:54, 14.90s/it]\r 40%|███▉      | 337/852 [2:01:53\u003c2:07:54, 14.90s/it]\n"}
,{"stream_name":"stderr","time":7537.798815404,"data":"\r 40%|███▉      | 337/852 [2:01:53\u003c2:07:54, 14.90s/it]\r 40%|███▉      | 338/852 [2:02:06\u003c2:03:23, 14.40s/it]\r 40%|███▉      | 338/852 [2:02:06\u003c2:03:23, 14.40s/it]\n"}
,{"stream_name":"stderr","time":7550.77048825,"data":"\r 40%|███▉      | 338/852 [2:02:06\u003c2:03:23, 14.40s/it]\r 40%|███▉      | 339/852 [2:02:19\u003c1:59:28, 13.97s/it]\r 40%|███▉      | 339/852 [2:02:19\u003c1:59:28, 13.97s/it]\n"}
,{"stream_name":"stderr","time":7563.451962969,"data":"\r 40%|███▉      | 339/852 [2:02:19\u003c1:59:28, 13.97s/it]\r 40%|███▉      | 340/852 [2:02:32\u003c1:55:53, 13.58s/it]\r                                                     \r\r 40%|███▉      | 340/852 [2:02:32\u003c1:55:53, 13.58s/it]\r 40%|███▉      | 340/852 [2:02:32\u003c1:55:53, 13.58s/it]\r                                                     \r\r 40%|███▉      | 340/852 [2:02:32\u003c1:55:53, 13.58s/it]\n"}
,{"stream_name":"stderr","time":7574.994380413,"data":"\r 40%|███▉      | 340/852 [2:02:32\u003c1:55:53, 13.58s/it]\r                                                     \r\r 40%|███▉      | 340/852 [2:02:32\u003c1:55:53, 13.58s/it]\r 40%|████      | 341/852 [2:02:43\u003c1:50:30, 12.97s/it]\r 40%|████      | 341/852 [2:02:43\u003c1:50:30, 12.97s/it]\n"}
,{"stream_name":"stderr","time":7585.676022485,"data":"\r 40%|████      | 341/852 [2:02:43\u003c1:50:30, 12.97s/it]\r 40%|████      | 342/852 [2:02:54\u003c1:44:26, 12.29s/it]\r 40%|████      | 342/852 [2:02:54\u003c1:44:26, 12.29s/it]\n"}
,{"stream_name":"stderr","time":7594.964424618,"data":"\r 40%|████      | 342/852 [2:02:54\u003c1:44:26, 12.29s/it]\r 40%|████      | 343/852 [2:03:03\u003c1:36:33, 11.38s/it]\r 40%|████      | 343/852 [2:03:03\u003c1:36:33, 11.38s/it]\n"}
,{"stream_name":"stderr","time":7603.467452264,"data":"\r 40%|████      | 343/852 [2:03:03\u003c1:36:33, 11.38s/it]\r 40%|████      | 344/852 [2:03:12\u003c1:29:05, 10.52s/it]\r 40%|████      | 344/852 [2:03:12\u003c1:29:05, 10.52s/it]\n"}
,{"stream_name":"stderr","time":7610.670694628,"data":"\r 40%|████      | 344/852 [2:03:12\u003c1:29:05, 10.52s/it]\r 40%|████      | 345/852 [2:03:19\u003c1:20:30,  9.53s/it]\r 40%|████      | 345/852 [2:03:19\u003c1:20:30,  9.53s/it]\n"}
,{"stream_name":"stderr","time":7617.543035105,"data":"\r 40%|████      | 345/852 [2:03:19\u003c1:20:30,  9.53s/it]\r 41%|████      | 346/852 [2:03:26\u003c1:13:37,  8.73s/it]\r 41%|████      | 346/852 [2:03:26\u003c1:13:37,  8.73s/it]\n"}
,{"stream_name":"stderr","time":7623.950616188,"data":"\r 41%|████      | 346/852 [2:03:26\u003c1:13:37,  8.73s/it]\r 41%|████      | 347/852 [2:03:32\u003c1:07:37,  8.03s/it]\r 41%|████      | 347/852 [2:03:32\u003c1:07:37,  8.03s/it]\n"}
,{"stream_name":"stderr","time":7630.174066003,"data":"\r 41%|████      | 347/852 [2:03:32\u003c1:07:37,  8.03s/it]\r 41%|████      | 348/852 [2:03:39\u003c1:02:52,  7.48s/it]\r 41%|████      | 348/852 [2:03:39\u003c1:02:52,  7.48s/it]\n"}
,{"stream_name":"stderr","time":7636.124151243,"data":"\r 41%|████      | 348/852 [2:03:39\u003c1:02:52,  7.48s/it]\r 41%|████      | 349/852 [2:03:44\u003c58:56,  7.03s/it]  \r 41%|████      | 349/852 [2:03:44\u003c58:56,  7.03s/it]  \n"}
,{"stream_name":"stderr","time":7641.63702228,"data":"\r 41%|████      | 349/852 [2:03:44\u003c58:56,  7.03s/it]  \r 41%|████      | 350/852 [2:03:50\u003c55:00,  6.58s/it]\r                                                   \r\r 41%|████      | 350/852 [2:03:50\u003c55:00,  6.58s/it]\r 41%|████      | 350/852 [2:03:50\u003c55:00,  6.58s/it]\r                                                   \r\r 41%|████      | 350/852 [2:03:50\u003c55:00,  6.58s/it]\n"}
,{"stream_name":"stderr","time":7708.967495295,"data":"\r 41%|████      | 350/852 [2:03:50\u003c55:00,  6.58s/it]\r                                                   \r\r 41%|████      | 350/852 [2:03:50\u003c55:00,  6.58s/it]\r 41%|████      | 351/852 [2:04:57\u003c3:27:02, 24.79s/it]\r 41%|████      | 351/852 [2:04:57\u003c3:27:02, 24.79s/it]\n"}
,{"stream_name":"stderr","time":7764.044502917,"data":"\r 41%|████      | 351/852 [2:04:57\u003c3:27:02, 24.79s/it]\r 41%|████▏     | 352/852 [2:05:52\u003c4:42:20, 33.88s/it]\r 41%|████▏     | 352/852 [2:05:52\u003c4:42:20, 33.88s/it]\n"}
,{"stream_name":"stderr","time":7812.566339122,"data":"\r 41%|████▏     | 352/852 [2:05:52\u003c4:42:20, 33.88s/it]\r 41%|████▏     | 353/852 [2:06:41\u003c5:18:16, 38.27s/it]\r 41%|████▏     | 353/852 [2:06:41\u003c5:18:16, 38.27s/it]\n"}
,{"stream_name":"stderr","time":7856.605144066,"data":"\r 41%|████▏     | 353/852 [2:06:41\u003c5:18:16, 38.27s/it]\r 42%|████▏     | 354/852 [2:07:25\u003c5:32:01, 40.00s/it]\r 42%|████▏     | 354/852 [2:07:25\u003c5:32:01, 40.00s/it]\n"}
,{"stream_name":"stderr","time":7896.292479335,"data":"\r 42%|████▏     | 354/852 [2:07:25\u003c5:32:01, 40.00s/it]\r 42%|████▏     | 355/852 [2:08:05\u003c5:30:34, 39.91s/it]\r 42%|████▏     | 355/852 [2:08:05\u003c5:30:34, 39.91s/it]\n"}
,{"stream_name":"stderr","time":7931.531707314,"data":"\r 42%|████▏     | 355/852 [2:08:05\u003c5:30:34, 39.91s/it]\r 42%|████▏     | 356/852 [2:08:40\u003c5:18:19, 38.51s/it]\r 42%|████▏     | 356/852 [2:08:40\u003c5:18:19, 38.51s/it]\n"}
,{"stream_name":"stderr","time":7963.255334674,"data":"\r 42%|████▏     | 356/852 [2:08:40\u003c5:18:19, 38.51s/it]\r 42%|████▏     | 357/852 [2:09:12\u003c5:00:54, 36.47s/it]\r 42%|████▏     | 357/852 [2:09:12\u003c5:00:54, 36.47s/it]\n"}
,{"stream_name":"stderr","time":7994.32198911,"data":"\r 42%|████▏     | 357/852 [2:09:12\u003c5:00:54, 36.47s/it]\r 42%|████▏     | 358/852 [2:09:43\u003c4:46:56, 34.85s/it]\r 42%|████▏     | 358/852 [2:09:43\u003c4:46:56, 34.85s/it]\n"}
,{"stream_name":"stderr","time":8024.272279143,"data":"\r 42%|████▏     | 358/852 [2:09:43\u003c4:46:56, 34.85s/it]\r 42%|████▏     | 359/852 [2:10:13\u003c4:34:19, 33.39s/it]\r 42%|████▏     | 359/852 [2:10:13\u003c4:34:19, 33.39s/it]\n"}
,{"stream_name":"stderr","time":8050.93102218,"data":"\r 42%|████▏     | 359/852 [2:10:13\u003c4:34:19, 33.39s/it]\r 42%|████▏     | 360/852 [2:10:39\u003c4:17:10, 31.36s/it]\r                                                     \r\r 42%|████▏     | 360/852 [2:10:39\u003c4:17:10, 31.36s/it]\r 42%|████▏     | 360/852 [2:10:39\u003c4:17:10, 31.36s/it]\r                                                     \r\r 42%|████▏     | 360/852 [2:10:39\u003c4:17:10, 31.36s/it]\n"}
,{"stream_name":"stderr","time":8077.371290096,"data":"\r 42%|████▏     | 360/852 [2:10:39\u003c4:17:10, 31.36s/it]\r                                                     \r\r 42%|████▏     | 360/852 [2:10:39\u003c4:17:10, 31.36s/it]\r 42%|████▏     | 361/852 [2:11:06\u003c4:04:36, 29.89s/it]\r 42%|████▏     | 361/852 [2:11:06\u003c4:04:36, 29.89s/it]\n"}
,{"stream_name":"stderr","time":8103.355844422,"data":"\r 42%|████▏     | 361/852 [2:11:06\u003c4:04:36, 29.89s/it]\r 42%|████▏     | 362/852 [2:11:32\u003c3:54:29, 28.71s/it]\r 42%|████▏     | 362/852 [2:11:32\u003c3:54:29, 28.71s/it]\n"}
,{"stream_name":"stderr","time":8128.849017914,"data":"\r 42%|████▏     | 362/852 [2:11:32\u003c3:54:29, 28.71s/it]\r 43%|████▎     | 363/852 [2:11:57\u003c3:46:11, 27.75s/it]\r 43%|████▎     | 363/852 [2:11:57\u003c3:46:11, 27.75s/it]\n"}
,{"stream_name":"stderr","time":8153.696565125,"data":"\r 43%|████▎     | 363/852 [2:11:57\u003c3:46:11, 27.75s/it]\r 43%|████▎     | 364/852 [2:12:22\u003c3:38:34, 26.87s/it]\r 43%|████▎     | 364/852 [2:12:22\u003c3:38:34, 26.87s/it]\n"}
,{"stream_name":"stderr","time":8178.078928612,"data":"\r 43%|████▎     | 364/852 [2:12:22\u003c3:38:34, 26.87s/it]\r 43%|████▎     | 365/852 [2:12:46\u003c3:32:07, 26.13s/it]\r 43%|████▎     | 365/852 [2:12:46\u003c3:32:07, 26.13s/it]\n"}
,{"stream_name":"stderr","time":8201.944274963,"data":"\r 43%|████▎     | 365/852 [2:12:46\u003c3:32:07, 26.13s/it]\r 43%|████▎     | 366/852 [2:13:10\u003c3:26:06, 25.45s/it]\r 43%|████▎     | 366/852 [2:13:10\u003c3:26:06, 25.45s/it]\n"}
,{"stream_name":"stderr","time":8225.034291799,"data":"\r 43%|████▎     | 366/852 [2:13:10\u003c3:26:06, 25.45s/it]\r 43%|████▎     | 367/852 [2:13:33\u003c3:20:02, 24.75s/it]\r 43%|████▎     | 367/852 [2:13:33\u003c3:20:02, 24.75s/it]\n"}
,{"stream_name":"stderr","time":8247.87088921,"data":"\r 43%|████▎     | 367/852 [2:13:33\u003c3:20:02, 24.75s/it]\r 43%|████▎     | 368/852 [2:13:56\u003c3:14:56, 24.17s/it]\r 43%|████▎     | 368/852 [2:13:56\u003c3:14:56, 24.17s/it]\n"}
,{"stream_name":"stderr","time":8269.543004889,"data":"\r 43%|████▎     | 368/852 [2:13:56\u003c3:14:56, 24.17s/it]\r 43%|████▎     | 369/852 [2:14:18\u003c3:08:34, 23.43s/it]\r 43%|████▎     | 369/852 [2:14:18\u003c3:08:34, 23.43s/it]\n"}
,{"stream_name":"stderr","time":8289.816151597,"data":"\r 43%|████▎     | 369/852 [2:14:18\u003c3:08:34, 23.43s/it]\r 43%|████▎     | 370/852 [2:14:38\u003c3:00:31, 22.47s/it]\r                                                     \r\r 43%|████▎     | 370/852 [2:14:38\u003c3:00:31, 22.47s/it]\r 43%|████▎     | 370/852 [2:14:38\u003c3:00:31, 22.47s/it]\r                                                     \r\r 43%|████▎     | 370/852 [2:14:38\u003c3:00:31, 22.47s/it]\n"}
,{"stream_name":"stderr","time":8310.031702549,"data":"\r 43%|████▎     | 370/852 [2:14:38\u003c3:00:31, 22.47s/it]\r                                                     \r\r 43%|████▎     | 370/852 [2:14:38\u003c3:00:31, 22.47s/it]\r 44%|████▎     | 371/852 [2:14:58\u003c2:54:47, 21.80s/it]\r 44%|████▎     | 371/852 [2:14:58\u003c2:54:47, 21.80s/it]\n"}
,{"stream_name":"stderr","time":8330.429403295,"data":"\r 44%|████▎     | 371/852 [2:14:58\u003c2:54:47, 21.80s/it]\r 44%|████▎     | 372/852 [2:15:19\u003c2:50:59, 21.37s/it]\r 44%|████▎     | 372/852 [2:15:19\u003c2:50:59, 21.37s/it]\n"}
,{"stream_name":"stderr","time":8350.298142221,"data":"\r 44%|████▎     | 372/852 [2:15:19\u003c2:50:59, 21.37s/it]\r 44%|████▍     | 373/852 [2:15:39\u003c2:47:05, 20.93s/it]\r 44%|████▍     | 373/852 [2:15:39\u003c2:47:05, 20.93s/it]\n"}
,{"stream_name":"stderr","time":8370.032921011,"data":"\r 44%|████▍     | 373/852 [2:15:39\u003c2:47:05, 20.93s/it]\r 44%|████▍     | 374/852 [2:15:58\u003c2:43:50, 20.57s/it]\r 44%|████▍     | 374/852 [2:15:58\u003c2:43:50, 20.57s/it]\n"}
,{"stream_name":"stderr","time":8389.558305988,"data":"\r 44%|████▍     | 374/852 [2:15:58\u003c2:43:50, 20.57s/it]\r 44%|████▍     | 375/852 [2:16:18\u003c2:41:03, 20.26s/it]\r 44%|████▍     | 375/852 [2:16:18\u003c2:41:03, 20.26s/it]\n"}
,{"stream_name":"stderr","time":8408.853673139,"data":"\r 44%|████▍     | 375/852 [2:16:18\u003c2:41:03, 20.26s/it]\r 44%|████▍     | 376/852 [2:16:37\u003c2:38:23, 19.96s/it]\r 44%|████▍     | 376/852 [2:16:37\u003c2:38:23, 19.96s/it]\n"}
,{"stream_name":"stderr","time":8427.269911064,"data":"\r 44%|████▍     | 376/852 [2:16:37\u003c2:38:23, 19.96s/it]\r 44%|████▍     | 377/852 [2:16:56\u003c2:34:25, 19.51s/it]\r 44%|████▍     | 377/852 [2:16:56\u003c2:34:25, 19.51s/it]\n"}
,{"stream_name":"stderr","time":8445.539947538,"data":"\r 44%|████▍     | 377/852 [2:16:56\u003c2:34:25, 19.51s/it]\r 44%|████▍     | 378/852 [2:17:14\u003c2:31:06, 19.13s/it]\r 44%|████▍     | 378/852 [2:17:14\u003c2:31:06, 19.13s/it]\n"}
,{"stream_name":"stderr","time":8463.627335498,"data":"\r 44%|████▍     | 378/852 [2:17:14\u003c2:31:06, 19.13s/it]\r 44%|████▍     | 379/852 [2:17:32\u003c2:28:23, 18.82s/it]\r 44%|████▍     | 379/852 [2:17:32\u003c2:28:23, 18.82s/it]\n"}
,{"stream_name":"stderr","time":8481.580944766,"data":"\r 44%|████▍     | 379/852 [2:17:32\u003c2:28:23, 18.82s/it]\r 45%|████▍     | 380/852 [2:17:50\u003c2:25:58, 18.56s/it]\r                                                     \r\r 45%|████▍     | 380/852 [2:17:50\u003c2:25:58, 18.56s/it]\r 45%|████▍     | 380/852 [2:17:50\u003c2:25:58, 18.56s/it]\r                                                     \r\r 45%|████▍     | 380/852 [2:17:50\u003c2:25:58, 18.56s/it]\n"}
,{"stream_name":"stderr","time":8499.259317722,"data":"\r 45%|████▍     | 380/852 [2:17:50\u003c2:25:58, 18.56s/it]\r                                                     \r\r 45%|████▍     | 380/852 [2:17:50\u003c2:25:58, 18.56s/it]\r 45%|████▍     | 381/852 [2:18:08\u003c2:23:38, 18.30s/it]\r 45%|████▍     | 381/852 [2:18:08\u003c2:23:38, 18.30s/it]\n"}
,{"stream_name":"stderr","time":8515.583274786,"data":"\r 45%|████▍     | 381/852 [2:18:08\u003c2:23:38, 18.30s/it]\r 45%|████▍     | 382/852 [2:18:24\u003c2:18:38, 17.70s/it]\r 45%|████▍     | 382/852 [2:18:24\u003c2:18:38, 17.70s/it]\n"}
,{"stream_name":"stderr","time":8531.600533752,"data":"\r 45%|████▍     | 382/852 [2:18:24\u003c2:18:38, 17.70s/it]\r 45%|████▍     | 383/852 [2:18:40\u003c2:14:27, 17.20s/it]\r 45%|████▍     | 383/852 [2:18:40\u003c2:14:27, 17.20s/it]\n"}
,{"stream_name":"stderr","time":8547.385649145,"data":"\r 45%|████▍     | 383/852 [2:18:40\u003c2:14:27, 17.20s/it]\r 45%|████▌     | 384/852 [2:18:56\u003c2:10:48, 16.77s/it]\r 45%|████▌     | 384/852 [2:18:56\u003c2:10:48, 16.77s/it]\n"}
,{"stream_name":"stderr","time":8561.573034274,"data":"\r 45%|████▌     | 384/852 [2:18:56\u003c2:10:48, 16.77s/it]\r 45%|████▌     | 385/852 [2:19:10\u003c2:04:32, 16.00s/it]\r 45%|████▌     | 385/852 [2:19:10\u003c2:04:32, 16.00s/it]\n"}
,{"stream_name":"stderr","time":8574.80573982,"data":"\r 45%|████▌     | 385/852 [2:19:10\u003c2:04:32, 16.00s/it]\r 45%|████▌     | 386/852 [2:19:23\u003c1:57:49, 15.17s/it]\r 45%|████▌     | 386/852 [2:19:23\u003c1:57:49, 15.17s/it]\n"}
,{"stream_name":"stderr","time":8588.017433126,"data":"\r 45%|████▌     | 386/852 [2:19:23\u003c1:57:49, 15.17s/it]\r 45%|████▌     | 387/852 [2:19:36\u003c1:52:58, 14.58s/it]\r 45%|████▌     | 387/852 [2:19:36\u003c1:52:58, 14.58s/it]\n"}
,{"stream_name":"stderr","time":8601.019222533,"data":"\r 45%|████▌     | 387/852 [2:19:36\u003c1:52:58, 14.58s/it]\r 46%|████▌     | 388/852 [2:19:49\u003c1:49:07, 14.11s/it]\r 46%|████▌     | 388/852 [2:19:49\u003c1:49:07, 14.11s/it]\n"}
,{"stream_name":"stderr","time":8613.644907223,"data":"\r 46%|████▌     | 388/852 [2:19:49\u003c1:49:07, 14.11s/it]\r 46%|████▌     | 389/852 [2:20:02\u003c1:45:26, 13.67s/it]\r 46%|████▌     | 389/852 [2:20:02\u003c1:45:26, 13.67s/it]\n"}
,{"stream_name":"stderr","time":8625.77646466,"data":"\r 46%|████▌     | 389/852 [2:20:02\u003c1:45:26, 13.67s/it]\r 46%|████▌     | 390/852 [2:20:14\u003c1:41:36, 13.20s/it]\r                                                     \r\r 46%|████▌     | 390/852 [2:20:14\u003c1:41:36, 13.20s/it]\r 46%|████▌     | 390/852 [2:20:14\u003c1:41:36, 13.20s/it]\r                                                     \r\r 46%|████▌     | 390/852 [2:20:14\u003c1:41:36, 13.20s/it]\n"}
,{"stream_name":"stderr","time":8636.748965082,"data":"\r 46%|████▌     | 390/852 [2:20:14\u003c1:41:36, 13.20s/it]\r                                                     \r\r 46%|████▌     | 390/852 [2:20:14\u003c1:41:36, 13.20s/it]\r 46%|████▌     | 391/852 [2:20:25\u003c1:36:19, 12.54s/it]\r 46%|████▌     | 391/852 [2:20:25\u003c1:36:19, 12.54s/it]\n"}
,{"stream_name":"stderr","time":8646.267407994,"data":"\r 46%|████▌     | 391/852 [2:20:25\u003c1:36:19, 12.54s/it]\r 46%|████▌     | 392/852 [2:20:35\u003c1:29:10, 11.63s/it]\r 46%|████▌     | 392/852 [2:20:35\u003c1:29:10, 11.63s/it]\n"}
,{"stream_name":"stderr","time":8654.823670718,"data":"\r 46%|████▌     | 392/852 [2:20:35\u003c1:29:10, 11.63s/it]\r 46%|████▌     | 393/852 [2:20:43\u003c1:21:55, 10.71s/it]\r 46%|████▌     | 393/852 [2:20:43\u003c1:21:55, 10.71s/it]\n"}
,{"stream_name":"stderr","time":8662.191696009,"data":"\r 46%|████▌     | 393/852 [2:20:43\u003c1:21:55, 10.71s/it]\r 46%|████▌     | 394/852 [2:20:51\u003c1:14:03,  9.70s/it]\r 46%|████▌     | 394/852 [2:20:51\u003c1:14:03,  9.70s/it]\n"}
,{"stream_name":"stderr","time":8669.232740245,"data":"\r 46%|████▌     | 394/852 [2:20:51\u003c1:14:03,  9.70s/it]\r 46%|████▋     | 395/852 [2:20:58\u003c1:07:51,  8.91s/it]\r 46%|████▋     | 395/852 [2:20:58\u003c1:07:51,  8.91s/it]\n"}
,{"stream_name":"stderr","time":8675.958281081,"data":"\r 46%|████▋     | 395/852 [2:20:58\u003c1:07:51,  8.91s/it]\r 46%|████▋     | 396/852 [2:21:04\u003c1:02:43,  8.25s/it]\r 46%|████▋     | 396/852 [2:21:04\u003c1:02:43,  8.25s/it]\n"}
,{"stream_name":"stderr","time":8682.289678486,"data":"\r 46%|████▋     | 396/852 [2:21:04\u003c1:02:43,  8.25s/it]\r 47%|████▋     | 397/852 [2:21:11\u003c58:13,  7.68s/it]  \r 47%|████▋     | 397/852 [2:21:11\u003c58:13,  7.68s/it]  \n"}
,{"stream_name":"stderr","time":8688.430246603,"data":"\r 47%|████▋     | 397/852 [2:21:11\u003c58:13,  7.68s/it]  \r 47%|████▋     | 398/852 [2:21:17\u003c54:36,  7.22s/it]\r 47%|████▋     | 398/852 [2:21:17\u003c54:36,  7.22s/it]\n"}
,{"stream_name":"stderr","time":8694.416915939,"data":"\r 47%|████▋     | 398/852 [2:21:17\u003c54:36,  7.22s/it]\r 47%|████▋     | 399/852 [2:21:23\u003c51:39,  6.84s/it]\r 47%|████▋     | 399/852 [2:21:23\u003c51:39,  6.84s/it]\n"}
,{"stream_name":"stderr","time":8699.872794315,"data":"\r 47%|████▋     | 399/852 [2:21:23\u003c51:39,  6.84s/it]\r 47%|████▋     | 400/852 [2:21:28\u003c48:27,  6.43s/it]\r                                                   \r\r 47%|████▋     | 400/852 [2:21:28\u003c48:27,  6.43s/it]\r 47%|████▋     | 400/852 [2:21:28\u003c48:27,  6.43s/it]\r                                                   \r\r 47%|████▋     | 400/852 [2:21:28\u003c48:27,  6.43s/it]\n"}
,{"stream_name":"stderr","time":8700.92598743,"data":"\r 47%|████▋     | 400/852 [2:21:28\u003c48:27,  6.43s/it]\r                                                   \r\r 47%|████▋     | 400/852 [2:21:28\u003c48:27,  6.43s/it]Unsloth: Restored added_tokens_decoder metadata in outputs/run3/checkpoint-400/tokenizer_config.json.\n"}
,{"stream_name":"stderr","time":8701.128755685,"data":"Unsloth: Restored added_tokens_decoder metadata in outputs/run3/checkpoint-400/tokenizer_config.json.\n"}
,{"stream_name":"stderr","time":8701.128786531,"data":"\n"}
,{"stream_name":"stderr","time":8701.128792061,"data":"Unsloth: Restored added_tokens_decoder metadata in outputs/run3/checkpoint-400/tokenizer_config.json.\n"}
,{"stream_name":"stderr","time":8766.284162175,"data":"\r 47%|████▋     | 401/852 [2:22:35\u003c3:03:31, 24.42s/it]\r 47%|████▋     | 401/852 [2:22:35\u003c3:03:31, 24.42s/it]\n"}
,{"stream_name":"stderr","time":8819.728078996,"data":"\r 47%|████▋     | 401/852 [2:22:35\u003c3:03:31, 24.42s/it]\r 47%|████▋     | 402/852 [2:23:28\u003c4:08:27, 33.13s/it]\r 47%|████▋     | 402/852 [2:23:28\u003c4:08:27, 33.13s/it]\n"}
,{"stream_name":"stderr","time":8866.388581867,"data":"\r 47%|████▋     | 402/852 [2:23:28\u003c4:08:27, 33.13s/it]\r 47%|████▋     | 403/852 [2:24:15\u003c4:38:17, 37.19s/it]\r 47%|████▋     | 403/852 [2:24:15\u003c4:38:17, 37.19s/it]\n"}
,{"stream_name":"stderr","time":8907.475002989,"data":"\r 47%|████▋     | 403/852 [2:24:15\u003c4:38:17, 37.19s/it]\r 47%|████▋     | 404/852 [2:24:56\u003c4:46:23, 38.36s/it]\r 47%|████▋     | 404/852 [2:24:56\u003c4:46:23, 38.36s/it]\n"}
,{"stream_name":"stderr","time":8946.23498539,"data":"\r 47%|████▋     | 404/852 [2:24:56\u003c4:46:23, 38.36s/it]\r 48%|████▊     | 405/852 [2:25:35\u003c4:46:40, 38.48s/it]\r 48%|████▊     | 405/852 [2:25:35\u003c4:46:40, 38.48s/it]\n"}
,{"stream_name":"stderr","time":8980.681120549,"data":"\r 48%|████▊     | 405/852 [2:25:35\u003c4:46:40, 38.48s/it]\r 48%|████▊     | 406/852 [2:26:09\u003c4:37:01, 37.27s/it]\r 48%|████▊     | 406/852 [2:26:09\u003c4:37:01, 37.27s/it]\n"}
,{"stream_name":"stderr","time":9012.554785012,"data":"\r 48%|████▊     | 406/852 [2:26:09\u003c4:37:01, 37.27s/it]\r 48%|████▊     | 407/852 [2:26:41\u003c4:24:24, 35.65s/it]\r 48%|████▊     | 407/852 [2:26:41\u003c4:24:24, 35.65s/it]\n"}
,{"stream_name":"stderr","time":9043.808979898,"data":"\r 48%|████▊     | 407/852 [2:26:41\u003c4:24:24, 35.65s/it]\r 48%|████▊     | 408/852 [2:27:12\u003c4:14:03, 34.33s/it]\r 48%|████▊     | 408/852 [2:27:12\u003c4:14:03, 34.33s/it]\n"}
,{"stream_name":"stderr","time":9073.890024965,"data":"\r 48%|████▊     | 408/852 [2:27:12\u003c4:14:03, 34.33s/it]\r 48%|████▊     | 409/852 [2:27:42\u003c4:04:03, 33.05s/it]\r 48%|████▊     | 409/852 [2:27:42\u003c4:04:03, 33.05s/it]\n"}
,{"stream_name":"stderr","time":9101.573357403,"data":"\r 48%|████▊     | 409/852 [2:27:42\u003c4:04:03, 33.05s/it]\r 48%|████▊     | 410/852 [2:28:10\u003c3:51:41, 31.45s/it]\r                                                     \r\r 48%|████▊     | 410/852 [2:28:10\u003c3:51:41, 31.45s/it]\r 48%|████▊     | 410/852 [2:28:10\u003c3:51:41, 31.45s/it]\r                                                     \r\r 48%|████▊     | 410/852 [2:28:10\u003c3:51:41, 31.45s/it]\n"}
,{"stream_name":"stderr","time":9127.61951537,"data":"\r 48%|████▊     | 410/852 [2:28:10\u003c3:51:41, 31.45s/it]\r                                                     \r\r 48%|████▊     | 410/852 [2:28:10\u003c3:51:41, 31.45s/it]\r 48%|████▊     | 411/852 [2:28:36\u003c3:39:10, 29.82s/it]\r 48%|████▊     | 411/852 [2:28:36\u003c3:39:10, 29.82s/it]\n"}
,{"stream_name":"stderr","time":9153.355474638,"data":"\r 48%|████▊     | 411/852 [2:28:36\u003c3:39:10, 29.82s/it]\r 48%|████▊     | 412/852 [2:29:02\u003c3:29:45, 28.60s/it]\r 48%|████▊     | 412/852 [2:29:02\u003c3:29:45, 28.60s/it]\n"}
,{"stream_name":"stderr","time":9178.482995987,"data":"\r 48%|████▊     | 412/852 [2:29:02\u003c3:29:45, 28.60s/it]\r 48%|████▊     | 413/852 [2:29:27\u003c3:21:36, 27.56s/it]\r 48%|████▊     | 413/852 [2:29:27\u003c3:21:36, 27.56s/it]\n"}
,{"stream_name":"stderr","time":9202.9080711,"data":"\r 48%|████▊     | 413/852 [2:29:27\u003c3:21:36, 27.56s/it]\r 49%|████▊     | 414/852 [2:29:51\u003c3:14:20, 26.62s/it]\r 49%|████▊     | 414/852 [2:29:51\u003c3:14:20, 26.62s/it]\n"}
,{"stream_name":"stderr","time":9227.055533443,"data":"\r 49%|████▊     | 414/852 [2:29:51\u003c3:14:20, 26.62s/it]\r 49%|████▊     | 415/852 [2:30:15\u003c3:08:25, 25.87s/it]\r 49%|████▊     | 415/852 [2:30:15\u003c3:08:25, 25.87s/it]\n"}
,{"stream_name":"stderr","time":9250.417285227,"data":"\r 49%|████▊     | 415/852 [2:30:15\u003c3:08:25, 25.87s/it]\r 49%|████▉     | 416/852 [2:30:39\u003c3:02:35, 25.13s/it]\r 49%|████▉     | 416/852 [2:30:39\u003c3:02:35, 25.13s/it]\n"}
,{"stream_name":"stderr","time":9273.51833521,"data":"\r 49%|████▉     | 416/852 [2:30:39\u003c3:02:35, 25.13s/it]\r 49%|████▉     | 417/852 [2:31:02\u003c2:57:43, 24.51s/it]\r 49%|████▉     | 417/852 [2:31:02\u003c2:57:43, 24.51s/it]\n"}
,{"stream_name":"stderr","time":9296.247145727,"data":"\r 49%|████▉     | 417/852 [2:31:02\u003c2:57:43, 24.51s/it]\r 49%|████▉     | 418/852 [2:31:25\u003c2:53:29, 23.98s/it]\r 49%|████▉     | 418/852 [2:31:25\u003c2:53:29, 23.98s/it]\n"}
,{"stream_name":"stderr","time":9316.722986071,"data":"\r 49%|████▉     | 418/852 [2:31:25\u003c2:53:29, 23.98s/it]\r 49%|████▉     | 419/852 [2:31:45\u003c2:45:26, 22.93s/it]\r 49%|████▉     | 419/852 [2:31:45\u003c2:45:26, 22.93s/it]\n"}
,{"stream_name":"stderr","time":9337.085148326,"data":"\r 49%|████▉     | 419/852 [2:31:45\u003c2:45:26, 22.93s/it]\r 49%|████▉     | 420/852 [2:32:05\u003c2:39:34, 22.16s/it]\r                                                     \r\r 49%|████▉     | 420/852 [2:32:05\u003c2:39:34, 22.16s/it]\r 49%|████▉     | 420/852 [2:32:05\u003c2:39:34, 22.16s/it]\r                                                     \r\r 49%|████▉     | 420/852 [2:32:05\u003c2:39:34, 22.16s/it]\n"}
,{"stream_name":"stderr","time":9357.450864026,"data":"\r 49%|████▉     | 420/852 [2:32:05\u003c2:39:34, 22.16s/it]\r                                                     \r\r 49%|████▉     | 420/852 [2:32:05\u003c2:39:34, 22.16s/it]\r 49%|████▉     | 421/852 [2:32:26\u003c2:35:16, 21.62s/it]\r 49%|████▉     | 421/852 [2:32:26\u003c2:35:16, 21.62s/it]\n"}
,{"stream_name":"stderr","time":9377.877906593,"data":"\r 49%|████▉     | 421/852 [2:32:26\u003c2:35:16, 21.62s/it]\r 50%|████▉     | 422/852 [2:32:46\u003c2:32:24, 21.27s/it]\r 50%|████▉     | 422/852 [2:32:46\u003c2:32:24, 21.27s/it]\n"}
,{"stream_name":"stderr","time":9398.038023506,"data":"\r 50%|████▉     | 422/852 [2:32:46\u003c2:32:24, 21.27s/it]\r 50%|████▉     | 423/852 [2:33:06\u003c2:29:38, 20.93s/it]\r 50%|████▉     | 423/852 [2:33:06\u003c2:29:38, 20.93s/it]\n"}
,{"stream_name":"stderr","time":9417.863663135,"data":"\r 50%|████▉     | 423/852 [2:33:06\u003c2:29:38, 20.93s/it]\r 50%|████▉     | 424/852 [2:33:26\u003c2:26:58, 20.60s/it]\r 50%|████▉     | 424/852 [2:33:26\u003c2:26:58, 20.60s/it]\n"}
,{"stream_name":"stderr","time":9437.548436641,"data":"\r 50%|████▉     | 424/852 [2:33:26\u003c2:26:58, 20.60s/it]\r 50%|████▉     | 425/852 [2:33:46\u003c2:24:37, 20.32s/it]\r 50%|████▉     | 425/852 [2:33:46\u003c2:24:37, 20.32s/it]\n"}
,{"stream_name":"stderr","time":9457.070682783,"data":"\r 50%|████▉     | 425/852 [2:33:46\u003c2:24:37, 20.32s/it]\r 50%|█████     | 426/852 [2:34:05\u003c2:22:37, 20.09s/it]\r 50%|█████     | 426/852 [2:34:05\u003c2:22:37, 20.09s/it]\n"}
,{"stream_name":"stderr","time":9476.448787064,"data":"\r 50%|█████     | 426/852 [2:34:05\u003c2:22:37, 20.09s/it]\r 50%|█████     | 427/852 [2:34:25\u003c2:20:44, 19.87s/it]\r 50%|█████     | 427/852 [2:34:25\u003c2:20:44, 19.87s/it]\n"}
,{"stream_name":"stderr","time":9495.30270626,"data":"\r 50%|█████     | 427/852 [2:34:25\u003c2:20:44, 19.87s/it]\r 50%|█████     | 428/852 [2:34:44\u003c2:18:17, 19.57s/it]\r 50%|█████     | 428/852 [2:34:44\u003c2:18:17, 19.57s/it]\n"}
,{"stream_name":"stderr","time":9513.716945624,"data":"\r 50%|█████     | 428/852 [2:34:44\u003c2:18:17, 19.57s/it]\r 50%|█████     | 429/852 [2:35:02\u003c2:15:29, 19.22s/it]\r 50%|█████     | 429/852 [2:35:02\u003c2:15:29, 19.22s/it]\n"}
,{"stream_name":"stderr","time":9531.870224344,"data":"\r 50%|█████     | 429/852 [2:35:02\u003c2:15:29, 19.22s/it]\r 50%|█████     | 430/852 [2:35:20\u003c2:12:57, 18.90s/it]\r                                                     \r\r 50%|█████     | 430/852 [2:35:20\u003c2:12:57, 18.90s/it]\r 50%|█████     | 430/852 [2:35:20\u003c2:12:57, 18.90s/it]\r                                                     \r\r 50%|█████     | 430/852 [2:35:20\u003c2:12:57, 18.90s/it]\n"}
,{"stream_name":"stderr","time":9549.869425586,"data":"\r 50%|█████     | 430/852 [2:35:20\u003c2:12:57, 18.90s/it]\r                                                     \r\r 50%|█████     | 430/852 [2:35:20\u003c2:12:57, 18.90s/it]\r 51%|█████     | 431/852 [2:35:38\u003c2:10:41, 18.63s/it]\r 51%|█████     | 431/852 [2:35:38\u003c2:10:41, 18.63s/it]\n"}
,{"stream_name":"stderr","time":9567.66321488,"data":"\r 51%|█████     | 431/852 [2:35:38\u003c2:10:41, 18.63s/it]\r 51%|█████     | 432/852 [2:35:56\u003c2:08:40, 18.38s/it]\r 51%|█████     | 432/852 [2:35:56\u003c2:08:40, 18.38s/it]\n"}
,{"stream_name":"stderr","time":9584.840281319,"data":"\r 51%|█████     | 432/852 [2:35:56\u003c2:08:40, 18.38s/it]\r 51%|█████     | 433/852 [2:36:13\u003c2:05:47, 18.01s/it]\r 51%|█████     | 433/852 [2:36:13\u003c2:05:47, 18.01s/it]\n"}
,{"stream_name":"stderr","time":9601.008921102,"data":"\r 51%|█████     | 433/852 [2:36:13\u003c2:05:47, 18.01s/it]\r 51%|█████     | 434/852 [2:36:29\u003c2:01:41, 17.47s/it]\r 51%|█████     | 434/852 [2:36:29\u003c2:01:41, 17.47s/it]\n"}
,{"stream_name":"stderr","time":9617.052098382,"data":"\r 51%|█████     | 434/852 [2:36:29\u003c2:01:41, 17.47s/it]\r 51%|█████     | 435/852 [2:36:45\u003c1:58:23, 17.03s/it]\r 51%|█████     | 435/852 [2:36:45\u003c1:58:23, 17.03s/it]\n"}
,{"stream_name":"stderr","time":9632.745489223,"data":"\r 51%|█████     | 435/852 [2:36:45\u003c1:58:23, 17.03s/it]\r 51%|█████     | 436/852 [2:37:01\u003c1:55:21, 16.64s/it]\r 51%|█████     | 436/852 [2:37:01\u003c1:55:21, 16.64s/it]\n"}
,{"stream_name":"stderr","time":9647.334797601,"data":"\r 51%|█████     | 436/852 [2:37:01\u003c1:55:21, 16.64s/it]\r 51%|█████▏    | 437/852 [2:37:16\u003c1:50:47, 16.02s/it]\r 51%|█████▏    | 437/852 [2:37:16\u003c1:50:47, 16.02s/it]\n"}
,{"stream_name":"stderr","time":9660.624034012,"data":"\r 51%|█████▏    | 437/852 [2:37:16\u003c1:50:47, 16.02s/it]\r 51%|█████▏    | 438/852 [2:37:29\u003c1:44:54, 15.20s/it]\r 51%|█████▏    | 438/852 [2:37:29\u003c1:44:54, 15.20s/it]\n"}
,{"stream_name":"stderr","time":9673.866008265,"data":"\r 51%|█████▏    | 438/852 [2:37:29\u003c1:44:54, 15.20s/it]\r 52%|█████▏    | 439/852 [2:37:42\u003c1:40:36, 14.62s/it]\r 52%|█████▏    | 439/852 [2:37:42\u003c1:40:36, 14.62s/it]\n"}
,{"stream_name":"stderr","time":9686.895490695,"data":"\r 52%|█████▏    | 439/852 [2:37:42\u003c1:40:36, 14.62s/it]\r 52%|█████▏    | 440/852 [2:37:55\u003c1:37:03, 14.13s/it]\r                                                     \r\r 52%|█████▏    | 440/852 [2:37:55\u003c1:37:03, 14.13s/it]\r 52%|█████▏    | 440/852 [2:37:55\u003c1:37:03, 14.13s/it]\r                                                     \r\r 52%|█████▏    | 440/852 [2:37:55\u003c1:37:03, 14.13s/it]\n"}
,{"stream_name":"stderr","time":9699.391256075,"data":"\r 52%|█████▏    | 440/852 [2:37:55\u003c1:37:03, 14.13s/it]\r                                                     \r\r 52%|█████▏    | 440/852 [2:37:55\u003c1:37:03, 14.13s/it]\r 52%|█████▏    | 441/852 [2:38:08\u003c1:33:29, 13.65s/it]\r 52%|█████▏    | 441/852 [2:38:08\u003c1:33:29, 13.65s/it]\n"}
,{"stream_name":"stderr","time":9710.627374399,"data":"\r 52%|█████▏    | 441/852 [2:38:08\u003c1:33:29, 13.65s/it]\r 52%|█████▏    | 442/852 [2:38:19\u003c1:28:19, 12.92s/it]\r 52%|█████▏    | 442/852 [2:38:19\u003c1:28:19, 12.92s/it]\n"}
,{"stream_name":"stderr","time":9720.196343635,"data":"\r 52%|█████▏    | 442/852 [2:38:19\u003c1:28:19, 12.92s/it]\r 52%|█████▏    | 443/852 [2:38:29\u003c1:21:10, 11.91s/it]\r 52%|█████▏    | 443/852 [2:38:29\u003c1:21:10, 11.91s/it]\n"}
,{"stream_name":"stderr","time":9728.479349554,"data":"\r 52%|█████▏    | 443/852 [2:38:29\u003c1:21:10, 11.91s/it]\r 52%|█████▏    | 444/852 [2:38:37\u003c1:13:38, 10.83s/it]\r 52%|█████▏    | 444/852 [2:38:37\u003c1:13:38, 10.83s/it]\n"}
,{"stream_name":"stderr","time":9735.728107229,"data":"\r 52%|█████▏    | 444/852 [2:38:37\u003c1:13:38, 10.83s/it]\r 52%|█████▏    | 445/852 [2:38:44\u003c1:06:10,  9.76s/it]\r 52%|█████▏    | 445/852 [2:38:44\u003c1:06:10,  9.76s/it]\n"}
,{"stream_name":"stderr","time":9742.762102196,"data":"\r 52%|█████▏    | 445/852 [2:38:44\u003c1:06:10,  9.76s/it]\r 52%|█████▏    | 446/852 [2:38:51\u003c1:00:29,  8.94s/it]\r 52%|█████▏    | 446/852 [2:38:51\u003c1:00:29,  8.94s/it]\n"}
,{"stream_name":"stderr","time":9749.495385586,"data":"\r 52%|█████▏    | 446/852 [2:38:51\u003c1:00:29,  8.94s/it]\r 52%|█████▏    | 447/852 [2:38:58\u003c55:52,  8.28s/it]  \r 52%|█████▏    | 447/852 [2:38:58\u003c55:52,  8.28s/it]  \n"}
,{"stream_name":"stderr","time":9755.781499541,"data":"\r 52%|█████▏    | 447/852 [2:38:58\u003c55:52,  8.28s/it]  \r 53%|█████▎    | 448/852 [2:39:04\u003c51:40,  7.67s/it]\r 53%|█████▎    | 448/852 [2:39:04\u003c51:40,  7.67s/it]\n"}
,{"stream_name":"stderr","time":9761.824345542,"data":"\r 53%|█████▎    | 448/852 [2:39:04\u003c51:40,  7.67s/it]\r 53%|█████▎    | 449/852 [2:39:10\u003c48:17,  7.19s/it]\r 53%|█████▎    | 449/852 [2:39:10\u003c48:17,  7.19s/it]\n"}
,{"stream_name":"stderr","time":9767.647924523,"data":"\r 53%|█████▎    | 449/852 [2:39:10\u003c48:17,  7.19s/it]\r 53%|█████▎    | 450/852 [2:39:16\u003c45:25,  6.78s/it]\r                                                   \r\r 53%|█████▎    | 450/852 [2:39:16\u003c45:25,  6.78s/it]\r 53%|█████▎    | 450/852 [2:39:16\u003c45:25,  6.78s/it]\r                                                   \r\r 53%|█████▎    | 450/852 [2:39:16\u003c45:25,  6.78s/it]\n"}
,{"stream_name":"stderr","time":9831.827602532,"data":"\r 53%|█████▎    | 450/852 [2:39:16\u003c45:25,  6.78s/it]\r                                                   \r\r 53%|█████▎    | 450/852 [2:39:16\u003c45:25,  6.78s/it]\r 53%|█████▎    | 451/852 [2:40:20\u003c2:40:21, 23.99s/it]\r 53%|█████▎    | 451/852 [2:40:20\u003c2:40:21, 23.99s/it]\n"}
,{"stream_name":"stderr","time":9884.944207777,"data":"\r 53%|█████▎    | 451/852 [2:40:20\u003c2:40:21, 23.99s/it]\r 53%|█████▎    | 452/852 [2:41:13\u003c3:38:11, 32.73s/it]\r 53%|█████▎    | 452/852 [2:41:13\u003c3:38:11, 32.73s/it]\n"}
,{"stream_name":"stderr","time":9933.544784416,"data":"\r 53%|█████▎    | 452/852 [2:41:13\u003c3:38:11, 32.73s/it]\r 53%|█████▎    | 453/852 [2:42:02\u003c4:09:18, 37.49s/it]\r 53%|█████▎    | 453/852 [2:42:02\u003c4:09:18, 37.49s/it]\n"}
,{"stream_name":"stderr","time":9978.513397324,"data":"\r 53%|█████▎    | 453/852 [2:42:02\u003c4:09:18, 37.49s/it]\r 53%|█████▎    | 454/852 [2:42:47\u003c4:23:35, 39.74s/it]\r 53%|█████▎    | 454/852 [2:42:47\u003c4:23:35, 39.74s/it]\n"}
,{"stream_name":"stderr","time":10019.376502276,"data":"\r 53%|█████▎    | 454/852 [2:42:47\u003c4:23:35, 39.74s/it]\r 53%|█████▎    | 455/852 [2:43:28\u003c4:25:09, 40.07s/it]\r 53%|█████▎    | 455/852 [2:43:28\u003c4:25:09, 40.07s/it]\n"}
,{"stream_name":"stderr","time":10055.298691291,"data":"\r 53%|█████▎    | 455/852 [2:43:28\u003c4:25:09, 40.07s/it]\r 54%|█████▎    | 456/852 [2:44:04\u003c4:16:16, 38.83s/it]\r 54%|█████▎    | 456/852 [2:44:04\u003c4:16:16, 38.83s/it]\n"}
,{"stream_name":"stderr","time":10088.025338441,"data":"\r 54%|█████▎    | 456/852 [2:44:04\u003c4:16:16, 38.83s/it]\r 54%|█████▎    | 457/852 [2:44:36\u003c4:03:33, 37.00s/it]\r 54%|█████▎    | 457/852 [2:44:36\u003c4:03:33, 37.00s/it]\n"}
,{"stream_name":"stderr","time":10119.12082939,"data":"\r 54%|█████▎    | 457/852 [2:44:36\u003c4:03:33, 37.00s/it]\r 54%|█████▍    | 458/852 [2:45:07\u003c3:51:19, 35.23s/it]\r 54%|█████▍    | 458/852 [2:45:07\u003c3:51:19, 35.23s/it]\n"}
,{"stream_name":"stderr","time":10148.771911443,"data":"\r 54%|█████▍    | 458/852 [2:45:07\u003c3:51:19, 35.23s/it]\r 54%|█████▍    | 459/852 [2:45:37\u003c3:39:49, 33.56s/it]\r 54%|█████▍    | 459/852 [2:45:37\u003c3:39:49, 33.56s/it]\n"}
,{"stream_name":"stderr","time":10175.291324672,"data":"\r 54%|█████▍    | 459/852 [2:45:37\u003c3:39:49, 33.56s/it]\r 54%|█████▍    | 460/852 [2:46:04\u003c3:25:25, 31.44s/it]\r                                                     \r\r 54%|█████▍    | 460/852 [2:46:04\u003c3:25:25, 31.44s/it]\r 54%|█████▍    | 460/852 [2:46:04\u003c3:25:25, 31.44s/it]\r                                                     \r\r 54%|█████▍    | 460/852 [2:46:04\u003c3:25:25, 31.44s/it]\n"}
,{"stream_name":"stderr","time":10201.245095111,"data":"\r 54%|█████▍    | 460/852 [2:46:04\u003c3:25:25, 31.44s/it]\r                                                     \r\r 54%|█████▍    | 460/852 [2:46:04\u003c3:25:25, 31.44s/it]\r 54%|█████▍    | 461/852 [2:46:30\u003c3:14:12, 29.80s/it]\r 54%|█████▍    | 461/852 [2:46:30\u003c3:14:12, 29.80s/it]\n"}
,{"stream_name":"stderr","time":10226.921633887,"data":"\r 54%|█████▍    | 461/852 [2:46:30\u003c3:14:12, 29.80s/it]\r 54%|█████▍    | 462/852 [2:46:55\u003c3:05:36, 28.56s/it]\r 54%|█████▍    | 462/852 [2:46:55\u003c3:05:36, 28.56s/it]\n"}
,{"stream_name":"stderr","time":10252.101227404,"data":"\r 54%|█████▍    | 462/852 [2:46:55\u003c3:05:36, 28.56s/it]\r 54%|█████▍    | 463/852 [2:47:20\u003c2:58:37, 27.55s/it]\r 54%|█████▍    | 463/852 [2:47:20\u003c2:58:37, 27.55s/it]\n"}
,{"stream_name":"stderr","time":10276.924963907,"data":"\r 54%|█████▍    | 463/852 [2:47:20\u003c2:58:37, 27.55s/it]\r 54%|█████▍    | 464/852 [2:47:45\u003c2:52:49, 26.73s/it]\r 54%|█████▍    | 464/852 [2:47:45\u003c2:52:49, 26.73s/it]\n"}
,{"stream_name":"stderr","time":10301.281869087,"data":"\r 54%|█████▍    | 464/852 [2:47:45\u003c2:52:49, 26.73s/it]\r 55%|█████▍    | 465/852 [2:48:10\u003c2:47:50, 26.02s/it]\r 55%|█████▍    | 465/852 [2:48:10\u003c2:47:50, 26.02s/it]\n"}
,{"stream_name":"stderr","time":10325.110247312,"data":"\r 55%|█████▍    | 465/852 [2:48:10\u003c2:47:50, 26.02s/it]\r 55%|█████▍    | 466/852 [2:48:33\u003c2:43:07, 25.36s/it]\r 55%|█████▍    | 466/852 [2:48:33\u003c2:43:07, 25.36s/it]\n"}
,{"stream_name":"stderr","time":10348.248187515,"data":"\r 55%|█████▍    | 466/852 [2:48:33\u003c2:43:07, 25.36s/it]\r 55%|█████▍    | 467/852 [2:48:57\u003c2:38:29, 24.70s/it]\r 55%|█████▍    | 467/852 [2:48:57\u003c2:38:29, 24.70s/it]\n"}
,{"stream_name":"stderr","time":10371.123532355,"data":"\r 55%|█████▍    | 467/852 [2:48:57\u003c2:38:29, 24.70s/it]\r 55%|█████▍    | 468/852 [2:49:19\u003c2:34:29, 24.14s/it]\r 55%|█████▍    | 468/852 [2:49:19\u003c2:34:29, 24.14s/it]\n"}
,{"stream_name":"stderr","time":10392.81394362,"data":"\r 55%|█████▍    | 468/852 [2:49:19\u003c2:34:29, 24.14s/it]\r 55%|█████▌    | 469/852 [2:49:41\u003c2:29:28, 23.42s/it]\r 55%|█████▌    | 469/852 [2:49:41\u003c2:29:28, 23.42s/it]\n"}
,{"stream_name":"stderr","time":10412.94847754,"data":"\r 55%|█████▌    | 469/852 [2:49:41\u003c2:29:28, 23.42s/it]\r 55%|█████▌    | 470/852 [2:50:01\u003c2:22:46, 22.43s/it]\r                                                     \r\r 55%|█████▌    | 470/852 [2:50:01\u003c2:22:46, 22.43s/it]\r 55%|█████▌    | 470/852 [2:50:01\u003c2:22:46, 22.43s/it]\r                                                     \r\r 55%|█████▌    | 470/852 [2:50:01\u003c2:22:46, 22.43s/it]\n"}
,{"stream_name":"stderr","time":10433.249011165,"data":"\r 55%|█████▌    | 470/852 [2:50:01\u003c2:22:46, 22.43s/it]\r                                                     \r\r 55%|█████▌    | 470/852 [2:50:01\u003c2:22:46, 22.43s/it]\r 55%|█████▌    | 471/852 [2:50:22\u003c2:18:23, 21.79s/it]\r 55%|█████▌    | 471/852 [2:50:22\u003c2:18:23, 21.79s/it]\n"}
,{"stream_name":"stderr","time":10453.505438987,"data":"\r 55%|█████▌    | 471/852 [2:50:22\u003c2:18:23, 21.79s/it]\r 55%|█████▌    | 472/852 [2:50:42\u003c2:15:04, 21.33s/it]\r 55%|█████▌    | 472/852 [2:50:42\u003c2:15:04, 21.33s/it]\n"}
,{"stream_name":"stderr","time":10473.845949416,"data":"\r 55%|█████▌    | 472/852 [2:50:42\u003c2:15:04, 21.33s/it]\r 56%|█████▌    | 473/852 [2:51:02\u003c2:12:53, 21.04s/it]\r 56%|█████▌    | 473/852 [2:51:02\u003c2:12:53, 21.04s/it]\n"}
,{"stream_name":"stderr","time":10493.88005463,"data":"\r 56%|█████▌    | 473/852 [2:51:02\u003c2:12:53, 21.04s/it]\r 56%|█████▌    | 474/852 [2:51:22\u003c2:10:35, 20.73s/it]\r 56%|█████▌    | 474/852 [2:51:22\u003c2:10:35, 20.73s/it]\n"}
,{"stream_name":"stderr","time":10513.513971278,"data":"\r 56%|█████▌    | 474/852 [2:51:22\u003c2:10:35, 20.73s/it]\r 56%|█████▌    | 475/852 [2:51:42\u003c2:08:13, 20.41s/it]\r 56%|█████▌    | 475/852 [2:51:42\u003c2:08:13, 20.41s/it]\n"}
,{"stream_name":"stderr","time":10532.985244039,"data":"\r 56%|█████▌    | 475/852 [2:51:42\u003c2:08:13, 20.41s/it]\r 56%|█████▌    | 476/852 [2:52:01\u003c2:06:05, 20.12s/it]\r 56%|█████▌    | 476/852 [2:52:01\u003c2:06:05, 20.12s/it]\n"}
,{"stream_name":"stderr","time":10552.153868634,"data":"\r 56%|█████▌    | 476/852 [2:52:01\u003c2:06:05, 20.12s/it]\r 56%|█████▌    | 477/852 [2:52:21\u003c2:04:00, 19.84s/it]\r 56%|█████▌    | 477/852 [2:52:21\u003c2:04:00, 19.84s/it]\n"}
,{"stream_name":"stderr","time":10570.392495391,"data":"\r 56%|█████▌    | 477/852 [2:52:21\u003c2:04:00, 19.84s/it]\r 56%|█████▌    | 478/852 [2:52:39\u003c2:00:38, 19.35s/it]\r 56%|█████▌    | 478/852 [2:52:39\u003c2:00:38, 19.35s/it]\n"}
,{"stream_name":"stderr","time":10588.328981018,"data":"\r 56%|█████▌    | 478/852 [2:52:39\u003c2:00:38, 19.35s/it]\r 56%|█████▌    | 479/852 [2:52:57\u003c1:57:42, 18.94s/it]\r 56%|█████▌    | 479/852 [2:52:57\u003c1:57:42, 18.94s/it]\n"}
,{"stream_name":"stderr","time":10606.166307117,"data":"\r 56%|█████▌    | 479/852 [2:52:57\u003c1:57:42, 18.94s/it]\r 56%|█████▋    | 480/852 [2:53:14\u003c1:55:19, 18.60s/it]\r                                                     \r\r 56%|█████▋    | 480/852 [2:53:14\u003c1:55:19, 18.60s/it]\r 56%|█████▋    | 480/852 [2:53:14\u003c1:55:19, 18.60s/it]\r                                                     \r\r 56%|█████▋    | 480/852 [2:53:14\u003c1:55:19, 18.60s/it]\n"}
,{"stream_name":"stderr","time":10623.955457733,"data":"\r 56%|█████▋    | 480/852 [2:53:14\u003c1:55:19, 18.60s/it]\r                                                     \r\r 56%|█████▋    | 480/852 [2:53:14\u003c1:55:19, 18.60s/it]\r 56%|█████▋    | 481/852 [2:53:32\u003c1:53:32, 18.36s/it]\r 56%|█████▋    | 481/852 [2:53:32\u003c1:53:32, 18.36s/it]\n"}
,{"stream_name":"stderr","time":10641.032024199,"data":"\r 56%|█████▋    | 481/852 [2:53:32\u003c1:53:32, 18.36s/it]\r 57%|█████▋    | 482/852 [2:53:49\u003c1:50:47, 17.97s/it]\r 57%|█████▋    | 482/852 [2:53:49\u003c1:50:47, 17.97s/it]\n"}
,{"stream_name":"stderr","time":10657.232323346,"data":"\r 57%|█████▋    | 482/852 [2:53:49\u003c1:50:47, 17.97s/it]\r 57%|█████▋    | 483/852 [2:54:06\u003c1:47:17, 17.45s/it]\r 57%|█████▋    | 483/852 [2:54:06\u003c1:47:17, 17.45s/it]\n"}
,{"stream_name":"stderr","time":10673.249641017,"data":"\r 57%|█████▋    | 483/852 [2:54:06\u003c1:47:17, 17.45s/it]\r 57%|█████▋    | 484/852 [2:54:22\u003c1:44:19, 17.01s/it]\r 57%|█████▋    | 484/852 [2:54:22\u003c1:44:19, 17.01s/it]\n"}
,{"stream_name":"stderr","time":10689.071282914,"data":"\r 57%|█████▋    | 484/852 [2:54:22\u003c1:44:19, 17.01s/it]\r 57%|█████▋    | 485/852 [2:54:37\u003c1:41:54, 16.66s/it]\r 57%|█████▋    | 485/852 [2:54:37\u003c1:41:54, 16.66s/it]\n"}
,{"stream_name":"stderr","time":10703.116623839,"data":"\r 57%|█████▋    | 485/852 [2:54:37\u003c1:41:54, 16.66s/it]\r 57%|█████▋    | 486/852 [2:54:51\u003c1:36:50, 15.88s/it]\r 57%|█████▋    | 486/852 [2:54:51\u003c1:36:50, 15.88s/it]\n"}
,{"stream_name":"stderr","time":10716.421684124,"data":"\r 57%|█████▋    | 486/852 [2:54:51\u003c1:36:50, 15.88s/it]\r 57%|█████▋    | 487/852 [2:55:05\u003c1:31:51, 15.10s/it]\r 57%|█████▋    | 487/852 [2:55:05\u003c1:31:51, 15.10s/it]\n"}
,{"stream_name":"stderr","time":10729.514921598,"data":"\r 57%|█████▋    | 487/852 [2:55:05\u003c1:31:51, 15.10s/it]\r 57%|█████▋    | 488/852 [2:55:18\u003c1:27:59, 14.50s/it]\r 57%|█████▋    | 488/852 [2:55:18\u003c1:27:59, 14.50s/it]\n"}
,{"stream_name":"stderr","time":10742.22328011,"data":"\r 57%|█████▋    | 488/852 [2:55:18\u003c1:27:59, 14.50s/it]\r 57%|█████▋    | 489/852 [2:55:31\u003c1:24:29, 13.96s/it]\r 57%|█████▋    | 489/852 [2:55:31\u003c1:24:29, 13.96s/it]\n"}
,{"stream_name":"stderr","time":10753.633482754,"data":"\r 57%|█████▋    | 489/852 [2:55:31\u003c1:24:29, 13.96s/it]\r 58%|█████▊    | 490/852 [2:55:42\u003c1:19:34, 13.19s/it]\r                                                     \r\r 58%|█████▊    | 490/852 [2:55:42\u003c1:19:34, 13.19s/it]\r 58%|█████▊    | 490/852 [2:55:42\u003c1:19:34, 13.19s/it]\r                                                     \r\r 58%|█████▊    | 490/852 [2:55:42\u003c1:19:34, 13.19s/it]\n"}
,{"stream_name":"stderr","time":10763.221222316,"data":"\r 58%|█████▊    | 490/852 [2:55:42\u003c1:19:34, 13.19s/it]\r                                                     \r\r 58%|█████▊    | 490/852 [2:55:42\u003c1:19:34, 13.19s/it]\r 58%|█████▊    | 491/852 [2:55:52\u003c1:12:54, 12.12s/it]\r 58%|█████▊    | 491/852 [2:55:52\u003c1:12:54, 12.12s/it]\n"}
,{"stream_name":"stderr","time":10772.053174236,"data":"\r 58%|█████▊    | 491/852 [2:55:52\u003c1:12:54, 12.12s/it]\r 58%|█████▊    | 492/852 [2:56:00\u003c1:06:47, 11.13s/it]\r 58%|█████▊    | 492/852 [2:56:00\u003c1:06:47, 11.13s/it]\n"}
,{"stream_name":"stderr","time":10779.406710123,"data":"\r 58%|█████▊    | 492/852 [2:56:00\u003c1:06:47, 11.13s/it]\r 58%|█████▊    | 493/852 [2:56:08\u003c59:49, 10.00s/it]  \r 58%|█████▊    | 493/852 [2:56:08\u003c59:49, 10.00s/it]  \n"}
,{"stream_name":"stderr","time":10786.448987181,"data":"\r 58%|█████▊    | 493/852 [2:56:08\u003c59:49, 10.00s/it]  \r 58%|█████▊    | 494/852 [2:56:15\u003c54:18,  9.10s/it]\r 58%|█████▊    | 494/852 [2:56:15\u003c54:18,  9.10s/it]\n"}
,{"stream_name":"stderr","time":10793.277601405,"data":"\r 58%|█████▊    | 494/852 [2:56:15\u003c54:18,  9.10s/it]\r 58%|█████▊    | 495/852 [2:56:22\u003c50:09,  8.43s/it]\r 58%|█████▊    | 495/852 [2:56:22\u003c50:09,  8.43s/it]\n"}
,{"stream_name":"stderr","time":10799.809074781,"data":"\r 58%|█████▊    | 495/852 [2:56:22\u003c50:09,  8.43s/it]\r 58%|█████▊    | 496/852 [2:56:28\u003c46:38,  7.86s/it]\r 58%|█████▊    | 496/852 [2:56:28\u003c46:38,  7.86s/it]\n"}
,{"stream_name":"stderr","time":10806.080269419,"data":"\r 58%|█████▊    | 496/852 [2:56:28\u003c46:38,  7.86s/it]\r 58%|█████▊    | 497/852 [2:56:34\u003c43:41,  7.38s/it]\r 58%|█████▊    | 497/852 [2:56:34\u003c43:41,  7.38s/it]\n"}
,{"stream_name":"stderr","time":10812.251331694,"data":"\r 58%|█████▊    | 497/852 [2:56:34\u003c43:41,  7.38s/it]\r 58%|█████▊    | 498/852 [2:56:41\u003c41:25,  7.02s/it]\r 58%|█████▊    | 498/852 [2:56:41\u003c41:25,  7.02s/it]\n"}
,{"stream_name":"stderr","time":10818.272622814,"data":"\r 58%|█████▊    | 498/852 [2:56:41\u003c41:25,  7.02s/it]\r 59%|█████▊    | 499/852 [2:56:47\u003c39:29,  6.71s/it]\r 59%|█████▊    | 499/852 [2:56:47\u003c39:29,  6.71s/it]\n"}
,{"stream_name":"stderr","time":10823.653492115,"data":"\r 59%|█████▊    | 499/852 [2:56:47\u003c39:29,  6.71s/it]\r 59%|█████▊    | 500/852 [2:56:52\u003c37:04,  6.32s/it]\r                                                   \r\r 59%|█████▊    | 500/852 [2:56:52\u003c37:04,  6.32s/it]\r 59%|█████▊    | 500/852 [2:56:52\u003c37:04,  6.32s/it]\r                                                   \r\r 59%|█████▊    | 500/852 [2:56:52\u003c37:04,  6.32s/it]\n"}
,{"stream_name":"stderr","time":10889.827415501,"data":"\r 59%|█████▊    | 500/852 [2:56:52\u003c37:04,  6.32s/it]\r                                                   \r\r 59%|█████▊    | 500/852 [2:56:52\u003c37:04,  6.32s/it]\r 59%|█████▉    | 501/852 [2:57:58\u003c2:21:58, 24.27s/it]\r 59%|█████▉    | 501/852 [2:57:58\u003c2:21:58, 24.27s/it]\n"}
,{"stream_name":"stderr","time":10941.707486117,"data":"\r 59%|█████▉    | 501/852 [2:57:58\u003c2:21:58, 24.27s/it]\r 59%|█████▉    | 502/852 [2:58:50\u003c3:09:53, 32.55s/it]\r 59%|█████▉    | 502/852 [2:58:50\u003c3:09:53, 32.55s/it]\n"}
,{"stream_name":"stderr","time":10988.032523585,"data":"\r 59%|█████▉    | 502/852 [2:58:50\u003c3:09:53, 32.55s/it]\r 59%|█████▉    | 503/852 [2:59:36\u003c3:33:22, 36.68s/it]\r 59%|█████▉    | 503/852 [2:59:36\u003c3:33:22, 36.68s/it]\n"}
,{"stream_name":"stderr","time":11028.895997463,"data":"\r 59%|█████▉    | 503/852 [2:59:36\u003c3:33:22, 36.68s/it]\r 59%|█████▉    | 504/852 [3:00:17\u003c3:40:02, 37.94s/it]\r 59%|█████▉    | 504/852 [3:00:17\u003c3:40:02, 37.94s/it]\n"}
,{"stream_name":"stderr","time":11066.570353883,"data":"\r 59%|█████▉    | 504/852 [3:00:17\u003c3:40:02, 37.94s/it]\r 59%|█████▉    | 505/852 [3:00:55\u003c3:38:56, 37.86s/it]\r 59%|█████▉    | 505/852 [3:00:55\u003c3:38:56, 37.86s/it]\n"}
,{"stream_name":"stderr","time":11099.054346743,"data":"\r 59%|█████▉    | 505/852 [3:00:55\u003c3:38:56, 37.86s/it]\r 59%|█████▉    | 506/852 [3:01:27\u003c3:29:01, 36.25s/it]\r 59%|█████▉    | 506/852 [3:01:27\u003c3:29:01, 36.25s/it]\n"}
,{"stream_name":"stderr","time":11130.177637245,"data":"\r 59%|█████▉    | 506/852 [3:01:27\u003c3:29:01, 36.25s/it]\r 60%|█████▉    | 507/852 [3:01:59\u003c3:19:35, 34.71s/it]\r 60%|█████▉    | 507/852 [3:01:59\u003c3:19:35, 34.71s/it]\n"}
,{"stream_name":"stderr","time":11159.865923502,"data":"\r 60%|█████▉    | 507/852 [3:01:59\u003c3:19:35, 34.71s/it]\r 60%|█████▉    | 508/852 [3:02:28\u003c3:10:24, 33.21s/it]\r 60%|█████▉    | 508/852 [3:02:28\u003c3:10:24, 33.21s/it]\n"}
,{"stream_name":"stderr","time":11186.444879591,"data":"\r 60%|█████▉    | 508/852 [3:02:28\u003c3:10:24, 33.21s/it]\r 60%|█████▉    | 509/852 [3:02:55\u003c2:58:25, 31.21s/it]\r 60%|█████▉    | 509/852 [3:02:55\u003c2:58:25, 31.21s/it]\n"}
,{"stream_name":"stderr","time":11212.49256473,"data":"\r 60%|█████▉    | 509/852 [3:02:55\u003c2:58:25, 31.21s/it]\r 60%|█████▉    | 510/852 [3:03:21\u003c2:49:07, 29.67s/it]\r                                                     \r\r 60%|█████▉    | 510/852 [3:03:21\u003c2:49:07, 29.67s/it]\r 60%|█████▉    | 510/852 [3:03:21\u003c2:49:07, 29.67s/it]\r                                                     \r\r 60%|█████▉    | 510/852 [3:03:21\u003c2:49:07, 29.67s/it]\n"}
,{"stream_name":"stderr","time":11238.077161675,"data":"\r 60%|█████▉    | 510/852 [3:03:21\u003c2:49:07, 29.67s/it]\r                                                     \r\r 60%|█████▉    | 510/852 [3:03:21\u003c2:49:07, 29.67s/it]\r 60%|█████▉    | 511/852 [3:03:46\u003c2:41:37, 28.44s/it]\r 60%|█████▉    | 511/852 [3:03:46\u003c2:41:37, 28.44s/it]\n"}
,{"stream_name":"stderr","time":11263.908208784,"data":"\r 60%|█████▉    | 511/852 [3:03:46\u003c2:41:37, 28.44s/it]\r 60%|██████    | 512/852 [3:04:12\u003c2:36:45, 27.66s/it]\r 60%|██████    | 512/852 [3:04:12\u003c2:36:45, 27.66s/it]\n"}
,{"stream_name":"stderr","time":11288.784013507,"data":"\r 60%|██████    | 512/852 [3:04:12\u003c2:36:45, 27.66s/it]\r 60%|██████    | 513/852 [3:04:37\u003c2:31:31, 26.82s/it]\r 60%|██████    | 513/852 [3:04:37\u003c2:31:31, 26.82s/it]\n"}
,{"stream_name":"stderr","time":11313.080897624,"data":"\r 60%|██████    | 513/852 [3:04:37\u003c2:31:31, 26.82s/it]\r 60%|██████    | 514/852 [3:05:01\u003c2:26:51, 26.07s/it]\r 60%|██████    | 514/852 [3:05:01\u003c2:26:51, 26.07s/it]\n"}
,{"stream_name":"stderr","time":11337.017141671,"data":"\r 60%|██████    | 514/852 [3:05:01\u003c2:26:51, 26.07s/it]\r 60%|██████    | 515/852 [3:05:25\u003c2:22:47, 25.42s/it]\r 60%|██████    | 515/852 [3:05:25\u003c2:22:47, 25.42s/it]\n"}
,{"stream_name":"stderr","time":11360.189886837,"data":"\r 60%|██████    | 515/852 [3:05:25\u003c2:22:47, 25.42s/it]\r 61%|██████    | 516/852 [3:05:49\u003c2:18:37, 24.76s/it]\r 61%|██████    | 516/852 [3:05:49\u003c2:18:37, 24.76s/it]\n"}
,{"stream_name":"stderr","time":11383.294671879,"data":"\r 61%|██████    | 516/852 [3:05:49\u003c2:18:37, 24.76s/it]\r 61%|██████    | 517/852 [3:06:12\u003c2:15:24, 24.25s/it]\r 61%|██████    | 517/852 [3:06:12\u003c2:15:24, 24.25s/it]\n"}
,{"stream_name":"stderr","time":11406.088767747,"data":"\r 61%|██████    | 517/852 [3:06:12\u003c2:15:24, 24.25s/it]\r 61%|██████    | 518/852 [3:06:34\u003c2:12:36, 23.82s/it]\r 61%|██████    | 518/852 [3:06:34\u003c2:12:36, 23.82s/it]\n"}
,{"stream_name":"stderr","time":11428.01072243,"data":"\r 61%|██████    | 518/852 [3:06:34\u003c2:12:36, 23.82s/it]\r 61%|██████    | 519/852 [3:06:56\u003c2:09:00, 23.25s/it]\r 61%|██████    | 519/852 [3:06:56\u003c2:09:00, 23.25s/it]\n"}
,{"stream_name":"stderr","time":11448.31231243,"data":"\r 61%|██████    | 519/852 [3:06:56\u003c2:09:00, 23.25s/it]\r 61%|██████    | 520/852 [3:07:17\u003c2:03:46, 22.37s/it]\r                                                     \r\r 61%|██████    | 520/852 [3:07:17\u003c2:03:46, 22.37s/it]\r 61%|██████    | 520/852 [3:07:17\u003c2:03:46, 22.37s/it]\r                                                     \r\r 61%|██████    | 520/852 [3:07:17\u003c2:03:46, 22.37s/it]\n"}
,{"stream_name":"stderr","time":11468.730459614,"data":"\r 61%|██████    | 520/852 [3:07:17\u003c2:03:46, 22.37s/it]\r                                                     \r\r 61%|██████    | 520/852 [3:07:17\u003c2:03:46, 22.37s/it]\r 61%|██████    | 521/852 [3:07:37\u003c2:00:08, 21.78s/it]\r 61%|██████    | 521/852 [3:07:37\u003c2:00:08, 21.78s/it]\n"}
,{"stream_name":"stderr","time":11488.856831202,"data":"\r 61%|██████    | 521/852 [3:07:37\u003c2:00:08, 21.78s/it]\r 61%|██████▏   | 522/852 [3:07:57\u003c1:57:05, 21.29s/it]\r 61%|██████▏   | 522/852 [3:07:57\u003c1:57:05, 21.29s/it]\n"}
,{"stream_name":"stderr","time":11508.962997581,"data":"\r 61%|██████▏   | 522/852 [3:07:57\u003c1:57:05, 21.29s/it]\r 61%|██████▏   | 523/852 [3:08:17\u003c1:54:45, 20.93s/it]\r 61%|██████▏   | 523/852 [3:08:17\u003c1:54:45, 20.93s/it]\n"}
,{"stream_name":"stderr","time":11528.695855646,"data":"\r 61%|██████▏   | 523/852 [3:08:17\u003c1:54:45, 20.93s/it]\r 62%|██████▏   | 524/852 [3:08:37\u003c1:52:28, 20.58s/it]\r 62%|██████▏   | 524/852 [3:08:37\u003c1:52:28, 20.58s/it]\n"}
,{"stream_name":"stderr","time":11548.373579751,"data":"\r 62%|██████▏   | 524/852 [3:08:37\u003c1:52:28, 20.58s/it]\r 62%|██████▏   | 525/852 [3:08:57\u003c1:50:37, 20.30s/it]\r 62%|██████▏   | 525/852 [3:08:57\u003c1:50:37, 20.30s/it]\n"}
,{"stream_name":"stderr","time":11567.8203671,"data":"\r 62%|██████▏   | 525/852 [3:08:57\u003c1:50:37, 20.30s/it]\r 62%|██████▏   | 526/852 [3:09:16\u003c1:48:56, 20.05s/it]\r 62%|██████▏   | 526/852 [3:09:16\u003c1:48:56, 20.05s/it]\n"}
,{"stream_name":"stderr","time":11587.144919205,"data":"\r 62%|██████▏   | 526/852 [3:09:16\u003c1:48:56, 20.05s/it]\r 62%|██████▏   | 527/852 [3:09:35\u003c1:47:23, 19.82s/it]\r 62%|██████▏   | 527/852 [3:09:35\u003c1:47:23, 19.82s/it]\n"}
,{"stream_name":"stderr","time":11605.97472644,"data":"\r 62%|██████▏   | 527/852 [3:09:35\u003c1:47:23, 19.82s/it]\r 62%|██████▏   | 528/852 [3:09:54\u003c1:45:29, 19.53s/it]\r 62%|██████▏   | 528/852 [3:09:54\u003c1:45:29, 19.53s/it]\n"}
,{"stream_name":"stderr","time":11624.249054391,"data":"\r 62%|██████▏   | 528/852 [3:09:54\u003c1:45:29, 19.53s/it]\r 62%|██████▏   | 529/852 [3:10:13\u003c1:43:05, 19.15s/it]\r 62%|██████▏   | 529/852 [3:10:13\u003c1:43:05, 19.15s/it]\n"}
,{"stream_name":"stderr","time":11642.354999488,"data":"\r 62%|██████▏   | 529/852 [3:10:13\u003c1:43:05, 19.15s/it]\r 62%|██████▏   | 530/852 [3:10:31\u003c1:41:07, 18.84s/it]\r                                                     \r\r 62%|██████▏   | 530/852 [3:10:31\u003c1:41:07, 18.84s/it]\r 62%|██████▏   | 530/852 [3:10:31\u003c1:41:07, 18.84s/it]\r                                                     \r\r 62%|██████▏   | 530/852 [3:10:31\u003c1:41:07, 18.84s/it]\n"}
,{"stream_name":"stderr","time":11660.253828104,"data":"\r 62%|██████▏   | 530/852 [3:10:31\u003c1:41:07, 18.84s/it]\r                                                     \r\r 62%|██████▏   | 530/852 [3:10:31\u003c1:41:07, 18.84s/it]\r 62%|██████▏   | 531/852 [3:10:49\u003c1:39:15, 18.55s/it]\r 62%|██████▏   | 531/852 [3:10:49\u003c1:39:15, 18.55s/it]\n"}
,{"stream_name":"stderr","time":11677.913959094,"data":"\r 62%|██████▏   | 531/852 [3:10:49\u003c1:39:15, 18.55s/it]\r 62%|██████▏   | 532/852 [3:11:06\u003c1:37:33, 18.29s/it]\r 62%|██████▏   | 532/852 [3:11:06\u003c1:37:33, 18.29s/it]\n"}
,{"stream_name":"stderr","time":11694.596642469,"data":"\r 62%|██████▏   | 532/852 [3:11:06\u003c1:37:33, 18.29s/it]\r 63%|██████▎   | 533/852 [3:11:23\u003c1:34:38, 17.80s/it]\r 63%|██████▎   | 533/852 [3:11:23\u003c1:34:38, 17.80s/it]\n"}
,{"stream_name":"stderr","time":11710.734488502,"data":"\r 63%|██████▎   | 533/852 [3:11:23\u003c1:34:38, 17.80s/it]\r 63%|██████▎   | 534/852 [3:11:39\u003c1:31:44, 17.31s/it]\r 63%|██████▎   | 534/852 [3:11:39\u003c1:31:44, 17.31s/it]\n"}
,{"stream_name":"stderr","time":11726.615698338,"data":"\r 63%|██████▎   | 534/852 [3:11:39\u003c1:31:44, 17.31s/it]\r 63%|██████▎   | 535/852 [3:11:55\u003c1:29:08, 16.87s/it]\r 63%|██████▎   | 535/852 [3:11:55\u003c1:29:08, 16.87s/it]\n"}
,{"stream_name":"stderr","time":11741.700078182,"data":"\r 63%|██████▎   | 535/852 [3:11:55\u003c1:29:08, 16.87s/it]\r 63%|██████▎   | 536/852 [3:12:10\u003c1:26:05, 16.35s/it]\r 63%|██████▎   | 536/852 [3:12:10\u003c1:26:05, 16.35s/it]\n"}
,{"stream_name":"stderr","time":11755.130194382,"data":"\r 63%|██████▎   | 536/852 [3:12:10\u003c1:26:05, 16.35s/it]\r 63%|██████▎   | 537/852 [3:12:23\u003c1:21:13, 15.47s/it]\r 63%|██████▎   | 537/852 [3:12:23\u003c1:21:13, 15.47s/it]\n"}
,{"stream_name":"stderr","time":11768.427518478,"data":"\r 63%|██████▎   | 537/852 [3:12:23\u003c1:21:13, 15.47s/it]\r 63%|██████▎   | 538/852 [3:12:37\u003c1:17:30, 14.81s/it]\r 63%|██████▎   | 538/852 [3:12:37\u003c1:17:30, 14.81s/it]\n"}
,{"stream_name":"stderr","time":11781.603955339,"data":"\r 63%|██████▎   | 538/852 [3:12:37\u003c1:17:30, 14.81s/it]\r 63%|██████▎   | 539/852 [3:12:50\u003c1:14:44, 14.33s/it]\r 63%|██████▎   | 539/852 [3:12:50\u003c1:14:44, 14.33s/it]\n"}
,{"stream_name":"stderr","time":11794.589667816,"data":"\r 63%|██████▎   | 539/852 [3:12:50\u003c1:14:44, 14.33s/it]\r 63%|██████▎   | 540/852 [3:13:03\u003c1:12:24, 13.93s/it]\r                                                     \r\r 63%|██████▎   | 540/852 [3:13:03\u003c1:12:24, 13.93s/it]\r 63%|██████▎   | 540/852 [3:13:03\u003c1:12:24, 13.93s/it]\r                                                     \r\r 63%|██████▎   | 540/852 [3:13:03\u003c1:12:24, 13.93s/it]\n"}
,{"stream_name":"stderr","time":11806.98466864,"data":"\r 63%|██████▎   | 540/852 [3:13:03\u003c1:12:24, 13.93s/it]\r                                                     \r\r 63%|██████▎   | 540/852 [3:13:03\u003c1:12:24, 13.93s/it]\r 63%|██████▎   | 541/852 [3:13:15\u003c1:09:45, 13.46s/it]\r 63%|██████▎   | 541/852 [3:13:15\u003c1:09:45, 13.46s/it]\n"}
,{"stream_name":"stderr","time":11817.686804746,"data":"\r 63%|██████▎   | 541/852 [3:13:15\u003c1:09:45, 13.46s/it]\r 64%|██████▎   | 542/852 [3:13:26\u003c1:05:18, 12.64s/it]\r 64%|██████▎   | 542/852 [3:13:26\u003c1:05:18, 12.64s/it]\n"}
,{"stream_name":"stderr","time":11826.89568219,"data":"\r 64%|██████▎   | 542/852 [3:13:26\u003c1:05:18, 12.64s/it]\r 64%|██████▎   | 543/852 [3:13:35\u003c59:47, 11.61s/it]  \r 64%|██████▎   | 543/852 [3:13:35\u003c59:47, 11.61s/it]  \n"}
,{"stream_name":"stderr","time":11835.785344698,"data":"\r 64%|██████▎   | 543/852 [3:13:35\u003c59:47, 11.61s/it]  \r 64%|██████▍   | 544/852 [3:13:44\u003c55:24, 10.79s/it]\r 64%|██████▍   | 544/852 [3:13:44\u003c55:24, 10.79s/it]\n"}
,{"stream_name":"stderr","time":11843.707197144,"data":"\r 64%|██████▍   | 544/852 [3:13:44\u003c55:24, 10.79s/it]\r 64%|██████▍   | 545/852 [3:13:52\u003c50:47,  9.93s/it]\r 64%|██████▍   | 545/852 [3:13:52\u003c50:47,  9.93s/it]\n"}
,{"stream_name":"stderr","time":11850.784380717,"data":"\r 64%|██████▍   | 545/852 [3:13:52\u003c50:47,  9.93s/it]\r 64%|██████▍   | 546/852 [3:13:59\u003c46:17,  9.08s/it]\r 64%|██████▍   | 546/852 [3:13:59\u003c46:17,  9.08s/it]\n"}
,{"stream_name":"stderr","time":11857.62330519,"data":"\r 64%|██████▍   | 546/852 [3:13:59\u003c46:17,  9.08s/it]\r 64%|██████▍   | 547/852 [3:14:06\u003c42:43,  8.41s/it]\r 64%|██████▍   | 547/852 [3:14:06\u003c42:43,  8.41s/it]\n"}
,{"stream_name":"stderr","time":11863.978257343,"data":"\r 64%|██████▍   | 547/852 [3:14:06\u003c42:43,  8.41s/it]\r 64%|██████▍   | 548/852 [3:14:12\u003c39:28,  7.79s/it]\r 64%|██████▍   | 548/852 [3:14:12\u003c39:28,  7.79s/it]\n"}
,{"stream_name":"stderr","time":11870.042577831,"data":"\r 64%|██████▍   | 548/852 [3:14:12\u003c39:28,  7.79s/it]\r 64%|██████▍   | 549/852 [3:14:18\u003c36:43,  7.27s/it]\r 64%|██████▍   | 549/852 [3:14:18\u003c36:43,  7.27s/it]\n"}
,{"stream_name":"stderr","time":11875.918375469,"data":"\r 64%|██████▍   | 549/852 [3:14:18\u003c36:43,  7.27s/it]\r 65%|██████▍   | 550/852 [3:14:24\u003c34:27,  6.85s/it]\r                                                   \r\r 65%|██████▍   | 550/852 [3:14:24\u003c34:27,  6.85s/it]\r 65%|██████▍   | 550/852 [3:14:24\u003c34:27,  6.85s/it]\r                                                   \r\r 65%|██████▍   | 550/852 [3:14:24\u003c34:27,  6.85s/it]\n"}
,{"stream_name":"stderr","time":11939.911507328,"data":"\r 65%|██████▍   | 550/852 [3:14:24\u003c34:27,  6.85s/it]\r                                                   \r\r 65%|██████▍   | 550/852 [3:14:24\u003c34:27,  6.85s/it]\r 65%|██████▍   | 551/852 [3:15:28\u003c2:00:19, 23.98s/it]\r 65%|██████▍   | 551/852 [3:15:28\u003c2:00:19, 23.98s/it]\n"}
,{"stream_name":"stderr","time":11990.239610483,"data":"\r 65%|██████▍   | 551/852 [3:15:28\u003c2:00:19, 23.98s/it]\r 65%|██████▍   | 552/852 [3:16:19\u003c2:39:27, 31.89s/it]\r 65%|██████▍   | 552/852 [3:16:19\u003c2:39:27, 31.89s/it]\n"}
,{"stream_name":"stderr","time":12033.136253749,"data":"\r 65%|██████▍   | 552/852 [3:16:19\u003c2:39:27, 31.89s/it]\r 65%|██████▍   | 553/852 [3:17:01\u003c2:55:23, 35.19s/it]\r 65%|██████▍   | 553/852 [3:17:01\u003c2:55:23, 35.19s/it]\n"}
,{"stream_name":"stderr","time":12071.755418177,"data":"\r 65%|██████▍   | 553/852 [3:17:01\u003c2:55:23, 35.19s/it]\r 65%|██████▌   | 554/852 [3:17:40\u003c2:59:53, 36.22s/it]\r 65%|██████▌   | 554/852 [3:17:40\u003c2:59:53, 36.22s/it]\n"}
,{"stream_name":"stderr","time":12104.864449701,"data":"\r 65%|██████▌   | 554/852 [3:17:40\u003c2:59:53, 36.22s/it]\r 65%|██████▌   | 555/852 [3:18:13\u003c2:54:40, 35.29s/it]\r 65%|██████▌   | 555/852 [3:18:13\u003c2:54:40, 35.29s/it]\n"}
,{"stream_name":"stderr","time":12136.177928344,"data":"\r 65%|██████▌   | 555/852 [3:18:13\u003c2:54:40, 35.29s/it]\r 65%|██████▌   | 556/852 [3:18:45\u003c2:48:12, 34.10s/it]\r 65%|██████▌   | 556/852 [3:18:45\u003c2:48:12, 34.10s/it]\n"}
,{"stream_name":"stderr","time":12166.503912084,"data":"\r 65%|██████▌   | 556/852 [3:18:45\u003c2:48:12, 34.10s/it]\r 65%|██████▌   | 557/852 [3:19:15\u003c2:42:04, 32.97s/it]\r 65%|██████▌   | 557/852 [3:19:15\u003c2:42:04, 32.97s/it]\n"}
,{"stream_name":"stderr","time":12194.183404726,"data":"\r 65%|██████▌   | 557/852 [3:19:15\u003c2:42:04, 32.97s/it]\r 65%|██████▌   | 558/852 [3:19:43\u003c2:33:47, 31.39s/it]\r 65%|██████▌   | 558/852 [3:19:43\u003c2:33:47, 31.39s/it]\n"}
,{"stream_name":"stderr","time":12220.504689324,"data":"\r 65%|██████▌   | 558/852 [3:19:43\u003c2:33:47, 31.39s/it]\r 66%|██████▌   | 559/852 [3:20:09\u003c2:25:48, 29.86s/it]\r 66%|██████▌   | 559/852 [3:20:09\u003c2:25:48, 29.86s/it]\n"}
,{"stream_name":"stderr","time":12246.173477894,"data":"\r 66%|██████▌   | 559/852 [3:20:09\u003c2:25:48, 29.86s/it]\r 66%|██████▌   | 560/852 [3:20:35\u003c2:19:14, 28.61s/it]\r                                                     \r\r 66%|██████▌   | 560/852 [3:20:35\u003c2:19:14, 28.61s/it]\r 66%|██████▌   | 560/852 [3:20:35\u003c2:19:14, 28.61s/it]\r                                                     \r\r 66%|██████▌   | 560/852 [3:20:35\u003c2:19:14, 28.61s/it]\n"}
,{"stream_name":"stderr","time":12271.439696871,"data":"\r 66%|██████▌   | 560/852 [3:20:35\u003c2:19:14, 28.61s/it]\r                                                     \r\r 66%|██████▌   | 560/852 [3:20:35\u003c2:19:14, 28.61s/it]\r 66%|██████▌   | 561/852 [3:21:00\u003c2:13:51, 27.60s/it]\r 66%|██████▌   | 561/852 [3:21:00\u003c2:13:51, 27.60s/it]\n"}
,{"stream_name":"stderr","time":12296.078433718,"data":"\r 66%|██████▌   | 561/852 [3:21:00\u003c2:13:51, 27.60s/it]\r 66%|██████▌   | 562/852 [3:21:24\u003c2:09:08, 26.72s/it]\r 66%|██████▌   | 562/852 [3:21:24\u003c2:09:08, 26.72s/it]\n"}
,{"stream_name":"stderr","time":12320.285891917,"data":"\r 66%|██████▌   | 562/852 [3:21:24\u003c2:09:08, 26.72s/it]\r 66%|██████▌   | 563/852 [3:21:49\u003c2:05:01, 25.96s/it]\r 66%|██████▌   | 563/852 [3:21:49\u003c2:05:01, 25.96s/it]\n"}
,{"stream_name":"stderr","time":12343.9032765,"data":"\r 66%|██████▌   | 563/852 [3:21:49\u003c2:05:01, 25.96s/it]\r 66%|██████▌   | 564/852 [3:22:12\u003c2:01:15, 25.26s/it]\r 66%|██████▌   | 564/852 [3:22:12\u003c2:01:15, 25.26s/it]\n"}
,{"stream_name":"stderr","time":12367.009556873,"data":"\r 66%|██████▌   | 564/852 [3:22:12\u003c2:01:15, 25.26s/it]\r 66%|██████▋   | 565/852 [3:22:35\u003c1:57:42, 24.61s/it]\r 66%|██████▋   | 565/852 [3:22:35\u003c1:57:42, 24.61s/it]\n"}
,{"stream_name":"stderr","time":12389.757860811,"data":"\r 66%|██████▋   | 565/852 [3:22:35\u003c1:57:42, 24.61s/it]\r 66%|██████▋   | 566/852 [3:22:58\u003c1:54:40, 24.06s/it]\r 66%|██████▋   | 566/852 [3:22:58\u003c1:54:40, 24.06s/it]\n"}
,{"stream_name":"stderr","time":12411.779397531,"data":"\r 66%|██████▋   | 566/852 [3:22:58\u003c1:54:40, 24.06s/it]\r 67%|██████▋   | 567/852 [3:23:20\u003c1:51:20, 23.44s/it]\r 67%|██████▋   | 567/852 [3:23:20\u003c1:51:20, 23.44s/it]\n"}
,{"stream_name":"stderr","time":12431.916212845,"data":"\r 67%|██████▋   | 567/852 [3:23:20\u003c1:51:20, 23.44s/it]\r 67%|██████▋   | 568/852 [3:23:40\u003c1:46:17, 22.46s/it]\r 67%|██████▋   | 568/852 [3:23:40\u003c1:46:17, 22.46s/it]\n"}
,{"stream_name":"stderr","time":12452.247110358,"data":"\r 67%|██████▋   | 568/852 [3:23:40\u003c1:46:17, 22.46s/it]\r 67%|██████▋   | 569/852 [3:24:01\u003c1:42:52, 21.81s/it]\r 67%|██████▋   | 569/852 [3:24:01\u003c1:42:52, 21.81s/it]\n"}
,{"stream_name":"stderr","time":12472.524034758,"data":"\r 67%|██████▋   | 569/852 [3:24:01\u003c1:42:52, 21.81s/it]\r 67%|██████▋   | 570/852 [3:24:21\u003c1:40:23, 21.36s/it]\r                                                     \r\r 67%|██████▋   | 570/852 [3:24:21\u003c1:40:23, 21.36s/it]\r 67%|██████▋   | 570/852 [3:24:21\u003c1:40:23, 21.36s/it]\r                                                     \r\r 67%|██████▋   | 570/852 [3:24:21\u003c1:40:23, 21.36s/it]\n"}
,{"stream_name":"stderr","time":12492.836417977,"data":"\r 67%|██████▋   | 570/852 [3:24:21\u003c1:40:23, 21.36s/it]\r                                                     \r\r 67%|██████▋   | 570/852 [3:24:21\u003c1:40:23, 21.36s/it]\r 67%|██████▋   | 571/852 [3:24:41\u003c1:38:31, 21.04s/it]\r 67%|██████▋   | 571/852 [3:24:41\u003c1:38:31, 21.04s/it]\n"}
,{"stream_name":"stderr","time":12512.693992803,"data":"\r 67%|██████▋   | 571/852 [3:24:41\u003c1:38:31, 21.04s/it]\r 67%|██████▋   | 572/852 [3:25:01\u003c1:36:33, 20.69s/it]\r 67%|██████▋   | 572/852 [3:25:01\u003c1:36:33, 20.69s/it]\n"}
,{"stream_name":"stderr","time":12532.482395088,"data":"\r 67%|██████▋   | 572/852 [3:25:01\u003c1:36:33, 20.69s/it]\r 67%|██████▋   | 573/852 [3:25:21\u003c1:34:55, 20.41s/it]\r 67%|██████▋   | 573/852 [3:25:21\u003c1:34:55, 20.41s/it]\n"}
,{"stream_name":"stderr","time":12552.04859928,"data":"\r 67%|██████▋   | 573/852 [3:25:21\u003c1:34:55, 20.41s/it]\r 67%|██████▋   | 574/852 [3:25:40\u003c1:33:26, 20.17s/it]\r 67%|██████▋   | 574/852 [3:25:40\u003c1:33:26, 20.17s/it]\n"}
,{"stream_name":"stderr","time":12571.52819918,"data":"\r 67%|██████▋   | 574/852 [3:25:40\u003c1:33:26, 20.17s/it]\r 67%|██████▋   | 575/852 [3:26:00\u003c1:32:06, 19.95s/it]\r 67%|██████▋   | 575/852 [3:26:00\u003c1:32:06, 19.95s/it]\n"}
,{"stream_name":"stderr","time":12590.789343487,"data":"\r 67%|██████▋   | 575/852 [3:26:00\u003c1:32:06, 19.95s/it]\r 68%|██████▊   | 576/852 [3:26:19\u003c1:30:51, 19.75s/it]\r 68%|██████▊   | 576/852 [3:26:19\u003c1:30:51, 19.75s/it]\n"}
,{"stream_name":"stderr","time":12609.438623817,"data":"\r 68%|██████▊   | 576/852 [3:26:19\u003c1:30:51, 19.75s/it]\r 68%|██████▊   | 577/852 [3:26:38\u003c1:28:57, 19.41s/it]\r 68%|██████▊   | 577/852 [3:26:38\u003c1:28:57, 19.41s/it]\n"}
,{"stream_name":"stderr","time":12627.694161687,"data":"\r 68%|██████▊   | 577/852 [3:26:38\u003c1:28:57, 19.41s/it]\r 68%|██████▊   | 578/852 [3:26:56\u003c1:27:06, 19.08s/it]\r 68%|██████▊   | 578/852 [3:26:56\u003c1:27:06, 19.08s/it]\n"}
,{"stream_name":"stderr","time":12645.77114832,"data":"\r 68%|██████▊   | 578/852 [3:26:56\u003c1:27:06, 19.08s/it]\r 68%|██████▊   | 579/852 [3:27:14\u003c1:25:22, 18.77s/it]\r 68%|██████▊   | 579/852 [3:27:14\u003c1:25:22, 18.77s/it]\n"}
,{"stream_name":"stderr","time":12663.51912231,"data":"\r 68%|██████▊   | 579/852 [3:27:14\u003c1:25:22, 18.77s/it]\r 68%|██████▊   | 580/852 [3:27:32\u003c1:23:44, 18.47s/it]\r                                                     \r\r 68%|██████▊   | 580/852 [3:27:32\u003c1:23:44, 18.47s/it]\r 68%|██████▊   | 580/852 [3:27:32\u003c1:23:44, 18.47s/it]\r                                                     \r\r 68%|██████▊   | 580/852 [3:27:32\u003c1:23:44, 18.47s/it]\n"}
,{"stream_name":"stderr","time":12680.716493013,"data":"\r 68%|██████▊   | 580/852 [3:27:32\u003c1:23:44, 18.47s/it]\r                                                     \r\r 68%|██████▊   | 580/852 [3:27:32\u003c1:23:44, 18.47s/it]\r 68%|██████▊   | 581/852 [3:27:49\u003c1:21:39, 18.08s/it]\r 68%|██████▊   | 581/852 [3:27:49\u003c1:21:39, 18.08s/it]\n"}
,{"stream_name":"stderr","time":12696.880263612,"data":"\r 68%|██████▊   | 581/852 [3:27:49\u003c1:21:39, 18.08s/it]\r 68%|██████▊   | 582/852 [3:28:05\u003c1:18:48, 17.51s/it]\r 68%|██████▊   | 582/852 [3:28:05\u003c1:18:48, 17.51s/it]\n"}
,{"stream_name":"stderr","time":12712.943310325,"data":"\r 68%|██████▊   | 582/852 [3:28:05\u003c1:18:48, 17.51s/it]\r 68%|██████▊   | 583/852 [3:28:21\u003c1:16:32, 17.07s/it]\r 68%|██████▊   | 583/852 [3:28:21\u003c1:16:32, 17.07s/it]\n"}
,{"stream_name":"stderr","time":12728.7076329,"data":"\r 68%|██████▊   | 583/852 [3:28:21\u003c1:16:32, 17.07s/it]\r 69%|██████▊   | 584/852 [3:28:37\u003c1:14:31, 16.69s/it]\r 69%|██████▊   | 584/852 [3:28:37\u003c1:14:31, 16.69s/it]\n"}
,{"stream_name":"stderr","time":12744.40816426,"data":"\r 69%|██████▊   | 584/852 [3:28:37\u003c1:14:31, 16.69s/it]\r 69%|██████▊   | 585/852 [3:28:53\u003c1:12:53, 16.38s/it]\r 69%|██████▊   | 585/852 [3:28:53\u003c1:12:53, 16.38s/it]\n"}
,{"stream_name":"stderr","time":12757.816255224,"data":"\r 69%|██████▊   | 585/852 [3:28:53\u003c1:12:53, 16.38s/it]\r 69%|██████▉   | 586/852 [3:29:06\u003c1:08:42, 15.50s/it]\r 69%|██████▉   | 586/852 [3:29:06\u003c1:08:42, 15.50s/it]\n"}
,{"stream_name":"stderr","time":12771.118090316,"data":"\r 69%|██████▉   | 586/852 [3:29:06\u003c1:08:42, 15.50s/it]\r 69%|██████▉   | 587/852 [3:29:19\u003c1:05:32, 14.84s/it]\r 69%|██████▉   | 587/852 [3:29:19\u003c1:05:32, 14.84s/it]\n"}
,{"stream_name":"stderr","time":12784.248255847,"data":"\r 69%|██████▉   | 587/852 [3:29:19\u003c1:05:32, 14.84s/it]\r 69%|██████▉   | 588/852 [3:29:33\u003c1:03:00, 14.32s/it]\r 69%|██████▉   | 588/852 [3:29:33\u003c1:03:00, 14.32s/it]\n"}
,{"stream_name":"stderr","time":12797.036344848,"data":"\r 69%|██████▉   | 588/852 [3:29:33\u003c1:03:00, 14.32s/it]\r 69%|██████▉   | 589/852 [3:29:45\u003c1:00:47, 13.87s/it]\r 69%|██████▉   | 589/852 [3:29:45\u003c1:00:47, 13.87s/it]\n"}
,{"stream_name":"stderr","time":12808.730025725,"data":"\r 69%|██████▉   | 589/852 [3:29:45\u003c1:00:47, 13.87s/it]\r 69%|██████▉   | 590/852 [3:29:57\u003c57:42, 13.22s/it]  \r                                                   \r\r 69%|██████▉   | 590/852 [3:29:57\u003c57:42, 13.22s/it]\r 69%|██████▉   | 590/852 [3:29:57\u003c57:42, 13.22s/it]  \r                                                   \r\r 69%|██████▉   | 590/852 [3:29:57\u003c57:42, 13.22s/it]\n"}
,{"stream_name":"stderr","time":12819.421930731,"data":"\r 69%|██████▉   | 590/852 [3:29:57\u003c57:42, 13.22s/it]  \r                                                   \r\r 69%|██████▉   | 590/852 [3:29:57\u003c57:42, 13.22s/it]\r 69%|██████▉   | 591/852 [3:30:08\u003c54:09, 12.45s/it]\r 69%|██████▉   | 591/852 [3:30:08\u003c54:09, 12.45s/it]\n"}
,{"stream_name":"stderr","time":12828.639978605,"data":"\r 69%|██████▉   | 591/852 [3:30:08\u003c54:09, 12.45s/it]\r 69%|██████▉   | 592/852 [3:30:17\u003c49:47, 11.49s/it]\r 69%|██████▉   | 592/852 [3:30:17\u003c49:47, 11.49s/it]\n"}
,{"stream_name":"stderr","time":12837.303533886,"data":"\r 69%|██████▉   | 592/852 [3:30:17\u003c49:47, 11.49s/it]\r 70%|██████▉   | 593/852 [3:30:26\u003c45:56, 10.64s/it]\r 70%|██████▉   | 593/852 [3:30:26\u003c45:56, 10.64s/it]\n"}
,{"stream_name":"stderr","time":12844.687225005,"data":"\r 70%|██████▉   | 593/852 [3:30:26\u003c45:56, 10.64s/it]\r 70%|██████▉   | 594/852 [3:30:33\u003c41:33,  9.66s/it]\r 70%|██████▉   | 594/852 [3:30:33\u003c41:33,  9.66s/it]\n"}
,{"stream_name":"stderr","time":12851.745849,"data":"\r 70%|██████▉   | 594/852 [3:30:33\u003c41:33,  9.66s/it]\r 70%|██████▉   | 595/852 [3:30:40\u003c38:00,  8.87s/it]\r 70%|██████▉   | 595/852 [3:30:40\u003c38:00,  8.87s/it]\n"}
,{"stream_name":"stderr","time":12858.51752393,"data":"\r 70%|██████▉   | 595/852 [3:30:40\u003c38:00,  8.87s/it]\r 70%|██████▉   | 596/852 [3:30:47\u003c35:12,  8.25s/it]\r 70%|██████▉   | 596/852 [3:30:47\u003c35:12,  8.25s/it]\n"}
,{"stream_name":"stderr","time":12864.97029263,"data":"\r 70%|██████▉   | 596/852 [3:30:47\u003c35:12,  8.25s/it]\r 70%|███████   | 597/852 [3:30:53\u003c32:46,  7.71s/it]\r 70%|███████   | 597/852 [3:30:53\u003c32:46,  7.71s/it]\n"}
,{"stream_name":"stderr","time":12871.174987825,"data":"\r 70%|███████   | 597/852 [3:30:53\u003c32:46,  7.71s/it]\r 70%|███████   | 598/852 [3:31:00\u003c30:43,  7.26s/it]\r 70%|███████   | 598/852 [3:31:00\u003c30:43,  7.26s/it]\n"}
,{"stream_name":"stderr","time":12877.130204584,"data":"\r 70%|███████   | 598/852 [3:31:00\u003c30:43,  7.26s/it]\r 70%|███████   | 599/852 [3:31:05\u003c28:57,  6.87s/it]\r 70%|███████   | 599/852 [3:31:05\u003c28:57,  6.87s/it]\n"}
,{"stream_name":"stderr","time":12882.729549271,"data":"\r 70%|███████   | 599/852 [3:31:05\u003c28:57,  6.87s/it]\r 70%|███████   | 600/852 [3:31:11\u003c27:12,  6.48s/it]\r                                                   \r\r 70%|███████   | 600/852 [3:31:11\u003c27:12,  6.48s/it]\r 70%|███████   | 600/852 [3:31:11\u003c27:12,  6.48s/it]\r                                                   \r\r 70%|███████   | 600/852 [3:31:11\u003c27:12,  6.48s/it]\n"}
,{"stream_name":"stderr","time":12883.758868364,"data":"\r 70%|███████   | 600/852 [3:31:11\u003c27:12,  6.48s/it]\r                                                   \r\r 70%|███████   | 600/852 [3:31:11\u003c27:12,  6.48s/it]Unsloth: Restored added_tokens_decoder metadata in outputs/run3/checkpoint-600/tokenizer_config.json.\n"}
,{"stream_name":"stderr","time":12883.961297503,"data":"Unsloth: Restored added_tokens_decoder metadata in outputs/run3/checkpoint-600/tokenizer_config.json.\n"}
,{"stream_name":"stderr","time":12883.961324057,"data":"\n"}
,{"stream_name":"stderr","time":12883.961329179,"data":"Unsloth: Restored added_tokens_decoder metadata in outputs/run3/checkpoint-600/tokenizer_config.json.\n"}
,{"stream_name":"stderr","time":12948.064678661,"data":"\r 71%|███████   | 601/852 [3:32:16\u003c1:40:58, 24.14s/it]\r 71%|███████   | 601/852 [3:32:16\u003c1:40:58, 24.14s/it]\n"}
,{"stream_name":"stderr","time":13000.946979675,"data":"\r 71%|███████   | 601/852 [3:32:16\u003c1:40:58, 24.14s/it]\r 71%|███████   | 602/852 [3:33:09\u003c2:16:29, 32.76s/it]\r 71%|███████   | 602/852 [3:33:09\u003c2:16:29, 32.76s/it]\n"}
,{"stream_name":"stderr","time":13046.659333786,"data":"\r 71%|███████   | 602/852 [3:33:09\u003c2:16:29, 32.76s/it]\r 71%|███████   | 603/852 [3:33:55\u003c2:32:04, 36.64s/it]\r 71%|███████   | 603/852 [3:33:55\u003c2:32:04, 36.64s/it]\n"}
,{"stream_name":"stderr","time":13086.684579527,"data":"\r 71%|███████   | 603/852 [3:33:55\u003c2:32:04, 36.64s/it]\r 71%|███████   | 604/852 [3:34:35\u003c2:35:39, 37.66s/it]\r 71%|███████   | 604/852 [3:34:35\u003c2:35:39, 37.66s/it]\n"}
,{"stream_name":"stderr","time":13120.372566868,"data":"\r 71%|███████   | 604/852 [3:34:35\u003c2:35:39, 37.66s/it]\r 71%|███████   | 605/852 [3:35:09\u003c2:30:07, 36.47s/it]\r 71%|███████   | 605/852 [3:35:09\u003c2:30:07, 36.47s/it]\n"}
,{"stream_name":"stderr","time":13151.743499617,"data":"\r 71%|███████   | 605/852 [3:35:09\u003c2:30:07, 36.47s/it]\r 71%|███████   | 606/852 [3:35:40\u003c2:23:15, 34.94s/it]\r 71%|███████   | 606/852 [3:35:40\u003c2:23:15, 34.94s/it]\n"}
,{"stream_name":"stderr","time":13182.089042533,"data":"\r 71%|███████   | 606/852 [3:35:40\u003c2:23:15, 34.94s/it]\r 71%|███████   | 607/852 [3:36:10\u003c2:17:02, 33.56s/it]\r 71%|███████   | 607/852 [3:36:10\u003c2:17:02, 33.56s/it]\n"}
,{"stream_name":"stderr","time":13211.684362524,"data":"\r 71%|███████   | 607/852 [3:36:10\u003c2:17:02, 33.56s/it]\r 71%|███████▏  | 608/852 [3:36:40\u003c2:11:40, 32.38s/it]\r 71%|███████▏  | 608/852 [3:36:40\u003c2:11:40, 32.38s/it]\n"}
,{"stream_name":"stderr","time":13238.33955456,"data":"\r 71%|███████▏  | 608/852 [3:36:40\u003c2:11:40, 32.38s/it]\r 71%|███████▏  | 609/852 [3:37:07\u003c2:04:08, 30.65s/it]\r 71%|███████▏  | 609/852 [3:37:07\u003c2:04:08, 30.65s/it]\n"}
,{"stream_name":"stderr","time":13264.652741309,"data":"\r 71%|███████▏  | 609/852 [3:37:07\u003c2:04:08, 30.65s/it]\r 72%|███████▏  | 610/852 [3:37:33\u003c1:58:25, 29.36s/it]\r                                                     \r\r 72%|███████▏  | 610/852 [3:37:33\u003c1:58:25, 29.36s/it]\r 72%|███████▏  | 610/852 [3:37:33\u003c1:58:25, 29.36s/it]\r                                                     \r\r 72%|███████▏  | 610/852 [3:37:33\u003c1:58:25, 29.36s/it]\n"}
,{"stream_name":"stderr","time":13290.69945551,"data":"\r 72%|███████▏  | 610/852 [3:37:33\u003c1:58:25, 29.36s/it]\r                                                     \r\r 72%|███████▏  | 610/852 [3:37:33\u003c1:58:25, 29.36s/it]\r 72%|███████▏  | 611/852 [3:37:59\u003c1:53:53, 28.36s/it]\r 72%|███████▏  | 611/852 [3:37:59\u003c1:53:53, 28.36s/it]\n"}
,{"stream_name":"stderr","time":13316.195233036,"data":"\r 72%|███████▏  | 611/852 [3:37:59\u003c1:53:53, 28.36s/it]\r 72%|███████▏  | 612/852 [3:38:25\u003c1:50:01, 27.51s/it]\r 72%|███████▏  | 612/852 [3:38:25\u003c1:50:01, 27.51s/it]\n"}
,{"stream_name":"stderr","time":13342.293409436,"data":"\r 72%|███████▏  | 612/852 [3:38:25\u003c1:50:01, 27.51s/it]\r 72%|███████▏  | 613/852 [3:38:51\u003c1:47:50, 27.08s/it]\r 72%|███████▏  | 613/852 [3:38:51\u003c1:47:50, 27.08s/it]\n"}
,{"stream_name":"stderr","time":13366.989001456,"data":"\r 72%|███████▏  | 613/852 [3:38:51\u003c1:47:50, 27.08s/it]\r 72%|███████▏  | 614/852 [3:39:15\u003c1:44:36, 26.37s/it]\r 72%|███████▏  | 614/852 [3:39:15\u003c1:44:36, 26.37s/it]\n"}
,{"stream_name":"stderr","time":13391.631075045,"data":"\r 72%|███████▏  | 614/852 [3:39:15\u003c1:44:36, 26.37s/it]\r 72%|███████▏  | 615/852 [3:39:40\u003c1:42:05, 25.84s/it]\r 72%|███████▏  | 615/852 [3:39:40\u003c1:42:05, 25.84s/it]\n"}
,{"stream_name":"stderr","time":13415.923170013,"data":"\r 72%|███████▏  | 615/852 [3:39:40\u003c1:42:05, 25.84s/it]\r 72%|███████▏  | 616/852 [3:40:04\u003c1:39:51, 25.39s/it]\r 72%|███████▏  | 616/852 [3:40:04\u003c1:39:51, 25.39s/it]\n"}
,{"stream_name":"stderr","time":13439.739615668,"data":"\r 72%|███████▏  | 616/852 [3:40:04\u003c1:39:51, 25.39s/it]\r 72%|███████▏  | 617/852 [3:40:28\u003c1:37:32, 24.90s/it]\r 72%|███████▏  | 617/852 [3:40:28\u003c1:37:32, 24.90s/it]\n"}
,{"stream_name":"stderr","time":13462.899205024,"data":"\r 72%|███████▏  | 617/852 [3:40:28\u003c1:37:32, 24.90s/it]\r 73%|███████▎  | 618/852 [3:40:51\u003c1:35:07, 24.39s/it]\r 73%|███████▎  | 618/852 [3:40:51\u003c1:35:07, 24.39s/it]\n"}
,{"stream_name":"stderr","time":13485.818756948,"data":"\r 73%|███████▎  | 618/852 [3:40:51\u003c1:35:07, 24.39s/it]\r 73%|███████▎  | 619/852 [3:41:14\u003c1:32:58, 23.94s/it]\r 73%|███████▎  | 619/852 [3:41:14\u003c1:32:58, 23.94s/it]\n"}
,{"stream_name":"stderr","time":13508.43964627,"data":"\r 73%|███████▎  | 619/852 [3:41:14\u003c1:32:58, 23.94s/it]\r 73%|███████▎  | 620/852 [3:41:37\u003c1:31:04, 23.55s/it]\r                                                     \r\r 73%|███████▎  | 620/852 [3:41:37\u003c1:31:04, 23.55s/it]\r 73%|███████▎  | 620/852 [3:41:37\u003c1:31:04, 23.55s/it]\r                                                     \r\r 73%|███████▎  | 620/852 [3:41:37\u003c1:31:04, 23.55s/it]\n"}
,{"stream_name":"stderr","time":13528.734795967,"data":"\r 73%|███████▎  | 620/852 [3:41:37\u003c1:31:04, 23.55s/it]\r                                                     \r\r 73%|███████▎  | 620/852 [3:41:37\u003c1:31:04, 23.55s/it]\r 73%|███████▎  | 621/852 [3:41:57\u003c1:26:52, 22.57s/it]\r 73%|███████▎  | 621/852 [3:41:57\u003c1:26:52, 22.57s/it]\n"}
,{"stream_name":"stderr","time":13548.957456117,"data":"\r 73%|███████▎  | 621/852 [3:41:57\u003c1:26:52, 22.57s/it]\r 73%|███████▎  | 622/852 [3:42:17\u003c1:23:50, 21.87s/it]\r 73%|███████▎  | 622/852 [3:42:17\u003c1:23:50, 21.87s/it]\n"}
,{"stream_name":"stderr","time":13569.259904382,"data":"\r 73%|███████▎  | 622/852 [3:42:17\u003c1:23:50, 21.87s/it]\r 73%|███████▎  | 623/852 [3:42:38\u003c1:21:38, 21.39s/it]\r 73%|███████▎  | 623/852 [3:42:38\u003c1:21:38, 21.39s/it]\n"}
,{"stream_name":"stderr","time":13589.663580273,"data":"\r 73%|███████▎  | 623/852 [3:42:38\u003c1:21:38, 21.39s/it]\r 73%|███████▎  | 624/852 [3:42:58\u003c1:20:12, 21.11s/it]\r 73%|███████▎  | 624/852 [3:42:58\u003c1:20:12, 21.11s/it]\n"}
,{"stream_name":"stderr","time":13609.593169006,"data":"\r 73%|███████▎  | 624/852 [3:42:58\u003c1:20:12, 21.11s/it]\r 73%|███████▎  | 625/852 [3:43:18\u003c1:18:29, 20.75s/it]\r 73%|███████▎  | 625/852 [3:43:18\u003c1:18:29, 20.75s/it]\n"}
,{"stream_name":"stderr","time":13629.256696616,"data":"\r 73%|███████▎  | 625/852 [3:43:18\u003c1:18:29, 20.75s/it]\r 73%|███████▎  | 626/852 [3:43:38\u003c1:16:56, 20.43s/it]\r 73%|███████▎  | 626/852 [3:43:38\u003c1:16:56, 20.43s/it]\n"}
,{"stream_name":"stderr","time":13648.80617765,"data":"\r 73%|███████▎  | 626/852 [3:43:38\u003c1:16:56, 20.43s/it]\r 74%|███████▎  | 627/852 [3:43:57\u003c1:15:35, 20.16s/it]\r 74%|███████▎  | 627/852 [3:43:57\u003c1:15:35, 20.16s/it]\n"}
,{"stream_name":"stderr","time":13668.00116342,"data":"\r 74%|███████▎  | 627/852 [3:43:57\u003c1:15:35, 20.16s/it]\r 74%|███████▎  | 628/852 [3:44:16\u003c1:14:12, 19.88s/it]\r 74%|███████▎  | 628/852 [3:44:16\u003c1:14:12, 19.88s/it]\n"}
,{"stream_name":"stderr","time":13686.254813065,"data":"\r 74%|███████▎  | 628/852 [3:44:16\u003c1:14:12, 19.88s/it]\r 74%|███████▍  | 629/852 [3:44:35\u003c1:12:01, 19.38s/it]\r 74%|███████▍  | 629/852 [3:44:35\u003c1:12:01, 19.38s/it]\n"}
,{"stream_name":"stderr","time":13704.222126394,"data":"\r 74%|███████▍  | 629/852 [3:44:35\u003c1:12:01, 19.38s/it]\r 74%|███████▍  | 630/852 [3:44:53\u003c1:10:10, 18.97s/it]\r                                                     \r\r 74%|███████▍  | 630/852 [3:44:53\u003c1:10:10, 18.97s/it]\r 74%|███████▍  | 630/852 [3:44:53\u003c1:10:10, 18.97s/it]\r                                                     \r\r 74%|███████▍  | 630/852 [3:44:53\u003c1:10:10, 18.97s/it]\n"}
,{"stream_name":"stderr","time":13722.01513847,"data":"\r 74%|███████▍  | 630/852 [3:44:53\u003c1:10:10, 18.97s/it]\r                                                     \r\r 74%|███████▍  | 630/852 [3:44:53\u003c1:10:10, 18.97s/it]\r 74%|███████▍  | 631/852 [3:45:10\u003c1:08:31, 18.60s/it]\r 74%|███████▍  | 631/852 [3:45:10\u003c1:08:31, 18.60s/it]\n"}
,{"stream_name":"stderr","time":13738.980726097,"data":"\r 74%|███████▍  | 631/852 [3:45:10\u003c1:08:31, 18.60s/it]\r 74%|███████▍  | 632/852 [3:45:27\u003c1:06:26, 18.12s/it]\r 74%|███████▍  | 632/852 [3:45:27\u003c1:06:26, 18.12s/it]\n"}
,{"stream_name":"stderr","time":13755.230297799,"data":"\r 74%|███████▍  | 632/852 [3:45:27\u003c1:06:26, 18.12s/it]\r 74%|███████▍  | 633/852 [3:45:44\u003c1:04:04, 17.55s/it]\r 74%|███████▍  | 633/852 [3:45:44\u003c1:04:04, 17.55s/it]\n"}
,{"stream_name":"stderr","time":13771.297471567,"data":"\r 74%|███████▍  | 633/852 [3:45:44\u003c1:04:04, 17.55s/it]\r 74%|███████▍  | 634/852 [3:46:00\u003c1:02:11, 17.11s/it]\r 74%|███████▍  | 634/852 [3:46:00\u003c1:02:11, 17.11s/it]\n"}
,{"stream_name":"stderr","time":13787.235429928,"data":"\r 74%|███████▍  | 634/852 [3:46:00\u003c1:02:11, 17.11s/it]\r 75%|███████▍  | 635/852 [3:46:16\u003c1:00:35, 16.75s/it]\r 75%|███████▍  | 635/852 [3:46:16\u003c1:00:35, 16.75s/it]\n"}
,{"stream_name":"stderr","time":13802.123562228,"data":"\r 75%|███████▍  | 635/852 [3:46:16\u003c1:00:35, 16.75s/it]\r 75%|███████▍  | 636/852 [3:46:30\u003c58:19, 16.20s/it]  \r 75%|███████▍  | 636/852 [3:46:30\u003c58:19, 16.20s/it]  \n"}
,{"stream_name":"stderr","time":13815.491066297,"data":"\r 75%|███████▍  | 636/852 [3:46:30\u003c58:19, 16.20s/it]  \r 75%|███████▍  | 637/852 [3:46:44\u003c55:00, 15.35s/it]\r 75%|███████▍  | 637/852 [3:46:44\u003c55:00, 15.35s/it]\n"}
,{"stream_name":"stderr","time":13828.758808257,"data":"\r 75%|███████▍  | 637/852 [3:46:44\u003c55:00, 15.35s/it]\r 75%|███████▍  | 638/852 [3:46:57\u003c52:29, 14.72s/it]\r 75%|███████▍  | 638/852 [3:46:57\u003c52:29, 14.72s/it]\n"}
,{"stream_name":"stderr","time":13841.717177344,"data":"\r 75%|███████▍  | 638/852 [3:46:57\u003c52:29, 14.72s/it]\r 75%|███████▌  | 639/852 [3:47:10\u003c50:24, 14.20s/it]\r 75%|███████▌  | 639/852 [3:47:10\u003c50:24, 14.20s/it]\n"}
,{"stream_name":"stderr","time":13854.248079795,"data":"\r 75%|███████▌  | 639/852 [3:47:10\u003c50:24, 14.20s/it]\r 75%|███████▌  | 640/852 [3:47:23\u003c48:24, 13.70s/it]\r                                                   \r\r 75%|███████▌  | 640/852 [3:47:23\u003c48:24, 13.70s/it]\r 75%|███████▌  | 640/852 [3:47:23\u003c48:24, 13.70s/it]\r                                                   \r\r 75%|███████▌  | 640/852 [3:47:23\u003c48:24, 13.70s/it]\n"}
,{"stream_name":"stderr","time":13865.506192345,"data":"\r 75%|███████▌  | 640/852 [3:47:23\u003c48:24, 13.70s/it]\r                                                   \r\r 75%|███████▌  | 640/852 [3:47:23\u003c48:24, 13.70s/it]\r 75%|███████▌  | 641/852 [3:47:34\u003c45:34, 12.96s/it]\r 75%|███████▌  | 641/852 [3:47:34\u003c45:34, 12.96s/it]\n"}
,{"stream_name":"stderr","time":13875.613439031,"data":"\r 75%|███████▌  | 641/852 [3:47:34\u003c45:34, 12.96s/it]\r 75%|███████▌  | 642/852 [3:47:44\u003c42:23, 12.11s/it]\r 75%|███████▌  | 642/852 [3:47:44\u003c42:23, 12.11s/it]\n"}
,{"stream_name":"stderr","time":13884.463058932,"data":"\r 75%|███████▌  | 642/852 [3:47:44\u003c42:23, 12.11s/it]\r 75%|███████▌  | 643/852 [3:47:53\u003c38:46, 11.13s/it]\r 75%|███████▌  | 643/852 [3:47:53\u003c38:46, 11.13s/it]\n"}
,{"stream_name":"stderr","time":13892.261525121,"data":"\r 75%|███████▌  | 643/852 [3:47:53\u003c38:46, 11.13s/it]\r 76%|███████▌  | 644/852 [3:48:01\u003c35:07, 10.13s/it]\r 76%|███████▌  | 644/852 [3:48:01\u003c35:07, 10.13s/it]\n"}
,{"stream_name":"stderr","time":13899.375762428,"data":"\r 76%|███████▌  | 644/852 [3:48:01\u003c35:07, 10.13s/it]\r 76%|███████▌  | 645/852 [3:48:08\u003c31:48,  9.22s/it]\r 76%|███████▌  | 645/852 [3:48:08\u003c31:48,  9.22s/it]\n"}
,{"stream_name":"stderr","time":13906.203270362,"data":"\r 76%|███████▌  | 645/852 [3:48:08\u003c31:48,  9.22s/it]\r 76%|███████▌  | 646/852 [3:48:15\u003c29:12,  8.51s/it]\r 76%|███████▌  | 646/852 [3:48:15\u003c29:12,  8.51s/it]\n"}
,{"stream_name":"stderr","time":13912.669403188,"data":"\r 76%|███████▌  | 646/852 [3:48:15\u003c29:12,  8.51s/it]\r 76%|███████▌  | 647/852 [3:48:21\u003c26:58,  7.90s/it]\r 76%|███████▌  | 647/852 [3:48:21\u003c26:58,  7.90s/it]\n"}
,{"stream_name":"stderr","time":13918.860289215,"data":"\r 76%|███████▌  | 647/852 [3:48:21\u003c26:58,  7.90s/it]\r 76%|███████▌  | 648/852 [3:48:27\u003c25:06,  7.38s/it]\r 76%|███████▌  | 648/852 [3:48:27\u003c25:06,  7.38s/it]\n"}
,{"stream_name":"stderr","time":13924.857847567,"data":"\r 76%|███████▌  | 648/852 [3:48:27\u003c25:06,  7.38s/it]\r 76%|███████▌  | 649/852 [3:48:33\u003c23:34,  6.97s/it]\r 76%|███████▌  | 649/852 [3:48:33\u003c23:34,  6.97s/it]\n"}
,{"stream_name":"stderr","time":13930.505353108,"data":"\r 76%|███████▌  | 649/852 [3:48:33\u003c23:34,  6.97s/it]\r 76%|███████▋  | 650/852 [3:48:39\u003c22:05,  6.56s/it]\r                                                   \r\r 76%|███████▋  | 650/852 [3:48:39\u003c22:05,  6.56s/it]\r 76%|███████▋  | 650/852 [3:48:39\u003c22:05,  6.56s/it]\r                                                   \r\r 76%|███████▋  | 650/852 [3:48:39\u003c22:05,  6.56s/it]\n"}
,{"stream_name":"stderr","time":13997.807914709,"data":"\r 76%|███████▋  | 650/852 [3:48:39\u003c22:05,  6.56s/it]\r                                                   \r\r 76%|███████▋  | 650/852 [3:48:39\u003c22:05,  6.56s/it]\r 76%|███████▋  | 651/852 [3:49:46\u003c1:23:01, 24.79s/it]\r 76%|███████▋  | 651/852 [3:49:46\u003c1:23:01, 24.79s/it]\n"}
,{"stream_name":"stderr","time":14053.157135181,"data":"\r 76%|███████▋  | 651/852 [3:49:46\u003c1:23:01, 24.79s/it]\r 77%|███████▋  | 652/852 [3:50:41\u003c1:53:04, 33.92s/it]\r 77%|███████▋  | 652/852 [3:50:41\u003c1:53:04, 33.92s/it]\n"}
,{"stream_name":"stderr","time":14101.520617262,"data":"\r 77%|███████▋  | 652/852 [3:50:41\u003c1:53:04, 33.92s/it]\r 77%|███████▋  | 653/852 [3:51:30\u003c2:06:58, 38.28s/it]\r 77%|███████▋  | 653/852 [3:51:30\u003c2:06:58, 38.28s/it]\n"}
,{"stream_name":"stderr","time":14148.221838291,"data":"\r 77%|███████▋  | 653/852 [3:51:30\u003c2:06:58, 38.28s/it]\r 77%|███████▋  | 654/852 [3:52:17\u003c2:14:40, 40.81s/it]\r 77%|███████▋  | 654/852 [3:52:17\u003c2:14:40, 40.81s/it]\n"}
,{"stream_name":"stderr","time":14189.465710653,"data":"\r 77%|███████▋  | 654/852 [3:52:17\u003c2:14:40, 40.81s/it]\r 77%|███████▋  | 655/852 [3:52:58\u003c2:14:25, 40.94s/it]\r 77%|███████▋  | 655/852 [3:52:58\u003c2:14:25, 40.94s/it]\n"}
,{"stream_name":"stderr","time":14227.552878834,"data":"\r 77%|███████▋  | 655/852 [3:52:58\u003c2:14:25, 40.94s/it]\r 77%|███████▋  | 656/852 [3:53:36\u003c2:10:56, 40.09s/it]\r 77%|███████▋  | 656/852 [3:53:36\u003c2:10:56, 40.09s/it]\n"}
,{"stream_name":"stderr","time":14262.088791805,"data":"\r 77%|███████▋  | 656/852 [3:53:36\u003c2:10:56, 40.09s/it]\r 77%|███████▋  | 657/852 [3:54:10\u003c2:04:51, 38.42s/it]\r 77%|███████▋  | 657/852 [3:54:10\u003c2:04:51, 38.42s/it]\n"}
,{"stream_name":"stderr","time":14293.502983128,"data":"\r 77%|███████▋  | 657/852 [3:54:10\u003c2:04:51, 38.42s/it]\r 77%|███████▋  | 658/852 [3:54:42\u003c1:57:25, 36.32s/it]\r 77%|███████▋  | 658/852 [3:54:42\u003c1:57:25, 36.32s/it]\n"}
,{"stream_name":"stderr","time":14323.547015206,"data":"\r 77%|███████▋  | 658/852 [3:54:42\u003c1:57:25, 36.32s/it]\r 77%|███████▋  | 659/852 [3:55:12\u003c1:50:45, 34.43s/it]\r 77%|███████▋  | 659/852 [3:55:12\u003c1:50:45, 34.43s/it]\n"}
,{"stream_name":"stderr","time":14350.468345811,"data":"\r 77%|███████▋  | 659/852 [3:55:12\u003c1:50:45, 34.43s/it]\r 77%|███████▋  | 660/852 [3:55:39\u003c1:43:00, 32.19s/it]\r                                                     \r\r 77%|███████▋  | 660/852 [3:55:39\u003c1:43:00, 32.19s/it]\r 77%|███████▋  | 660/852 [3:55:39\u003c1:43:00, 32.19s/it]\r                                                     \r\r 77%|███████▋  | 660/852 [3:55:39\u003c1:43:00, 32.19s/it]\n"}
,{"stream_name":"stderr","time":14376.710783949,"data":"\r 77%|███████▋  | 660/852 [3:55:39\u003c1:43:00, 32.19s/it]\r                                                     \r\r 77%|███████▋  | 660/852 [3:55:39\u003c1:43:00, 32.19s/it]\r 78%|███████▊  | 661/852 [3:56:05\u003c1:36:46, 30.40s/it]\r 78%|███████▊  | 661/852 [3:56:05\u003c1:36:46, 30.40s/it]\n"}
,{"stream_name":"stderr","time":14402.151641267,"data":"\r 78%|███████▊  | 661/852 [3:56:05\u003c1:36:46, 30.40s/it]\r 78%|███████▊  | 662/852 [3:56:31\u003c1:31:34, 28.92s/it]\r 78%|███████▊  | 662/852 [3:56:31\u003c1:31:34, 28.92s/it]\n"}
,{"stream_name":"stderr","time":14427.994880373,"data":"\r 78%|███████▊  | 662/852 [3:56:31\u003c1:31:34, 28.92s/it]\r 78%|███████▊  | 663/852 [3:56:56\u003c1:28:09, 27.99s/it]\r 78%|███████▊  | 663/852 [3:56:56\u003c1:28:09, 27.99s/it]\n"}
,{"stream_name":"stderr","time":14452.661878863,"data":"\r 78%|███████▊  | 663/852 [3:56:56\u003c1:28:09, 27.99s/it]\r 78%|███████▊  | 664/852 [3:57:21\u003c1:24:36, 27.00s/it]\r 78%|███████▊  | 664/852 [3:57:21\u003c1:24:36, 27.00s/it]\n"}
,{"stream_name":"stderr","time":14477.13666921,"data":"\r 78%|███████▊  | 664/852 [3:57:21\u003c1:24:36, 27.00s/it]\r 78%|███████▊  | 665/852 [3:57:45\u003c1:21:45, 26.23s/it]\r 78%|███████▊  | 665/852 [3:57:45\u003c1:21:45, 26.23s/it]\n"}
,{"stream_name":"stderr","time":14501.192979356,"data":"\r 78%|███████▊  | 665/852 [3:57:45\u003c1:21:45, 26.23s/it]\r 78%|███████▊  | 666/852 [3:58:10\u003c1:19:19, 25.59s/it]\r 78%|███████▊  | 666/852 [3:58:10\u003c1:19:19, 25.59s/it]\n"}
,{"stream_name":"stderr","time":14524.488967827,"data":"\r 78%|███████▊  | 666/852 [3:58:10\u003c1:19:19, 25.59s/it]\r 78%|███████▊  | 667/852 [3:58:33\u003c1:16:45, 24.89s/it]\r 78%|███████▊  | 667/852 [3:58:33\u003c1:16:45, 24.89s/it]\n"}
,{"stream_name":"stderr","time":14547.355787639,"data":"\r 78%|███████▊  | 667/852 [3:58:33\u003c1:16:45, 24.89s/it]\r 78%|███████▊  | 668/852 [3:58:56\u003c1:14:30, 24.29s/it]\r 78%|███████▊  | 668/852 [3:58:56\u003c1:14:30, 24.29s/it]\n"}
,{"stream_name":"stderr","time":14570.034010222,"data":"\r 78%|███████▊  | 668/852 [3:58:56\u003c1:14:30, 24.29s/it]\r 79%|███████▊  | 669/852 [3:59:18\u003c1:12:35, 23.80s/it]\r 79%|███████▊  | 669/852 [3:59:18\u003c1:12:35, 23.80s/it]\n"}
,{"stream_name":"stderr","time":14591.693386967,"data":"\r 79%|███████▊  | 669/852 [3:59:18\u003c1:12:35, 23.80s/it]\r 79%|███████▊  | 670/852 [3:59:40\u003c1:10:16, 23.17s/it]\r                                                     \r\r 79%|███████▊  | 670/852 [3:59:40\u003c1:10:16, 23.17s/it]\r 79%|███████▊  | 670/852 [3:59:40\u003c1:10:16, 23.17s/it]\r                                                     \r\r 79%|███████▊  | 670/852 [3:59:40\u003c1:10:16, 23.17s/it]\n"}
,{"stream_name":"stderr","time":14612.002727559,"data":"\r 79%|███████▊  | 670/852 [3:59:40\u003c1:10:16, 23.17s/it]\r                                                     \r\r 79%|███████▊  | 670/852 [3:59:40\u003c1:10:16, 23.17s/it]\r 79%|███████▉  | 671/852 [4:00:00\u003c1:07:16, 22.30s/it]\r 79%|███████▉  | 671/852 [4:00:00\u003c1:07:16, 22.30s/it]\n"}
,{"stream_name":"stderr","time":14632.143590242,"data":"\r 79%|███████▉  | 671/852 [4:00:00\u003c1:07:16, 22.30s/it]\r 79%|███████▉  | 672/852 [4:00:20\u003c1:04:59, 21.66s/it]\r 79%|███████▉  | 672/852 [4:00:20\u003c1:04:59, 21.66s/it]\n"}
,{"stream_name":"stderr","time":14652.465046585,"data":"\r 79%|███████▉  | 672/852 [4:00:20\u003c1:04:59, 21.66s/it]\r 79%|███████▉  | 673/852 [4:00:41\u003c1:03:23, 21.25s/it]\r 79%|███████▉  | 673/852 [4:00:41\u003c1:03:23, 21.25s/it]\n"}
,{"stream_name":"stderr","time":14672.351686663,"data":"\r 79%|███████▉  | 673/852 [4:00:41\u003c1:03:23, 21.25s/it]\r 79%|███████▉  | 674/852 [4:01:01\u003c1:01:51, 20.85s/it]\r 79%|███████▉  | 674/852 [4:01:01\u003c1:01:51, 20.85s/it]\n"}
,{"stream_name":"stderr","time":14692.031166206,"data":"\r 79%|███████▉  | 674/852 [4:01:01\u003c1:01:51, 20.85s/it]\r 79%|███████▉  | 675/852 [4:01:20\u003c1:00:26, 20.49s/it]\r 79%|███████▉  | 675/852 [4:01:20\u003c1:00:26, 20.49s/it]\n"}
,{"stream_name":"stderr","time":14711.600689721,"data":"\r 79%|███████▉  | 675/852 [4:01:20\u003c1:00:26, 20.49s/it]\r 79%|███████▉  | 676/852 [4:01:40\u003c59:19, 20.22s/it]  \r 79%|███████▉  | 676/852 [4:01:40\u003c59:19, 20.22s/it]  \n"}
,{"stream_name":"stderr","time":14731.137143418,"data":"\r 79%|███████▉  | 676/852 [4:01:40\u003c59:19, 20.22s/it]  \r 79%|███████▉  | 677/852 [4:01:59\u003c58:21, 20.01s/it]\r 79%|███████▉  | 677/852 [4:01:59\u003c58:21, 20.01s/it]\n"}
,{"stream_name":"stderr","time":14750.07868432,"data":"\r 79%|███████▉  | 677/852 [4:01:59\u003c58:21, 20.01s/it]\r 80%|███████▉  | 678/852 [4:02:18\u003c57:07, 19.70s/it]\r 80%|███████▉  | 678/852 [4:02:18\u003c57:07, 19.70s/it]\n"}
,{"stream_name":"stderr","time":14768.233137124,"data":"\r 80%|███████▉  | 678/852 [4:02:18\u003c57:07, 19.70s/it]\r 80%|███████▉  | 679/852 [4:02:37\u003c55:26, 19.23s/it]\r 80%|███████▉  | 679/852 [4:02:37\u003c55:26, 19.23s/it]\n"}
,{"stream_name":"stderr","time":14786.221036232,"data":"\r 80%|███████▉  | 679/852 [4:02:37\u003c55:26, 19.23s/it]\r 80%|███████▉  | 680/852 [4:02:55\u003c54:04, 18.86s/it]\r                                                   \r\r 80%|███████▉  | 680/852 [4:02:55\u003c54:04, 18.86s/it]\r 80%|███████▉  | 680/852 [4:02:55\u003c54:04, 18.86s/it]\r                                                   \r\r 80%|███████▉  | 680/852 [4:02:55\u003c54:04, 18.86s/it]\n"}
,{"stream_name":"stderr","time":14804.128527763,"data":"\r 80%|███████▉  | 680/852 [4:02:55\u003c54:04, 18.86s/it]\r                                                   \r\r 80%|███████▉  | 680/852 [4:02:55\u003c54:04, 18.86s/it]\r 80%|███████▉  | 681/852 [4:03:12\u003c52:55, 18.57s/it]\r 80%|███████▉  | 681/852 [4:03:12\u003c52:55, 18.57s/it]\n"}
,{"stream_name":"stderr","time":14821.356461985,"data":"\r 80%|███████▉  | 681/852 [4:03:12\u003c52:55, 18.57s/it]\r 80%|████████  | 682/852 [4:03:30\u003c51:29, 18.17s/it]\r 80%|████████  | 682/852 [4:03:30\u003c51:29, 18.17s/it]\n"}
,{"stream_name":"stderr","time":14837.647320157,"data":"\r 80%|████████  | 682/852 [4:03:30\u003c51:29, 18.17s/it]\r 80%|████████  | 683/852 [4:03:46\u003c49:34, 17.60s/it]\r 80%|████████  | 683/852 [4:03:46\u003c49:34, 17.60s/it]\n"}
,{"stream_name":"stderr","time":14853.61555618,"data":"\r 80%|████████  | 683/852 [4:03:46\u003c49:34, 17.60s/it]\r 80%|████████  | 684/852 [4:04:02\u003c47:56, 17.12s/it]\r 80%|████████  | 684/852 [4:04:02\u003c47:56, 17.12s/it]\n"}
,{"stream_name":"stderr","time":14869.358131129,"data":"\r 80%|████████  | 684/852 [4:04:02\u003c47:56, 17.12s/it]\r 80%|████████  | 685/852 [4:04:18\u003c46:28, 16.70s/it]\r 80%|████████  | 685/852 [4:04:18\u003c46:28, 16.70s/it]\n"}
,{"stream_name":"stderr","time":14883.155944613,"data":"\r 80%|████████  | 685/852 [4:04:18\u003c46:28, 16.70s/it]\r 81%|████████  | 686/852 [4:04:32\u003c43:48, 15.84s/it]\r 81%|████████  | 686/852 [4:04:32\u003c43:48, 15.84s/it]\n"}
,{"stream_name":"stderr","time":14896.462879765,"data":"\r 81%|████████  | 686/852 [4:04:32\u003c43:48, 15.84s/it]\r 81%|████████  | 687/852 [4:04:45\u003c41:27, 15.08s/it]\r 81%|████████  | 687/852 [4:04:45\u003c41:27, 15.08s/it]\n"}
,{"stream_name":"stderr","time":14909.801088164,"data":"\r 81%|████████  | 687/852 [4:04:45\u003c41:27, 15.08s/it]\r 81%|████████  | 688/852 [4:04:58\u003c39:45, 14.55s/it]\r 81%|████████  | 688/852 [4:04:58\u003c39:45, 14.55s/it]\n"}
,{"stream_name":"stderr","time":14922.880775572,"data":"\r 81%|████████  | 688/852 [4:04:58\u003c39:45, 14.55s/it]\r 81%|████████  | 689/852 [4:05:11\u003c38:20, 14.12s/it]\r 81%|████████  | 689/852 [4:05:11\u003c38:20, 14.12s/it]\n"}
,{"stream_name":"stderr","time":14935.595439267,"data":"\r 81%|████████  | 689/852 [4:05:11\u003c38:20, 14.12s/it]\r 81%|████████  | 690/852 [4:05:24\u003c36:58, 13.70s/it]\r                                                   \r\r 81%|████████  | 690/852 [4:05:24\u003c36:58, 13.70s/it]\r 81%|████████  | 690/852 [4:05:24\u003c36:58, 13.70s/it]\r                                                   \r\r 81%|████████  | 690/852 [4:05:24\u003c36:58, 13.70s/it]\n"}
,{"stream_name":"stderr","time":14947.440757733,"data":"\r 81%|████████  | 690/852 [4:05:24\u003c36:58, 13.70s/it]\r                                                   \r\r 81%|████████  | 690/852 [4:05:24\u003c36:58, 13.70s/it]\r 81%|████████  | 691/852 [4:05:36\u003c35:14, 13.13s/it]\r 81%|████████  | 691/852 [4:05:36\u003c35:14, 13.13s/it]\n"}
,{"stream_name":"stderr","time":14958.350681914,"data":"\r 81%|████████  | 691/852 [4:05:36\u003c35:14, 13.13s/it]\r 81%|████████  | 692/852 [4:05:47\u003c33:15, 12.47s/it]\r 81%|████████  | 692/852 [4:05:47\u003c33:15, 12.47s/it]\n"}
,{"stream_name":"stderr","time":14967.785110744,"data":"\r 81%|████████  | 692/852 [4:05:47\u003c33:15, 12.47s/it]\r 81%|████████▏ | 693/852 [4:05:56\u003c30:38, 11.56s/it]\r 81%|████████▏ | 693/852 [4:05:56\u003c30:38, 11.56s/it]\n"}
,{"stream_name":"stderr","time":14976.152499443,"data":"\r 81%|████████▏ | 693/852 [4:05:56\u003c30:38, 11.56s/it]\r 81%|████████▏ | 694/852 [4:06:05\u003c27:55, 10.60s/it]\r 81%|████████▏ | 694/852 [4:06:05\u003c27:55, 10.60s/it]\n"}
,{"stream_name":"stderr","time":14983.465396971,"data":"\r 81%|████████▏ | 694/852 [4:06:05\u003c27:55, 10.60s/it]\r 82%|████████▏ | 695/852 [4:06:12\u003c25:08,  9.61s/it]\r 82%|████████▏ | 695/852 [4:06:12\u003c25:08,  9.61s/it]\n"}
,{"stream_name":"stderr","time":14990.39497928,"data":"\r 82%|████████▏ | 695/852 [4:06:12\u003c25:08,  9.61s/it]\r 82%|████████▏ | 696/852 [4:06:19\u003c22:54,  8.81s/it]\r 82%|████████▏ | 696/852 [4:06:19\u003c22:54,  8.81s/it]\n"}
,{"stream_name":"stderr","time":14996.909927902,"data":"\r 82%|████████▏ | 696/852 [4:06:19\u003c22:54,  8.81s/it]\r 82%|████████▏ | 697/852 [4:06:25\u003c20:59,  8.12s/it]\r 82%|████████▏ | 697/852 [4:06:25\u003c20:59,  8.12s/it]\n"}
,{"stream_name":"stderr","time":15003.048755265,"data":"\r 82%|████████▏ | 697/852 [4:06:25\u003c20:59,  8.12s/it]\r 82%|████████▏ | 698/852 [4:06:31\u003c19:19,  7.53s/it]\r 82%|████████▏ | 698/852 [4:06:31\u003c19:19,  7.53s/it]\n"}
,{"stream_name":"stderr","time":15009.056271075,"data":"\r 82%|████████▏ | 698/852 [4:06:31\u003c19:19,  7.53s/it]\r 82%|████████▏ | 699/852 [4:06:37\u003c18:02,  7.07s/it]\r 82%|████████▏ | 699/852 [4:06:37\u003c18:02,  7.07s/it]\n"}
,{"stream_name":"stderr","time":15014.649956601,"data":"\r 82%|████████▏ | 699/852 [4:06:37\u003c18:02,  7.07s/it]\r 82%|████████▏ | 700/852 [4:06:43\u003c16:45,  6.62s/it]\r                                                   \r\r 82%|████████▏ | 700/852 [4:06:43\u003c16:45,  6.62s/it]\r 82%|████████▏ | 700/852 [4:06:43\u003c16:45,  6.62s/it]\r                                                   \r\r 82%|████████▏ | 700/852 [4:06:43\u003c16:45,  6.62s/it]\n"}
,{"stream_name":"stderr","time":15081.77743117,"data":"\r 82%|████████▏ | 700/852 [4:06:43\u003c16:45,  6.62s/it]\r                                                   \r\r 82%|████████▏ | 700/852 [4:06:43\u003c16:45,  6.62s/it]\r 82%|████████▏ | 701/852 [4:07:50\u003c1:02:20, 24.77s/it]\r 82%|████████▏ | 701/852 [4:07:50\u003c1:02:20, 24.77s/it]\n"}
,{"stream_name":"stderr","time":15140.777508992,"data":"\r 82%|████████▏ | 701/852 [4:07:50\u003c1:02:20, 24.77s/it]\r 82%|████████▏ | 702/852 [4:08:49\u003c1:27:36, 35.04s/it]\r 82%|████████▏ | 702/852 [4:08:49\u003c1:27:36, 35.04s/it]\n"}
,{"stream_name":"stderr","time":15190.988638643,"data":"\r 82%|████████▏ | 702/852 [4:08:49\u003c1:27:36, 35.04s/it]\r 83%|████████▎ | 703/852 [4:09:39\u003c1:38:18, 39.59s/it]\r 83%|████████▎ | 703/852 [4:09:39\u003c1:38:18, 39.59s/it]\n"}
,{"stream_name":"stderr","time":15234.802696524,"data":"\r 83%|████████▎ | 703/852 [4:09:39\u003c1:38:18, 39.59s/it]\r 83%|████████▎ | 704/852 [4:10:23\u003c1:40:47, 40.86s/it]\r 83%|████████▎ | 704/852 [4:10:23\u003c1:40:47, 40.86s/it]\n"}
,{"stream_name":"stderr","time":15274.517892471,"data":"\r 83%|████████▎ | 704/852 [4:10:23\u003c1:40:47, 40.86s/it]\r 83%|████████▎ | 705/852 [4:11:03\u003c1:39:15, 40.52s/it]\r 83%|████████▎ | 705/852 [4:11:03\u003c1:39:15, 40.52s/it]\n"}
,{"stream_name":"stderr","time":15308.429735511,"data":"\r 83%|████████▎ | 705/852 [4:11:03\u003c1:39:15, 40.52s/it]\r 83%|████████▎ | 706/852 [4:11:37\u003c1:33:46, 38.53s/it]\r 83%|████████▎ | 706/852 [4:11:37\u003c1:33:46, 38.53s/it]\n"}
,{"stream_name":"stderr","time":15340.044624905,"data":"\r 83%|████████▎ | 706/852 [4:11:37\u003c1:33:46, 38.53s/it]\r 83%|████████▎ | 707/852 [4:12:08\u003c1:28:06, 36.46s/it]\r 83%|████████▎ | 707/852 [4:12:08\u003c1:28:06, 36.46s/it]\n"}
,{"stream_name":"stderr","time":15370.170605794,"data":"\r 83%|████████▎ | 707/852 [4:12:08\u003c1:28:06, 36.46s/it]\r 83%|████████▎ | 708/852 [4:12:38\u003c1:22:56, 34.56s/it]\r 83%|████████▎ | 708/852 [4:12:38\u003c1:22:56, 34.56s/it]\n"}
,{"stream_name":"stderr","time":15398.252517082,"data":"\r 83%|████████▎ | 708/852 [4:12:38\u003c1:22:56, 34.56s/it]\r 83%|████████▎ | 709/852 [4:13:07\u003c1:17:45, 32.63s/it]\r 83%|████████▎ | 709/852 [4:13:07\u003c1:17:45, 32.63s/it]\n"}
,{"stream_name":"stderr","time":15424.710485777,"data":"\r 83%|████████▎ | 709/852 [4:13:07\u003c1:17:45, 32.63s/it]\r 83%|████████▎ | 710/852 [4:13:33\u003c1:12:48, 30.77s/it]\r                                                     \r\r 83%|████████▎ | 710/852 [4:13:33\u003c1:12:48, 30.77s/it]\r 83%|████████▎ | 710/852 [4:13:33\u003c1:12:48, 30.77s/it]\r                                                     \r\r 83%|████████▎ | 710/852 [4:13:33\u003c1:12:48, 30.77s/it]\n"}
,{"stream_name":"stderr","time":15450.657801057,"data":"\r 83%|████████▎ | 710/852 [4:13:33\u003c1:12:48, 30.77s/it]\r                                                     \r\r 83%|████████▎ | 710/852 [4:13:33\u003c1:12:48, 30.77s/it]\r 83%|████████▎ | 711/852 [4:13:59\u003c1:08:55, 29.33s/it]\r 83%|████████▎ | 711/852 [4:13:59\u003c1:08:55, 29.33s/it]\n"}
,{"stream_name":"stderr","time":15476.136217639,"data":"\r 83%|████████▎ | 711/852 [4:13:59\u003c1:08:55, 29.33s/it]\r 84%|████████▎ | 712/852 [4:14:24\u003c1:05:42, 28.16s/it]\r 84%|████████▎ | 712/852 [4:14:24\u003c1:05:42, 28.16s/it]\n"}
,{"stream_name":"stderr","time":15501.949404003,"data":"\r 84%|████████▎ | 712/852 [4:14:24\u003c1:05:42, 28.16s/it]\r 84%|████████▎ | 713/852 [4:14:50\u003c1:03:38, 27.47s/it]\r 84%|████████▎ | 713/852 [4:14:50\u003c1:03:38, 27.47s/it]\n"}
,{"stream_name":"stderr","time":15527.120758517,"data":"\r 84%|████████▎ | 713/852 [4:14:50\u003c1:03:38, 27.47s/it]\r 84%|████████▍ | 714/852 [4:15:15\u003c1:01:34, 26.77s/it]\r 84%|████████▍ | 714/852 [4:15:15\u003c1:01:34, 26.77s/it]\n"}
,{"stream_name":"stderr","time":15551.666020222,"data":"\r 84%|████████▍ | 714/852 [4:15:15\u003c1:01:34, 26.77s/it]\r 84%|████████▍ | 715/852 [4:15:40\u003c59:37, 26.11s/it]  \r 84%|████████▍ | 715/852 [4:15:40\u003c59:37, 26.11s/it]  \n"}
,{"stream_name":"stderr","time":15575.790478817,"data":"\r 84%|████████▍ | 715/852 [4:15:40\u003c59:37, 26.11s/it]  \r 84%|████████▍ | 716/852 [4:16:04\u003c57:48, 25.51s/it]\r 84%|████████▍ | 716/852 [4:16:04\u003c57:48, 25.51s/it]\n"}
,{"stream_name":"stderr","time":15599.193738416,"data":"\r 84%|████████▍ | 716/852 [4:16:04\u003c57:48, 25.51s/it]\r 84%|████████▍ | 717/852 [4:16:28\u003c55:59, 24.88s/it]\r 84%|████████▍ | 717/852 [4:16:28\u003c55:59, 24.88s/it]\n"}
,{"stream_name":"stderr","time":15622.346277247,"data":"\r 84%|████████▍ | 717/852 [4:16:28\u003c55:59, 24.88s/it]\r 84%|████████▍ | 718/852 [4:16:51\u003c54:23, 24.36s/it]\r 84%|████████▍ | 718/852 [4:16:51\u003c54:23, 24.36s/it]\n"}
,{"stream_name":"stderr","time":15645.059785884,"data":"\r 84%|████████▍ | 718/852 [4:16:51\u003c54:23, 24.36s/it]\r 84%|████████▍ | 719/852 [4:17:13\u003c52:55, 23.87s/it]\r 84%|████████▍ | 719/852 [4:17:13\u003c52:55, 23.87s/it]\n"}
,{"stream_name":"stderr","time":15665.800329572,"data":"\r 84%|████████▍ | 719/852 [4:17:13\u003c52:55, 23.87s/it]\r 85%|████████▍ | 720/852 [4:17:34\u003c50:25, 22.92s/it]\r                                                   \r\r 85%|████████▍ | 720/852 [4:17:34\u003c50:25, 22.92s/it]\r 85%|████████▍ | 720/852 [4:17:34\u003c50:25, 22.92s/it]\r                                                   \r\r 85%|████████▍ | 720/852 [4:17:34\u003c50:25, 22.92s/it]\n"}
,{"stream_name":"stderr","time":15686.01465031,"data":"\r 85%|████████▍ | 720/852 [4:17:34\u003c50:25, 22.92s/it]\r                                                   \r\r 85%|████████▍ | 720/852 [4:17:34\u003c50:25, 22.92s/it]\r 85%|████████▍ | 721/852 [4:17:54\u003c48:17, 22.12s/it]\r 85%|████████▍ | 721/852 [4:17:54\u003c48:17, 22.12s/it]\n"}
,{"stream_name":"stderr","time":15706.356604126,"data":"\r 85%|████████▍ | 721/852 [4:17:54\u003c48:17, 22.12s/it]\r 85%|████████▍ | 722/852 [4:18:15\u003c46:45, 21.58s/it]\r 85%|████████▍ | 722/852 [4:18:15\u003c46:45, 21.58s/it]\n"}
,{"stream_name":"stderr","time":15726.631421634,"data":"\r 85%|████████▍ | 722/852 [4:18:15\u003c46:45, 21.58s/it]\r 85%|████████▍ | 723/852 [4:18:35\u003c45:34, 21.20s/it]\r 85%|████████▍ | 723/852 [4:18:35\u003c45:34, 21.20s/it]\n"}
,{"stream_name":"stderr","time":15746.468789826,"data":"\r 85%|████████▍ | 723/852 [4:18:35\u003c45:34, 21.20s/it]\r 85%|████████▍ | 724/852 [4:18:55\u003c44:19, 20.78s/it]\r 85%|████████▍ | 724/852 [4:18:55\u003c44:19, 20.78s/it]\n"}
,{"stream_name":"stderr","time":15765.992004111,"data":"\r 85%|████████▍ | 724/852 [4:18:55\u003c44:19, 20.78s/it]\r 85%|████████▌ | 725/852 [4:19:14\u003c43:12, 20.41s/it]\r 85%|████████▌ | 725/852 [4:19:14\u003c43:12, 20.41s/it]\n"}
,{"stream_name":"stderr","time":15785.406454211,"data":"\r 85%|████████▌ | 725/852 [4:19:14\u003c43:12, 20.41s/it]\r 85%|████████▌ | 726/852 [4:19:34\u003c42:12, 20.10s/it]\r 85%|████████▌ | 726/852 [4:19:34\u003c42:12, 20.10s/it]\n"}
,{"stream_name":"stderr","time":15804.608198257,"data":"\r 85%|████████▌ | 726/852 [4:19:34\u003c42:12, 20.10s/it]\r 85%|████████▌ | 727/852 [4:19:53\u003c41:20, 19.84s/it]\r 85%|████████▌ | 727/852 [4:19:53\u003c41:20, 19.84s/it]\n"}
,{"stream_name":"stderr","time":15823.012643612,"data":"\r 85%|████████▌ | 727/852 [4:19:53\u003c41:20, 19.84s/it]\r 85%|████████▌ | 728/852 [4:20:11\u003c40:05, 19.40s/it]\r 85%|████████▌ | 728/852 [4:20:11\u003c40:05, 19.40s/it]\n"}
,{"stream_name":"stderr","time":15841.001475907,"data":"\r 85%|████████▌ | 728/852 [4:20:11\u003c40:05, 19.40s/it]\r 86%|████████▌ | 729/852 [4:20:29\u003c38:55, 18.99s/it]\r 86%|████████▌ | 729/852 [4:20:29\u003c38:55, 18.99s/it]\n"}
,{"stream_name":"stderr","time":15858.77229247,"data":"\r 86%|████████▌ | 729/852 [4:20:29\u003c38:55, 18.99s/it]\r 86%|████████▌ | 730/852 [4:20:47\u003c37:50, 18.61s/it]\r                                                   \r\r 86%|████████▌ | 730/852 [4:20:47\u003c37:50, 18.61s/it]\r 86%|████████▌ | 730/852 [4:20:47\u003c37:50, 18.61s/it]\r                                                   \r\r 86%|████████▌ | 730/852 [4:20:47\u003c37:50, 18.61s/it]\n"}
,{"stream_name":"stderr","time":15875.47890285,"data":"\r 86%|████████▌ | 730/852 [4:20:47\u003c37:50, 18.61s/it]\r                                                   \r\r 86%|████████▌ | 730/852 [4:20:47\u003c37:50, 18.61s/it]\r 86%|████████▌ | 731/852 [4:21:04\u003c36:24, 18.05s/it]\r 86%|████████▌ | 731/852 [4:21:04\u003c36:24, 18.05s/it]\n"}
,{"stream_name":"stderr","time":15891.597508834,"data":"\r 86%|████████▌ | 731/852 [4:21:04\u003c36:24, 18.05s/it]\r 86%|████████▌ | 732/852 [4:21:20\u003c34:55, 17.46s/it]\r 86%|████████▌ | 732/852 [4:21:20\u003c34:55, 17.46s/it]\n"}
,{"stream_name":"stderr","time":15907.475963968,"data":"\r 86%|████████▌ | 732/852 [4:21:20\u003c34:55, 17.46s/it]\r 86%|████████▌ | 733/852 [4:21:36\u003c33:42, 17.00s/it]\r 86%|████████▌ | 733/852 [4:21:36\u003c33:42, 17.00s/it]\n"}
,{"stream_name":"stderr","time":15923.287196287,"data":"\r 86%|████████▌ | 733/852 [4:21:36\u003c33:42, 17.00s/it]\r 86%|████████▌ | 734/852 [4:21:52\u003c32:42, 16.63s/it]\r 86%|████████▌ | 734/852 [4:21:52\u003c32:42, 16.63s/it]\n"}
,{"stream_name":"stderr","time":15938.267680532,"data":"\r 86%|████████▌ | 734/852 [4:21:52\u003c32:42, 16.63s/it]\r 86%|████████▋ | 735/852 [4:22:07\u003c31:28, 16.15s/it]\r 86%|████████▋ | 735/852 [4:22:07\u003c31:28, 16.15s/it]\n"}
,{"stream_name":"stderr","time":15951.544740237,"data":"\r 86%|████████▋ | 735/852 [4:22:07\u003c31:28, 16.15s/it]\r 86%|████████▋ | 736/852 [4:22:20\u003c29:33, 15.28s/it]\r 86%|████████▋ | 736/852 [4:22:20\u003c29:33, 15.28s/it]\n"}
,{"stream_name":"stderr","time":15964.702918131,"data":"\r 86%|████████▋ | 736/852 [4:22:20\u003c29:33, 15.28s/it]\r 87%|████████▋ | 737/852 [4:22:33\u003c28:03, 14.64s/it]\r 87%|████████▋ | 737/852 [4:22:33\u003c28:03, 14.64s/it]\n"}
,{"stream_name":"stderr","time":15977.710864061,"data":"\r 87%|████████▋ | 737/852 [4:22:33\u003c28:03, 14.64s/it]\r 87%|████████▋ | 738/852 [4:22:46\u003c26:53, 14.16s/it]\r 87%|████████▋ | 738/852 [4:22:46\u003c26:53, 14.16s/it]\n"}
,{"stream_name":"stderr","time":15990.597746187,"data":"\r 87%|████████▋ | 738/852 [4:22:46\u003c26:53, 14.16s/it]\r 87%|████████▋ | 739/852 [4:22:59\u003c25:56, 13.78s/it]\r 87%|████████▋ | 739/852 [4:22:59\u003c25:56, 13.78s/it]\n"}
,{"stream_name":"stderr","time":16002.851455036,"data":"\r 87%|████████▋ | 739/852 [4:22:59\u003c25:56, 13.78s/it]\r 87%|████████▋ | 740/852 [4:23:11\u003c24:50, 13.31s/it]\r                                                   \r\r 87%|████████▋ | 740/852 [4:23:11\u003c24:50, 13.31s/it]\r 87%|████████▋ | 740/852 [4:23:11\u003c24:50, 13.31s/it]\r                                                   \r\r 87%|████████▋ | 740/852 [4:23:11\u003c24:50, 13.31s/it]\n"}
,{"stream_name":"stderr","time":16013.72097495,"data":"\r 87%|████████▋ | 740/852 [4:23:11\u003c24:50, 13.31s/it]\r                                                   \r\r 87%|████████▋ | 740/852 [4:23:11\u003c24:50, 13.31s/it]\r 87%|████████▋ | 741/852 [4:23:22\u003c23:17, 12.59s/it]\r 87%|████████▋ | 741/852 [4:23:22\u003c23:17, 12.59s/it]\n"}
,{"stream_name":"stderr","time":16023.366696047,"data":"\r 87%|████████▋ | 741/852 [4:23:22\u003c23:17, 12.59s/it]\r 87%|████████▋ | 742/852 [4:23:32\u003c21:27, 11.70s/it]\r 87%|████████▋ | 742/852 [4:23:32\u003c21:27, 11.70s/it]\n"}
,{"stream_name":"stderr","time":16032.236161942,"data":"\r 87%|████████▋ | 742/852 [4:23:32\u003c21:27, 11.70s/it]\r 87%|████████▋ | 743/852 [4:23:41\u003c19:43, 10.85s/it]\r 87%|████████▋ | 743/852 [4:23:41\u003c19:43, 10.85s/it]\n"}
,{"stream_name":"stderr","time":16039.97207935,"data":"\r 87%|████████▋ | 743/852 [4:23:41\u003c19:43, 10.85s/it]\r 87%|████████▋ | 744/852 [4:23:48\u003c17:50,  9.91s/it]\r 87%|████████▋ | 744/852 [4:23:48\u003c17:50,  9.91s/it]\n"}
,{"stream_name":"stderr","time":16047.176965653,"data":"\r 87%|████████▋ | 744/852 [4:23:48\u003c17:50,  9.91s/it]\r 87%|████████▋ | 745/852 [4:23:56\u003c16:14,  9.11s/it]\r 87%|████████▋ | 745/852 [4:23:56\u003c16:14,  9.11s/it]\n"}
,{"stream_name":"stderr","time":16054.219385267,"data":"\r 87%|████████▋ | 745/852 [4:23:56\u003c16:14,  9.11s/it]\r 88%|████████▊ | 746/852 [4:24:03\u003c14:59,  8.49s/it]\r 88%|████████▊ | 746/852 [4:24:03\u003c14:59,  8.49s/it]\n"}
,{"stream_name":"stderr","time":16061.057331992,"data":"\r 88%|████████▊ | 746/852 [4:24:03\u003c14:59,  8.49s/it]\r 88%|████████▊ | 747/852 [4:24:09\u003c13:59,  7.99s/it]\r 88%|████████▊ | 747/852 [4:24:09\u003c13:59,  7.99s/it]\n"}
,{"stream_name":"stderr","time":16067.436582797,"data":"\r 88%|████████▊ | 747/852 [4:24:09\u003c13:59,  7.99s/it]\r 88%|████████▊ | 748/852 [4:24:16\u003c13:00,  7.51s/it]\r 88%|████████▊ | 748/852 [4:24:16\u003c13:00,  7.51s/it]\n"}
,{"stream_name":"stderr","time":16073.515345243,"data":"\r 88%|████████▊ | 748/852 [4:24:16\u003c13:00,  7.51s/it]\r 88%|████████▊ | 749/852 [4:24:22\u003c12:08,  7.07s/it]\r 88%|████████▊ | 749/852 [4:24:22\u003c12:08,  7.07s/it]\n"}
,{"stream_name":"stderr","time":16079.040705628,"data":"\r 88%|████████▊ | 749/852 [4:24:22\u003c12:08,  7.07s/it]\r 88%|████████▊ | 750/852 [4:24:27\u003c11:14,  6.62s/it]\r                                                   \r\r 88%|████████▊ | 750/852 [4:24:27\u003c11:14,  6.62s/it]\r 88%|████████▊ | 750/852 [4:24:27\u003c11:14,  6.62s/it]\r                                                   \r\r 88%|████████▊ | 750/852 [4:24:27\u003c11:14,  6.62s/it]\n"}
,{"stream_name":"stderr","time":16143.165979101,"data":"\r 88%|████████▊ | 750/852 [4:24:27\u003c11:14,  6.62s/it]\r                                                   \r\r 88%|████████▊ | 750/852 [4:24:27\u003c11:14,  6.62s/it]\r 88%|████████▊ | 751/852 [4:25:31\u003c40:09, 23.86s/it]\r 88%|████████▊ | 751/852 [4:25:31\u003c40:09, 23.86s/it]\n"}
,{"stream_name":"stderr","time":16196.452187334,"data":"\r 88%|████████▊ | 751/852 [4:25:31\u003c40:09, 23.86s/it]\r 88%|████████▊ | 752/852 [4:26:25\u003c54:28, 32.69s/it]\r 88%|████████▊ | 752/852 [4:26:25\u003c54:28, 32.69s/it]\n"}
,{"stream_name":"stderr","time":16245.052513524,"data":"\r 88%|████████▊ | 752/852 [4:26:25\u003c54:28, 32.69s/it]\r 88%|████████▊ | 753/852 [4:27:13\u003c1:01:48, 37.46s/it]\r 88%|████████▊ | 753/852 [4:27:13\u003c1:01:48, 37.46s/it]\n"}
,{"stream_name":"stderr","time":16289.187969073,"data":"\r 88%|████████▊ | 753/852 [4:27:13\u003c1:01:48, 37.46s/it]\r 88%|████████▊ | 754/852 [4:27:58\u003c1:04:27, 39.47s/it]\r 88%|████████▊ | 754/852 [4:27:58\u003c1:04:27, 39.47s/it]\n"}
,{"stream_name":"stderr","time":16328.631833244,"data":"\r 88%|████████▊ | 754/852 [4:27:58\u003c1:04:27, 39.47s/it]\r 89%|████████▊ | 755/852 [4:28:37\u003c1:03:47, 39.46s/it]\r 89%|████████▊ | 755/852 [4:28:37\u003c1:03:47, 39.46s/it]\n"}
,{"stream_name":"stderr","time":16362.963477732,"data":"\r 89%|████████▊ | 755/852 [4:28:37\u003c1:03:47, 39.46s/it]\r 89%|████████▊ | 756/852 [4:29:11\u003c1:00:40, 37.92s/it]\r 89%|████████▊ | 756/852 [4:29:11\u003c1:00:40, 37.92s/it]\n"}
,{"stream_name":"stderr","time":16394.642658995,"data":"\r 89%|████████▊ | 756/852 [4:29:11\u003c1:00:40, 37.92s/it]\r 89%|████████▉ | 757/852 [4:29:43\u003c57:04, 36.05s/it]  \r 89%|████████▉ | 757/852 [4:29:43\u003c57:04, 36.05s/it]  \n"}
,{"stream_name":"stderr","time":16425.12669219,"data":"\r 89%|████████▉ | 757/852 [4:29:43\u003c57:04, 36.05s/it]  \r 89%|████████▉ | 758/852 [4:30:13\u003c53:51, 34.38s/it]\r 89%|████████▉ | 758/852 [4:30:13\u003c53:51, 34.38s/it]\n"}
,{"stream_name":"stderr","time":16454.741378906,"data":"\r 89%|████████▉ | 758/852 [4:30:13\u003c53:51, 34.38s/it]\r 89%|████████▉ | 759/852 [4:30:43\u003c51:05, 32.96s/it]\r 89%|████████▉ | 759/852 [4:30:43\u003c51:05, 32.96s/it]\n"}
,{"stream_name":"stderr","time":16481.726755098,"data":"\r 89%|████████▉ | 759/852 [4:30:43\u003c51:05, 32.96s/it]\r 89%|████████▉ | 760/852 [4:31:10\u003c47:46, 31.16s/it]\r                                                   \r\r 89%|████████▉ | 760/852 [4:31:10\u003c47:46, 31.16s/it]\r 89%|████████▉ | 760/852 [4:31:10\u003c47:46, 31.16s/it]\r                                                   \r\r 89%|████████▉ | 760/852 [4:31:10\u003c47:46, 31.16s/it]\n"}
,{"stream_name":"stderr","time":16507.933697509,"data":"\r 89%|████████▉ | 760/852 [4:31:10\u003c47:46, 31.16s/it]\r                                                   \r\r 89%|████████▉ | 760/852 [4:31:10\u003c47:46, 31.16s/it]\r 89%|████████▉ | 761/852 [4:31:36\u003c45:01, 29.68s/it]\r 89%|████████▉ | 761/852 [4:31:36\u003c45:01, 29.68s/it]\n"}
,{"stream_name":"stderr","time":16533.601363644,"data":"\r 89%|████████▉ | 761/852 [4:31:36\u003c45:01, 29.68s/it]\r 89%|████████▉ | 762/852 [4:32:02\u003c42:42, 28.47s/it]\r 89%|████████▉ | 762/852 [4:32:02\u003c42:42, 28.47s/it]\n"}
,{"stream_name":"stderr","time":16558.362476849,"data":"\r 89%|████████▉ | 762/852 [4:32:02\u003c42:42, 28.47s/it]\r 90%|████████▉ | 763/852 [4:32:27\u003c40:35, 27.37s/it]\r 90%|████████▉ | 763/852 [4:32:27\u003c40:35, 27.37s/it]\n"}
,{"stream_name":"stderr","time":16582.624464596,"data":"\r 90%|████████▉ | 763/852 [4:32:27\u003c40:35, 27.37s/it]\r 90%|████████▉ | 764/852 [4:32:51\u003c38:45, 26.42s/it]\r 90%|████████▉ | 764/852 [4:32:51\u003c38:45, 26.42s/it]\n"}
,{"stream_name":"stderr","time":16606.166334751,"data":"\r 90%|████████▉ | 764/852 [4:32:51\u003c38:45, 26.42s/it]\r 90%|████████▉ | 765/852 [4:33:15\u003c37:04, 25.57s/it]\r 90%|████████▉ | 765/852 [4:33:15\u003c37:04, 25.57s/it]\n"}
,{"stream_name":"stderr","time":16629.422217372,"data":"\r 90%|████████▉ | 765/852 [4:33:15\u003c37:04, 25.57s/it]\r 90%|████████▉ | 766/852 [4:33:38\u003c35:38, 24.86s/it]\r 90%|████████▉ | 766/852 [4:33:38\u003c35:38, 24.86s/it]\n"}
,{"stream_name":"stderr","time":16652.391009155,"data":"\r 90%|████████▉ | 766/852 [4:33:38\u003c35:38, 24.86s/it]\r 90%|█████████ | 767/852 [4:34:01\u003c34:26, 24.31s/it]\r 90%|█████████ | 767/852 [4:34:01\u003c34:26, 24.31s/it]\n"}
,{"stream_name":"stderr","time":16675.212341035,"data":"\r 90%|█████████ | 767/852 [4:34:01\u003c34:26, 24.31s/it]\r 90%|█████████ | 768/852 [4:34:24\u003c33:23, 23.85s/it]\r 90%|█████████ | 768/852 [4:34:24\u003c33:23, 23.85s/it]\n"}
,{"stream_name":"stderr","time":16695.343355973,"data":"\r 90%|█████████ | 768/852 [4:34:24\u003c33:23, 23.85s/it]\r 90%|█████████ | 769/852 [4:34:44\u003c31:27, 22.75s/it]\r 90%|█████████ | 769/852 [4:34:44\u003c31:27, 22.75s/it]\n"}
,{"stream_name":"stderr","time":16715.809526455,"data":"\r 90%|█████████ | 769/852 [4:34:44\u003c31:27, 22.75s/it]\r 90%|█████████ | 770/852 [4:35:04\u003c30:08, 22.05s/it]\r                                                   \r\r 90%|█████████ | 770/852 [4:35:04\u003c30:08, 22.05s/it]\r 90%|█████████ | 770/852 [4:35:04\u003c30:08, 22.05s/it]\r                                                   \r\r 90%|█████████ | 770/852 [4:35:04\u003c30:08, 22.05s/it]\n"}
,{"stream_name":"stderr","time":16736.16412466,"data":"\r 90%|█████████ | 770/852 [4:35:04\u003c30:08, 22.05s/it]\r                                                   \r\r 90%|█████████ | 770/852 [4:35:04\u003c30:08, 22.05s/it]\r 90%|█████████ | 771/852 [4:35:25\u003c29:05, 21.55s/it]\r 90%|█████████ | 771/852 [4:35:25\u003c29:05, 21.55s/it]\n"}
,{"stream_name":"stderr","time":16756.452590109,"data":"\r 90%|█████████ | 771/852 [4:35:25\u003c29:05, 21.55s/it]\r 91%|█████████ | 772/852 [4:35:45\u003c28:13, 21.16s/it]\r 91%|█████████ | 772/852 [4:35:45\u003c28:13, 21.16s/it]\n"}
,{"stream_name":"stderr","time":16776.271992863,"data":"\r 91%|█████████ | 772/852 [4:35:45\u003c28:13, 21.16s/it]\r 91%|█████████ | 773/852 [4:36:05\u003c27:20, 20.77s/it]\r 91%|█████████ | 773/852 [4:36:05\u003c27:20, 20.77s/it]\n"}
,{"stream_name":"stderr","time":16795.957379996,"data":"\r 91%|█████████ | 773/852 [4:36:05\u003c27:20, 20.77s/it]\r 91%|█████████ | 774/852 [4:36:24\u003c26:33, 20.44s/it]\r 91%|█████████ | 774/852 [4:36:24\u003c26:33, 20.44s/it]\n"}
,{"stream_name":"stderr","time":16815.400675267,"data":"\r 91%|█████████ | 774/852 [4:36:24\u003c26:33, 20.44s/it]\r 91%|█████████ | 775/852 [4:36:44\u003c25:51, 20.15s/it]\r 91%|█████████ | 775/852 [4:36:44\u003c25:51, 20.15s/it]\n"}
,{"stream_name":"stderr","time":16834.763752191,"data":"\r 91%|█████████ | 775/852 [4:36:44\u003c25:51, 20.15s/it]\r 91%|█████████ | 776/852 [4:37:03\u003c25:12, 19.90s/it]\r 91%|█████████ | 776/852 [4:37:03\u003c25:12, 19.90s/it]\n"}
,{"stream_name":"stderr","time":16853.143889498,"data":"\r 91%|█████████ | 776/852 [4:37:03\u003c25:12, 19.90s/it]\r 91%|█████████ | 777/852 [4:37:21\u003c24:19, 19.46s/it]\r 91%|█████████ | 777/852 [4:37:21\u003c24:19, 19.46s/it]\n"}
,{"stream_name":"stderr","time":16871.335857399,"data":"\r 91%|█████████ | 777/852 [4:37:21\u003c24:19, 19.46s/it]\r 91%|█████████▏| 778/852 [4:37:40\u003c23:30, 19.06s/it]\r 91%|█████████▏| 778/852 [4:37:40\u003c23:30, 19.06s/it]\n"}
,{"stream_name":"stderr","time":16889.283875864,"data":"\r 91%|█████████▏| 778/852 [4:37:40\u003c23:30, 19.06s/it]\r 91%|█████████▏| 779/852 [4:37:58\u003c22:48, 18.74s/it]\r 91%|█████████▏| 779/852 [4:37:58\u003c22:48, 18.74s/it]\n"}
,{"stream_name":"stderr","time":16907.036981209,"data":"\r 91%|█████████▏| 779/852 [4:37:58\u003c22:48, 18.74s/it]\r 92%|█████████▏| 780/852 [4:38:15\u003c22:07, 18.43s/it]\r                                                   \r\r 92%|█████████▏| 780/852 [4:38:15\u003c22:07, 18.43s/it]\r 92%|█████████▏| 780/852 [4:38:15\u003c22:07, 18.43s/it]\r                                                   \r\r 92%|█████████▏| 780/852 [4:38:15\u003c22:07, 18.43s/it]\n"}
,{"stream_name":"stderr","time":16923.426650867,"data":"\r 92%|█████████▏| 780/852 [4:38:15\u003c22:07, 18.43s/it]\r                                                   \r\r 92%|█████████▏| 780/852 [4:38:15\u003c22:07, 18.43s/it]\r 92%|█████████▏| 781/852 [4:38:32\u003c21:06, 17.83s/it]\r 92%|█████████▏| 781/852 [4:38:32\u003c21:06, 17.83s/it]\n"}
,{"stream_name":"stderr","time":16939.474014529,"data":"\r 92%|█████████▏| 781/852 [4:38:32\u003c21:06, 17.83s/it]\r 92%|█████████▏| 782/852 [4:38:48\u003c20:10, 17.29s/it]\r 92%|█████████▏| 782/852 [4:38:48\u003c20:10, 17.29s/it]\n"}
,{"stream_name":"stderr","time":16955.265165965,"data":"\r 92%|█████████▏| 782/852 [4:38:48\u003c20:10, 17.29s/it]\r 92%|█████████▏| 783/852 [4:39:04\u003c19:22, 16.85s/it]\r 92%|█████████▏| 783/852 [4:39:04\u003c19:22, 16.85s/it]\n"}
,{"stream_name":"stderr","time":16970.934141907,"data":"\r 92%|█████████▏| 783/852 [4:39:04\u003c19:22, 16.85s/it]\r 92%|█████████▏| 784/852 [4:39:19\u003c18:40, 16.48s/it]\r 92%|█████████▏| 784/852 [4:39:19\u003c18:40, 16.48s/it]\n"}
,{"stream_name":"stderr","time":16984.298189616,"data":"\r 92%|█████████▏| 784/852 [4:39:19\u003c18:40, 16.48s/it]\r 92%|█████████▏| 785/852 [4:39:33\u003c17:22, 15.56s/it]\r 92%|█████████▏| 785/852 [4:39:33\u003c17:22, 15.56s/it]\n"}
,{"stream_name":"stderr","time":16997.52877532,"data":"\r 92%|█████████▏| 785/852 [4:39:33\u003c17:22, 15.56s/it]\r 92%|█████████▏| 786/852 [4:39:46\u003c16:20, 14.86s/it]\r 92%|█████████▏| 786/852 [4:39:46\u003c16:20, 14.86s/it]\n"}
,{"stream_name":"stderr","time":17010.657790613,"data":"\r 92%|█████████▏| 786/852 [4:39:46\u003c16:20, 14.86s/it]\r 92%|█████████▏| 787/852 [4:39:59\u003c15:31, 14.33s/it]\r 92%|█████████▏| 787/852 [4:39:59\u003c15:31, 14.33s/it]\n"}
,{"stream_name":"stderr","time":17023.562648412,"data":"\r 92%|█████████▏| 787/852 [4:39:59\u003c15:31, 14.33s/it]\r 92%|█████████▏| 788/852 [4:40:12\u003c14:50, 13.91s/it]\r 92%|█████████▏| 788/852 [4:40:12\u003c14:50, 13.91s/it]\n"}
,{"stream_name":"stderr","time":17036.1461659,"data":"\r 92%|█████████▏| 788/852 [4:40:12\u003c14:50, 13.91s/it]\r 93%|█████████▎| 789/852 [4:40:24\u003c14:11, 13.51s/it]\r 93%|█████████▎| 789/852 [4:40:24\u003c14:11, 13.51s/it]\n"}
,{"stream_name":"stderr","time":17048.230996614,"data":"\r 93%|█████████▎| 789/852 [4:40:24\u003c14:11, 13.51s/it]\r 93%|█████████▎| 790/852 [4:40:37\u003c13:30, 13.07s/it]\r                                                   \r\r 93%|█████████▎| 790/852 [4:40:37\u003c13:30, 13.07s/it]\r 93%|█████████▎| 790/852 [4:40:37\u003c13:30, 13.07s/it]\r                                                   \r\r 93%|█████████▎| 790/852 [4:40:37\u003c13:30, 13.07s/it]\n"}
,{"stream_name":"stderr","time":17059.155877012,"data":"\r 93%|█████████▎| 790/852 [4:40:37\u003c13:30, 13.07s/it]\r                                                   \r\r 93%|█████████▎| 790/852 [4:40:37\u003c13:30, 13.07s/it]\r 93%|█████████▎| 791/852 [4:40:48\u003c12:38, 12.44s/it]\r 93%|█████████▎| 791/852 [4:40:48\u003c12:38, 12.44s/it]\n"}
,{"stream_name":"stderr","time":17069.484280314,"data":"\r 93%|█████████▎| 791/852 [4:40:48\u003c12:38, 12.44s/it]\r 93%|█████████▎| 792/852 [4:40:58\u003c11:48, 11.81s/it]\r 93%|█████████▎| 792/852 [4:40:58\u003c11:48, 11.81s/it]\n"}
,{"stream_name":"stderr","time":17078.664362296,"data":"\r 93%|█████████▎| 792/852 [4:40:58\u003c11:48, 11.81s/it]\r 93%|█████████▎| 793/852 [4:41:07\u003c10:49, 11.01s/it]\r 93%|█████████▎| 793/852 [4:41:07\u003c10:49, 11.01s/it]\n"}
,{"stream_name":"stderr","time":17087.162639341,"data":"\r 93%|█████████▎| 793/852 [4:41:07\u003c10:49, 11.01s/it]\r 93%|█████████▎| 794/852 [4:41:16\u003c09:55, 10.27s/it]\r 93%|█████████▎| 794/852 [4:41:16\u003c09:55, 10.27s/it]\n"}
,{"stream_name":"stderr","time":17094.589054779,"data":"\r 93%|█████████▎| 794/852 [4:41:16\u003c09:55, 10.27s/it]\r 93%|█████████▎| 795/852 [4:41:23\u003c08:56,  9.41s/it]\r 93%|█████████▎| 795/852 [4:41:23\u003c08:56,  9.41s/it]\n"}
,{"stream_name":"stderr","time":17101.736655774,"data":"\r 93%|█████████▎| 795/852 [4:41:23\u003c08:56,  9.41s/it]\r 93%|█████████▎| 796/852 [4:41:30\u003c08:09,  8.73s/it]\r 93%|█████████▎| 796/852 [4:41:30\u003c08:09,  8.73s/it]\n"}
,{"stream_name":"stderr","time":17108.590453721,"data":"\r 93%|█████████▎| 796/852 [4:41:30\u003c08:09,  8.73s/it]\r 94%|█████████▎| 797/852 [4:41:37\u003c07:29,  8.17s/it]\r 94%|█████████▎| 797/852 [4:41:37\u003c07:29,  8.17s/it]\n"}
,{"stream_name":"stderr","time":17114.920138145,"data":"\r 94%|█████████▎| 797/852 [4:41:37\u003c07:29,  8.17s/it]\r 94%|█████████▎| 798/852 [4:41:43\u003c06:50,  7.61s/it]\r 94%|█████████▎| 798/852 [4:41:43\u003c06:50,  7.61s/it]\n"}
,{"stream_name":"stderr","time":17120.965517837,"data":"\r 94%|█████████▎| 798/852 [4:41:43\u003c06:50,  7.61s/it]\r 94%|█████████▍| 799/852 [4:41:49\u003c06:18,  7.15s/it]\r 94%|█████████▍| 799/852 [4:41:49\u003c06:18,  7.15s/it]\n"}
,{"stream_name":"stderr","time":17126.682768323,"data":"\r 94%|█████████▍| 799/852 [4:41:49\u003c06:18,  7.15s/it]\r 94%|█████████▍| 800/852 [4:41:55\u003c05:49,  6.72s/it]\r                                                   \r\r 94%|█████████▍| 800/852 [4:41:55\u003c05:49,  6.72s/it]\r 94%|█████████▍| 800/852 [4:41:55\u003c05:49,  6.72s/it]\r                                                   \r\r 94%|█████████▍| 800/852 [4:41:55\u003c05:49,  6.72s/it]\n"}
,{"stream_name":"stderr","time":17127.693532599,"data":"\r 94%|█████████▍| 800/852 [4:41:55\u003c05:49,  6.72s/it]\r                                                   \r\r 94%|█████████▍| 800/852 [4:41:55\u003c05:49,  6.72s/it]Unsloth: Restored added_tokens_decoder metadata in outputs/run3/checkpoint-800/tokenizer_config.json.\n"}
,{"stream_name":"stderr","time":17127.895712385,"data":"Unsloth: Restored added_tokens_decoder metadata in outputs/run3/checkpoint-800/tokenizer_config.json.\n"}
,{"stream_name":"stderr","time":17127.89574508,"data":"\n"}
,{"stream_name":"stderr","time":17127.895752052,"data":"Unsloth: Restored added_tokens_decoder metadata in outputs/run3/checkpoint-800/tokenizer_config.json.\n"}
,{"stream_name":"stderr","time":17191.383657623,"data":"\r 94%|█████████▍| 801/852 [4:43:00\u003c20:29, 24.10s/it]\r 94%|█████████▍| 801/852 [4:43:00\u003c20:29, 24.10s/it]\n"}
,{"stream_name":"stderr","time":17241.750089821,"data":"\r 94%|█████████▍| 801/852 [4:43:00\u003c20:29, 24.10s/it]\r 94%|█████████▍| 802/852 [4:43:50\u003c26:38, 31.98s/it]\r 94%|█████████▍| 802/852 [4:43:50\u003c26:38, 31.98s/it]\n"}
,{"stream_name":"stderr","time":17287.487294816,"data":"\r 94%|█████████▍| 802/852 [4:43:50\u003c26:38, 31.98s/it]\r 94%|█████████▍| 803/852 [4:44:36\u003c29:29, 36.11s/it]\r 94%|█████████▍| 803/852 [4:44:36\u003c29:29, 36.11s/it]\n"}
,{"stream_name":"stderr","time":17327.765250023,"data":"\r 94%|█████████▍| 803/852 [4:44:36\u003c29:29, 36.11s/it]\r 94%|█████████▍| 804/852 [4:45:16\u003c29:53, 37.36s/it]\r 94%|█████████▍| 804/852 [4:45:16\u003c29:53, 37.36s/it]\n"}
,{"stream_name":"stderr","time":17362.938404498,"data":"\r 94%|█████████▍| 804/852 [4:45:16\u003c29:53, 37.36s/it]\r 94%|█████████▍| 805/852 [4:45:51\u003c28:45, 36.70s/it]\r 94%|█████████▍| 805/852 [4:45:51\u003c28:45, 36.70s/it]\n"}
,{"stream_name":"stderr","time":17394.609562291,"data":"\r 94%|█████████▍| 805/852 [4:45:51\u003c28:45, 36.70s/it]\r 95%|█████████▍| 806/852 [4:46:23\u003c26:58, 35.19s/it]\r 95%|█████████▍| 806/852 [4:46:23\u003c26:58, 35.19s/it]\n"}
,{"stream_name":"stderr","time":17425.769934079,"data":"\r 95%|█████████▍| 806/852 [4:46:23\u003c26:58, 35.19s/it]\r 95%|█████████▍| 807/852 [4:46:54\u003c25:29, 33.98s/it]\r 95%|█████████▍| 807/852 [4:46:54\u003c25:29, 33.98s/it]\n"}
,{"stream_name":"stderr","time":17455.992373646,"data":"\r 95%|█████████▍| 807/852 [4:46:54\u003c25:29, 33.98s/it]\r 95%|█████████▍| 808/852 [4:47:24\u003c24:05, 32.86s/it]\r 95%|█████████▍| 808/852 [4:47:24\u003c24:05, 32.86s/it]\n"}
,{"stream_name":"stderr","time":17484.465444837,"data":"\r 95%|█████████▍| 808/852 [4:47:24\u003c24:05, 32.86s/it]\r 95%|█████████▍| 809/852 [4:47:53\u003c22:36, 31.55s/it]\r 95%|█████████▍| 809/852 [4:47:53\u003c22:36, 31.55s/it]\n"}
,{"stream_name":"stderr","time":17510.935525854,"data":"\r 95%|█████████▍| 809/852 [4:47:53\u003c22:36, 31.55s/it]\r 95%|█████████▌| 810/852 [4:48:19\u003c21:00, 30.02s/it]\r                                                   \r\r 95%|█████████▌| 810/852 [4:48:19\u003c21:00, 30.02s/it]\r 95%|█████████▌| 810/852 [4:48:19\u003c21:00, 30.02s/it]\r                                                   \r\r 95%|█████████▌| 810/852 [4:48:19\u003c21:00, 30.02s/it]\n"}
,{"stream_name":"stderr","time":17536.861366102,"data":"\r 95%|█████████▌| 810/852 [4:48:19\u003c21:00, 30.02s/it]\r                                                   \r\r 95%|█████████▌| 810/852 [4:48:19\u003c21:00, 30.02s/it]\r 95%|█████████▌| 811/852 [4:48:45\u003c19:40, 28.80s/it]\r 95%|█████████▌| 811/852 [4:48:45\u003c19:40, 28.80s/it]\n"}
,{"stream_name":"stderr","time":17562.301010927,"data":"\r 95%|█████████▌| 811/852 [4:48:45\u003c19:40, 28.80s/it]\r 95%|█████████▌| 812/852 [4:49:11\u003c18:31, 27.78s/it]\r 95%|█████████▌| 812/852 [4:49:11\u003c18:31, 27.78s/it]\n"}
,{"stream_name":"stderr","time":17587.900490522,"data":"\r 95%|█████████▌| 812/852 [4:49:11\u003c18:31, 27.78s/it]\r 95%|█████████▌| 813/852 [4:49:36\u003c17:38, 27.14s/it]\r 95%|█████████▌| 813/852 [4:49:36\u003c17:38, 27.14s/it]\n"}
,{"stream_name":"stderr","time":17612.622486431,"data":"\r 95%|█████████▌| 813/852 [4:49:36\u003c17:38, 27.14s/it]\r 96%|█████████▌| 814/852 [4:50:01\u003c16:43, 26.40s/it]\r 96%|█████████▌| 814/852 [4:50:01\u003c16:43, 26.40s/it]\n"}
,{"stream_name":"stderr","time":17636.957400249,"data":"\r 96%|█████████▌| 814/852 [4:50:01\u003c16:43, 26.40s/it]\r 96%|█████████▌| 815/852 [4:50:25\u003c15:54, 25.79s/it]\r 96%|█████████▌| 815/852 [4:50:25\u003c15:54, 25.79s/it]\n"}
,{"stream_name":"stderr","time":17661.109124664,"data":"\r 96%|█████████▌| 815/852 [4:50:25\u003c15:54, 25.79s/it]\r 96%|█████████▌| 816/852 [4:50:49\u003c15:10, 25.28s/it]\r 96%|█████████▌| 816/852 [4:50:49\u003c15:10, 25.28s/it]\n"}
,{"stream_name":"stderr","time":17684.271313632,"data":"\r 96%|█████████▌| 816/852 [4:50:49\u003c15:10, 25.28s/it]\r 96%|█████████▌| 817/852 [4:51:13\u003c14:23, 24.67s/it]\r 96%|█████████▌| 817/852 [4:51:13\u003c14:23, 24.67s/it]\n"}
,{"stream_name":"stderr","time":17707.11216668,"data":"\r 96%|█████████▌| 817/852 [4:51:13\u003c14:23, 24.67s/it]\r 96%|█████████▌| 818/852 [4:51:35\u003c13:39, 24.11s/it]\r 96%|█████████▌| 818/852 [4:51:35\u003c13:39, 24.11s/it]\n"}
,{"stream_name":"stderr","time":17729.74421659,"data":"\r 96%|█████████▌| 818/852 [4:51:35\u003c13:39, 24.11s/it]\r 96%|█████████▌| 819/852 [4:51:58\u003c13:01, 23.68s/it]\r 96%|█████████▌| 819/852 [4:51:58\u003c13:01, 23.68s/it]\n"}
,{"stream_name":"stderr","time":17749.795159894,"data":"\r 96%|█████████▌| 819/852 [4:51:58\u003c13:01, 23.68s/it]\r 96%|█████████▌| 820/852 [4:52:18\u003c12:02, 22.58s/it]\r                                                   \r\r 96%|█████████▌| 820/852 [4:52:18\u003c12:02, 22.58s/it]\r 96%|█████████▌| 820/852 [4:52:18\u003c12:02, 22.58s/it]\r                                                   \r\r 96%|█████████▌| 820/852 [4:52:18\u003c12:02, 22.58s/it]\n"}
,{"stream_name":"stderr","time":17770.045004195,"data":"\r 96%|█████████▌| 820/852 [4:52:18\u003c12:02, 22.58s/it]\r                                                   \r\r 96%|█████████▌| 820/852 [4:52:18\u003c12:02, 22.58s/it]\r 96%|█████████▋| 821/852 [4:52:38\u003c11:18, 21.89s/it]\r 96%|█████████▋| 821/852 [4:52:38\u003c11:18, 21.89s/it]\n"}
,{"stream_name":"stderr","time":17790.272596604,"data":"\r 96%|█████████▋| 821/852 [4:52:38\u003c11:18, 21.89s/it]\r 96%|█████████▋| 822/852 [4:52:59\u003c10:41, 21.38s/it]\r 96%|█████████▋| 822/852 [4:52:59\u003c10:41, 21.38s/it]\n"}
,{"stream_name":"stderr","time":17810.560183657,"data":"\r 96%|█████████▋| 822/852 [4:52:59\u003c10:41, 21.38s/it]\r 97%|█████████▋| 823/852 [4:53:19\u003c10:10, 21.06s/it]\r 97%|█████████▋| 823/852 [4:53:19\u003c10:10, 21.06s/it]\n"}
,{"stream_name":"stderr","time":17830.531881235,"data":"\r 97%|█████████▋| 823/852 [4:53:19\u003c10:10, 21.06s/it]\r 97%|█████████▋| 824/852 [4:53:39\u003c09:40, 20.72s/it]\r 97%|█████████▋| 824/852 [4:53:39\u003c09:40, 20.72s/it]\n"}
,{"stream_name":"stderr","time":17850.169683568,"data":"\r 97%|█████████▋| 824/852 [4:53:39\u003c09:40, 20.72s/it]\r 97%|█████████▋| 825/852 [4:53:59\u003c09:11, 20.41s/it]\r 97%|█████████▋| 825/852 [4:53:59\u003c09:11, 20.41s/it]\n"}
,{"stream_name":"stderr","time":17869.646993199,"data":"\r 97%|█████████▋| 825/852 [4:53:59\u003c09:11, 20.41s/it]\r 97%|█████████▋| 826/852 [4:54:18\u003c08:43, 20.12s/it]\r 97%|█████████▋| 826/852 [4:54:18\u003c08:43, 20.12s/it]\n"}
,{"stream_name":"stderr","time":17888.917508662,"data":"\r 97%|█████████▋| 826/852 [4:54:18\u003c08:43, 20.12s/it]\r 97%|█████████▋| 827/852 [4:54:37\u003c08:16, 19.88s/it]\r 97%|█████████▋| 827/852 [4:54:37\u003c08:16, 19.88s/it]\n"}
,{"stream_name":"stderr","time":17907.2754445,"data":"\r 97%|█████████▋| 827/852 [4:54:37\u003c08:16, 19.88s/it]\r 97%|█████████▋| 828/852 [4:54:56\u003c07:45, 19.41s/it]\r 97%|█████████▋| 828/852 [4:54:56\u003c07:45, 19.41s/it]\n"}
,{"stream_name":"stderr","time":17925.213416678,"data":"\r 97%|█████████▋| 828/852 [4:54:56\u003c07:45, 19.41s/it]\r 97%|█████████▋| 829/852 [4:55:14\u003c07:16, 18.98s/it]\r 97%|█████████▋| 829/852 [4:55:14\u003c07:16, 18.98s/it]\n"}
,{"stream_name":"stderr","time":17943.048353279,"data":"\r 97%|█████████▋| 829/852 [4:55:14\u003c07:16, 18.98s/it]\r 97%|█████████▋| 830/852 [4:55:31\u003c06:49, 18.62s/it]\r                                                   \r\r 97%|█████████▋| 830/852 [4:55:31\u003c06:49, 18.62s/it]\r 97%|█████████▋| 830/852 [4:55:31\u003c06:49, 18.62s/it]\r                                                   \r\r 97%|█████████▋| 830/852 [4:55:31\u003c06:49, 18.62s/it]\n"}
,{"stream_name":"stderr","time":17960.282385077,"data":"\r 97%|█████████▋| 830/852 [4:55:31\u003c06:49, 18.62s/it]\r                                                   \r\r 97%|█████████▋| 830/852 [4:55:31\u003c06:49, 18.62s/it]\r 98%|█████████▊| 831/852 [4:55:49\u003c06:22, 18.22s/it]\r 98%|█████████▊| 831/852 [4:55:49\u003c06:22, 18.22s/it]\n"}
,{"stream_name":"stderr","time":17976.482902883,"data":"\r 98%|█████████▊| 831/852 [4:55:49\u003c06:22, 18.22s/it]\r 98%|█████████▊| 832/852 [4:56:05\u003c05:52, 17.60s/it]\r 98%|█████████▊| 832/852 [4:56:05\u003c05:52, 17.60s/it]\n"}
,{"stream_name":"stderr","time":17992.442094659,"data":"\r 98%|█████████▊| 832/852 [4:56:05\u003c05:52, 17.60s/it]\r 98%|█████████▊| 833/852 [4:56:21\u003c05:25, 17.12s/it]\r 98%|█████████▊| 833/852 [4:56:21\u003c05:25, 17.12s/it]\n"}
,{"stream_name":"stderr","time":18008.29798648,"data":"\r 98%|█████████▊| 833/852 [4:56:21\u003c05:25, 17.12s/it]\r 98%|█████████▊| 834/852 [4:56:37\u003c05:01, 16.73s/it]\r 98%|█████████▊| 834/852 [4:56:37\u003c05:01, 16.73s/it]\n"}
,{"stream_name":"stderr","time":18023.902778064,"data":"\r 98%|█████████▊| 834/852 [4:56:37\u003c05:01, 16.73s/it]\r 98%|█████████▊| 835/852 [4:56:52\u003c04:38, 16.40s/it]\r 98%|█████████▊| 835/852 [4:56:52\u003c04:38, 16.40s/it]\n"}
,{"stream_name":"stderr","time":18037.341882948,"data":"\r 98%|█████████▊| 835/852 [4:56:52\u003c04:38, 16.40s/it]\r 98%|█████████▊| 836/852 [4:57:06\u003c04:08, 15.51s/it]\r 98%|█████████▊| 836/852 [4:57:06\u003c04:08, 15.51s/it]\n"}
,{"stream_name":"stderr","time":18050.642326183,"data":"\r 98%|█████████▊| 836/852 [4:57:06\u003c04:08, 15.51s/it]\r 98%|█████████▊| 837/852 [4:57:19\u003c03:42, 14.84s/it]\r 98%|█████████▊| 837/852 [4:57:19\u003c03:42, 14.84s/it]\n"}
,{"stream_name":"stderr","time":18063.842911655,"data":"\r 98%|█████████▊| 837/852 [4:57:19\u003c03:42, 14.84s/it]\r 98%|█████████▊| 838/852 [4:57:32\u003c03:21, 14.36s/it]\r 98%|█████████▊| 838/852 [4:57:32\u003c03:21, 14.36s/it]\n"}
,{"stream_name":"stderr","time":18076.923598048,"data":"\r 98%|█████████▊| 838/852 [4:57:32\u003c03:21, 14.36s/it]\r 98%|█████████▊| 839/852 [4:57:45\u003c03:01, 13.98s/it]\r 98%|█████████▊| 839/852 [4:57:45\u003c03:01, 13.98s/it]\n"}
,{"stream_name":"stderr","time":18089.650308138,"data":"\r 98%|█████████▊| 839/852 [4:57:45\u003c03:01, 13.98s/it]\r 99%|█████████▊| 840/852 [4:57:58\u003c02:43, 13.59s/it]\r                                                   \r\r 99%|█████████▊| 840/852 [4:57:58\u003c02:43, 13.59s/it]\r 99%|█████████▊| 840/852 [4:57:58\u003c02:43, 13.59s/it]\r                                                   \r\r 99%|█████████▊| 840/852 [4:57:58\u003c02:43, 13.59s/it]\n"}
,{"stream_name":"stderr","time":18101.158115424,"data":"\r 99%|█████████▊| 840/852 [4:57:58\u003c02:43, 13.59s/it]\r                                                   \r\r 99%|█████████▊| 840/852 [4:57:58\u003c02:43, 13.59s/it]\r 99%|█████████▊| 841/852 [4:58:10\u003c02:22, 12.98s/it]\r 99%|█████████▊| 841/852 [4:58:10\u003c02:22, 12.98s/it]\n"}
,{"stream_name":"stderr","time":18111.615446457,"data":"\r 99%|█████████▊| 841/852 [4:58:10\u003c02:22, 12.98s/it]\r 99%|█████████▉| 842/852 [4:58:20\u003c02:02, 12.22s/it]\r 99%|█████████▉| 842/852 [4:58:20\u003c02:02, 12.22s/it]\n"}
,{"stream_name":"stderr","time":18120.80858511,"data":"\r 99%|█████████▉| 842/852 [4:58:20\u003c02:02, 12.22s/it]\r 99%|█████████▉| 843/852 [4:58:29\u003c01:41, 11.30s/it]\r 99%|█████████▉| 843/852 [4:58:29\u003c01:41, 11.30s/it]\n"}
,{"stream_name":"stderr","time":18129.44837767,"data":"\r 99%|█████████▉| 843/852 [4:58:29\u003c01:41, 11.30s/it]\r 99%|█████████▉| 844/852 [4:58:38\u003c01:24, 10.51s/it]\r 99%|█████████▉| 844/852 [4:58:38\u003c01:24, 10.51s/it]\n"}
,{"stream_name":"stderr","time":18136.730053146,"data":"\r 99%|█████████▉| 844/852 [4:58:38\u003c01:24, 10.51s/it]\r 99%|█████████▉| 845/852 [4:58:45\u003c01:06,  9.54s/it]\r 99%|█████████▉| 845/852 [4:58:45\u003c01:06,  9.54s/it]\n"}
,{"stream_name":"stderr","time":18143.796773518,"data":"\r 99%|█████████▉| 845/852 [4:58:45\u003c01:06,  9.54s/it]\r 99%|█████████▉| 846/852 [4:58:52\u003c00:52,  8.80s/it]\r 99%|█████████▉| 846/852 [4:58:52\u003c00:52,  8.80s/it]\n"}
,{"stream_name":"stderr","time":18150.69619781,"data":"\r 99%|█████████▉| 846/852 [4:58:52\u003c00:52,  8.80s/it]\r 99%|█████████▉| 847/852 [4:58:59\u003c00:41,  8.23s/it]\r 99%|█████████▉| 847/852 [4:58:59\u003c00:41,  8.23s/it]\n"}
,{"stream_name":"stderr","time":18157.197776877,"data":"\r 99%|█████████▉| 847/852 [4:58:59\u003c00:41,  8.23s/it]\r100%|█████████▉| 848/852 [4:59:06\u003c00:30,  7.70s/it]\r100%|█████████▉| 848/852 [4:59:06\u003c00:30,  7.70s/it]\n"}
,{"stream_name":"stderr","time":18163.324760683,"data":"\r100%|█████████▉| 848/852 [4:59:06\u003c00:30,  7.70s/it]\r100%|█████████▉| 849/852 [4:59:12\u003c00:21,  7.24s/it]\r100%|█████████▉| 849/852 [4:59:12\u003c00:21,  7.24s/it]\n"}
,{"stream_name":"stderr","time":18169.116197352,"data":"\r100%|█████████▉| 849/852 [4:59:12\u003c00:21,  7.24s/it]\r100%|█████████▉| 850/852 [4:59:17\u003c00:13,  6.81s/it]\r                                                   \r\r100%|█████████▉| 850/852 [4:59:17\u003c00:13,  6.81s/it]\r100%|█████████▉| 850/852 [4:59:17\u003c00:13,  6.81s/it]\r                                                   \r\r100%|█████████▉| 850/852 [4:59:17\u003c00:13,  6.81s/it]\n"}
,{"stream_name":"stderr","time":18190.848470298,"data":"\r100%|█████████▉| 850/852 [4:59:17\u003c00:13,  6.81s/it]\r                                                   \r\r100%|█████████▉| 850/852 [4:59:17\u003c00:13,  6.81s/it]\r100%|█████████▉| 851/852 [4:59:39\u003c00:11, 11.27s/it]\r100%|█████████▉| 851/852 [4:59:39\u003c00:11, 11.27s/it]\n"}
,{"stream_name":"stderr","time":18193.188261421,"data":"\r100%|█████████▉| 851/852 [4:59:39\u003c00:11, 11.27s/it]\r100%|██████████| 852/852 [4:59:42\u003c00:00,  8.60s/it]\r100%|██████████| 852/852 [4:59:42\u003c00:00,  8.60s/it]\n"}
,{"stream_name":"stderr","time":18194.207290273,"data":"\r100%|██████████| 852/852 [4:59:42\u003c00:00,  8.60s/it]Unsloth: Restored added_tokens_decoder metadata in outputs/run3/checkpoint-852/tokenizer_config.json.\n"}
,{"stream_name":"stderr","time":18194.410100512,"data":"Unsloth: Restored added_tokens_decoder metadata in outputs/run3/checkpoint-852/tokenizer_config.json.\n"}
,{"stream_name":"stderr","time":18194.410169,"data":"\n"}
,{"stream_name":"stderr","time":18194.410174599,"data":"Unsloth: Restored added_tokens_decoder metadata in outputs/run3/checkpoint-852/tokenizer_config.json.\n"}
,{"stream_name":"stderr","time":18194.814856976,"data":"\r                                                   \r\r100%|██████████| 852/852 [4:59:43\u003c00:00,  8.60s/it]\r100%|██████████| 852/852 [4:59:43\u003c00:00, 21.11s/it]\n"}
,{"stream_name":"stderr","time":18195.016472531,"data":"\r                                                   \r\r100%|██████████| 852/852 [4:59:43\u003c00:00,  8.60s/it]\r100%|██████████| 852/852 [4:59:43\u003c00:00, 21.11s/it]\n"}
,{"stream_name":"stderr","time":18195.016509149,"data":"\n"}
,{"stream_name":"stderr","time":18195.016515198,"data":"\r                                                   \r\r100%|██████████| 852/852 [4:59:43\u003c00:00,  8.60s/it]\r100%|██████████| 852/852 [4:59:43\u003c00:00, 21.11s/it]\n"}
,{"stream_name":"stderr","time":18196.507571724,"data":"Unsloth: Restored added_tokens_decoder metadata in outputs/run3/tokenizer_config.json.\n"}
,{"stream_name":"stderr","time":18196.70969052,"data":"Unsloth: Restored added_tokens_decoder metadata in outputs/run3/tokenizer_config.json.\n"}
,{"stream_name":"stderr","time":18196.709724763,"data":"\n"}
,{"stream_name":"stderr","time":18196.709729226,"data":"Unsloth: Restored added_tokens_decoder metadata in outputs/run3/tokenizer_config.json.\n"}
,{"stream_name":"stdout","time":18197.186203133,"data":"{'loss': '1.035', 'grad_norm': '0.2911', 'learning_rate': '7.308e-05', 'epoch': '0.0235'}\n"}
,{"stream_name":"stdout","time":18197.186237084,"data":"{'loss': '1.047', 'grad_norm': '0.2586', 'learning_rate': '0.0001', 'epoch': '0.03525'}\n"}
,{"stream_name":"stdout","time":18197.186241754,"data":"{'loss': '1.031', 'grad_norm': '0.297', 'learning_rate': '9.994e-05', 'epoch': '0.047'}\n"}
,{"stream_name":"stdout","time":18197.186246542,"data":"{'loss': '1.387', 'grad_norm': '0.7798', 'learning_rate': '9.981e-05', 'epoch': '0.05875'}\n"}
,{"stream_name":"stdout","time":18197.186250833,"data":"{'loss': '0.9447', 'grad_norm': '0.2285', 'learning_rate': '9.961e-05', 'epoch': '0.07049'}\n"}
,{"stream_name":"stdout","time":18197.186254813,"data":"{'loss': '0.9167', 'grad_norm': '0.1684', 'learning_rate': '9.933e-05', 'epoch': '0.08224'}\n"}
,{"stream_name":"stdout","time":18197.186258866,"data":"{'loss': '1.012', 'grad_norm': '0.2014', 'learning_rate': '9.899e-05', 'epoch': '0.09399'}\n"}
,{"stream_name":"stdout","time":18197.18626313,"data":"{'loss': '0.9272', 'grad_norm': '0.3063', 'learning_rate': '9.857e-05', 'epoch': '0.1057'}\n"}
,{"stream_name":"stdout","time":18197.186267015,"data":"{'loss': '1.381', 'grad_norm': '0.6386', 'learning_rate': '9.809e-05', 'epoch': '0.1175'}\n"}
,{"stream_name":"stdout","time":18197.186271128,"data":"{'loss': '0.9135', 'grad_norm': '0.1936', 'learning_rate': '9.753e-05', 'epoch': '0.1292'}\n"}
,{"stream_name":"stdout","time":18197.186275238,"data":"{'loss': '0.8479', 'grad_norm': '0.1679', 'learning_rate': '9.69e-05', 'epoch': '0.141'}\n"}
,{"stream_name":"stdout","time":18197.186389875,"data":"{'loss': '0.9586', 'grad_norm': '0.195', 'learning_rate': '9.621e-05', 'epoch': '0.1527'}\n"}
,{"stream_name":"stdout","time":18197.186396228,"data":"{'loss': '0.925', 'grad_norm': '0.3271', 'learning_rate': '9.545e-05', 'epoch': '0.1645'}\n"}
,{"stream_name":"stdout","time":18197.186400635,"data":"{'loss': '1.342', 'grad_norm': '0.8588', 'learning_rate': '9.463e-05', 'epoch': '0.1762'}\n"}
,{"stream_name":"stdout","time":18197.186404892,"data":"{'loss': '0.888', 'grad_norm': '0.181', 'learning_rate': '9.374e-05', 'epoch': '0.188'}\n"}
,{"stream_name":"stdout","time":18197.186423953,"data":"{'loss': '0.8768', 'grad_norm': '0.1978', 'learning_rate': '9.279e-05', 'epoch': '0.1997'}\n"}
,{"stream_name":"stdout","time":18197.186427923,"data":"{'loss': '0.9548', 'grad_norm': '0.2137', 'learning_rate': '9.177e-05', 'epoch': '0.2115'}\n"}
,{"stream_name":"stdout","time":18197.186431626,"data":"{'loss': '0.9585', 'grad_norm': '0.304', 'learning_rate': '9.07e-05', 'epoch': '0.2232'}\n"}
,{"stream_name":"stdout","time":18197.186435574,"data":"{'loss': '1.187', 'grad_norm': '0.6825', 'learning_rate': '8.956e-05', 'epoch': '0.235'}\n"}
,{"stream_name":"stdout","time":18197.186439414,"data":"{'loss': '0.8975', 'grad_norm': '0.1795', 'learning_rate': '8.837e-05', 'epoch': '0.2467'}\n"}
,{"stream_name":"stdout","time":18197.186443307,"data":"{'loss': '0.8903', 'grad_norm': '0.1676', 'learning_rate': '8.712e-05', 'epoch': '0.2585'}\n"}
,{"stream_name":"stdout","time":18197.186447215,"data":"{'loss': '0.9414', 'grad_norm': '0.1912', 'learning_rate': '8.582e-05', 'epoch': '0.2702'}\n"}
,{"stream_name":"stdout","time":18197.18645143,"data":"{'loss': '0.9471', 'grad_norm': '0.3307', 'learning_rate': '8.447e-05', 'epoch': '0.282'}\n"}
,{"stream_name":"stdout","time":18197.186455296,"data":"{'loss': '1.237', 'grad_norm': '0.6054', 'learning_rate': '8.307e-05', 'epoch': '0.2937'}\n"}
,{"stream_name":"stdout","time":18197.186459272,"data":"{'loss': '0.8703', 'grad_norm': '0.1549', 'learning_rate': '8.162e-05', 'epoch': '0.3055'}\n"}
,{"stream_name":"stdout","time":18197.186462921,"data":"{'loss': '0.8084', 'grad_norm': '0.1618', 'learning_rate': '8.012e-05', 'epoch': '0.3172'}\n"}
,{"stream_name":"stdout","time":18197.186467035,"data":"{'loss': '0.9021', 'grad_norm': '0.2203', 'learning_rate': '7.858e-05', 'epoch': '0.329'}\n"}
,{"stream_name":"stdout","time":18197.186471046,"data":"{'loss': '0.8461', 'grad_norm': '0.3392', 'learning_rate': '7.7e-05', 'epoch': '0.3407'}\n"}
,{"stream_name":"stdout","time":18197.186475157,"data":"{'loss': '1.363', 'grad_norm': '0.6191', 'learning_rate': '7.538e-05', 'epoch': '0.3525'}\n"}
,{"stream_name":"stdout","time":18197.186479258,"data":"{'loss': '0.8623', 'grad_norm': '0.1594', 'learning_rate': '7.373e-05', 'epoch': '0.3642'}\n"}
,{"stream_name":"stdout","time":18197.186482975,"data":"{'loss': '0.8311', 'grad_norm': '0.1659', 'learning_rate': '7.204e-05', 'epoch': '0.376'}\n"}
,{"stream_name":"stdout","time":18197.186486821,"data":"{'loss': '0.9085', 'grad_norm': '0.1996', 'learning_rate': '7.031e-05', 'epoch': '0.3877'}\n"}
,{"stream_name":"stdout","time":18197.186490769,"data":"{'loss': '0.9214', 'grad_norm': '0.3457', 'learning_rate': '6.856e-05', 'epoch': '0.3995'}\n"}
,{"stream_name":"stdout","time":18197.186495228,"data":"{'loss': '1.304', 'grad_norm': '0.7026', 'learning_rate': '6.678e-05', 'epoch': '0.4112'}\n"}
,{"stream_name":"stdout","time":18197.186498662,"data":"{'loss': '0.841', 'grad_norm': '0.1881', 'learning_rate': '6.498e-05', 'epoch': '0.423'}\n"}
,{"stream_name":"stdout","time":18197.186502715,"data":"{'loss': '0.8022', 'grad_norm': '0.1928', 'learning_rate': '6.316e-05', 'epoch': '0.4347'}\n"}
,{"stream_name":"stdout","time":18197.186506734,"data":"{'loss': '0.8914', 'grad_norm': '0.1989', 'learning_rate': '6.131e-05', 'epoch': '0.4465'}\n"}
,{"stream_name":"stdout","time":18197.186510745,"data":"{'loss': '0.9233', 'grad_norm': '0.2724', 'learning_rate': '5.945e-05', 'epoch': '0.4582'}\n"}
,{"stream_name":"stdout","time":18197.186514816,"data":"{'loss': '1.437', 'grad_norm': '0.6748', 'learning_rate': '5.758e-05', 'epoch': '0.47'}\n"}
,{"stream_name":"stdout","time":18197.186518792,"data":"{'loss': '0.8438', 'grad_norm': '0.1853', 'learning_rate': '5.569e-05', 'epoch': '0.4817'}\n"}
,{"stream_name":"stdout","time":18197.18652673,"data":"{'loss': '0.8191', 'grad_norm': '0.1934', 'learning_rate': '5.38e-05', 'epoch': '0.4935'}\n"}
,{"stream_name":"stdout","time":18197.186530608,"data":"{'loss': '0.9068', 'grad_norm': '0.2138', 'learning_rate': '5.19e-05', 'epoch': '0.5052'}\n"}
,{"stream_name":"stdout","time":18197.186534992,"data":"{'loss': '0.9363', 'grad_norm': '0.3278', 'learning_rate': '5e-05', 'epoch': '0.517'}\n"}
,{"stream_name":"stdout","time":18197.186562545,"data":"{'loss': '1.26', 'grad_norm': '0.6149', 'learning_rate': '4.81e-05', 'epoch': '0.5287'}\n"}
,{"stream_name":"stdout","time":18197.186566679,"data":"{'loss': '0.8352', 'grad_norm': '0.1632', 'learning_rate': '4.62e-05', 'epoch': '0.5405'}\n"}
,{"stream_name":"stdout","time":18197.186570691,"data":"{'loss': '0.8496', 'grad_norm': '0.1801', 'learning_rate': '4.431e-05', 'epoch': '0.5522'}\n"}
,{"stream_name":"stdout","time":18197.186575197,"data":"{'loss': '0.8764', 'grad_norm': '0.1938', 'learning_rate': '4.242e-05', 'epoch': '0.564'}\n"}
,{"stream_name":"stdout","time":18197.186579041,"data":"{'loss': '0.8903', 'grad_norm': '0.286', 'learning_rate': '4.055e-05', 'epoch': '0.5757'}\n"}
,{"stream_name":"stdout","time":18197.186583209,"data":"{'loss': '1.389', 'grad_norm': '0.657', 'learning_rate': '3.869e-05', 'epoch': '0.5875'}\n"}
,{"stream_name":"stdout","time":18197.186587401,"data":"{'loss': '0.8382', 'grad_norm': '0.1713', 'learning_rate': '3.684e-05', 'epoch': '0.5992'}\n"}
,{"stream_name":"stdout","time":18197.186591339,"data":"{'loss': '0.8321', 'grad_norm': '0.1839', 'learning_rate': '3.502e-05', 'epoch': '0.611'}\n"}
,{"stream_name":"stdout","time":18197.186595061,"data":"{'loss': '0.8626', 'grad_norm': '0.1962', 'learning_rate': '3.322e-05', 'epoch': '0.6227'}\n"}
,{"stream_name":"stdout","time":18197.186599098,"data":"{'loss': '0.98', 'grad_norm': '0.3318', 'learning_rate': '3.144e-05', 'epoch': '0.6345'}\n"}
,{"stream_name":"stdout","time":18197.186603144,"data":"{'loss': '1.252', 'grad_norm': '0.6071', 'learning_rate': '2.969e-05', 'epoch': '0.6462'}\n"}
,{"stream_name":"stdout","time":18197.186607327,"data":"{'loss': '0.7958', 'grad_norm': '0.1613', 'learning_rate': '2.796e-05', 'epoch': '0.658'}\n"}
,{"stream_name":"stdout","time":18197.186696209,"data":"{'loss': '0.8351', 'grad_norm': '0.201', 'learning_rate': '2.627e-05', 'epoch': '0.6697'}\n"}
,{"stream_name":"stdout","time":18197.18670262,"data":"{'loss': '0.9405', 'grad_norm': '0.2052', 'learning_rate': '2.462e-05', 'epoch': '0.6815'}\n"}
,{"stream_name":"stdout","time":18197.186706935,"data":"{'loss': '0.9511', 'grad_norm': '0.4285', 'learning_rate': '2.3e-05', 'epoch': '0.6932'}\n"}
,{"stream_name":"stdout","time":18197.186711041,"data":"{'loss': '1.304', 'grad_norm': '0.6405', 'learning_rate': '2.142e-05', 'epoch': '0.7049'}\n"}
,{"stream_name":"stdout","time":18197.186714981,"data":"{'loss': '0.8306', 'grad_norm': '0.1602', 'learning_rate': '1.988e-05', 'epoch': '0.7167'}\n"}
,{"stream_name":"stdout","time":18197.186718888,"data":"{'loss': '0.7782', 'grad_norm': '0.1756', 'learning_rate': '1.838e-05', 'epoch': '0.7284'}\n"}
,{"stream_name":"stdout","time":18197.186723229,"data":"{'loss': '0.9209', 'grad_norm': '0.2226', 'learning_rate': '1.693e-05', 'epoch': '0.7402'}\n"}
,{"stream_name":"stdout","time":18197.186727349,"data":"{'loss': '0.9058', 'grad_norm': '0.3063', 'learning_rate': '1.553e-05', 'epoch': '0.7519'}\n"}
,{"stream_name":"stdout","time":18197.186731189,"data":"{'loss': '1.367', 'grad_norm': '0.5636', 'learning_rate': '1.418e-05', 'epoch': '0.7637'}\n"}
,{"stream_name":"stdout","time":18197.186734959,"data":"{'loss': '0.8718', 'grad_norm': '0.1572', 'learning_rate': '1.288e-05', 'epoch': '0.7754'}\n"}
,{"stream_name":"stdout","time":18197.186739167,"data":"{'loss': '0.8118', 'grad_norm': '0.1847', 'learning_rate': '1.163e-05', 'epoch': '0.7872'}\n"}
,{"stream_name":"stdout","time":18197.186758422,"data":"{'loss': '0.8846', 'grad_norm': '0.2101', 'learning_rate': '1.044e-05', 'epoch': '0.7989'}\n"}
,{"stream_name":"stdout","time":18197.186762474,"data":"{'loss': '0.9082', 'grad_norm': '0.2911', 'learning_rate': '9.305e-06', 'epoch': '0.8107'}\n"}
,{"stream_name":"stdout","time":18197.186769097,"data":"{'loss': '1.312', 'grad_norm': '0.6384', 'learning_rate': '8.229e-06', 'epoch': '0.8224'}\n"}
,{"stream_name":"stdout","time":18197.186772821,"data":"{'loss': '0.8273', 'grad_norm': '0.1469', 'learning_rate': '7.215e-06', 'epoch': '0.8342'}\n"}
,{"stream_name":"stdout","time":18197.186776718,"data":"{'loss': '0.7519', 'grad_norm': '0.1703', 'learning_rate': '6.262e-06', 'epoch': '0.8459'}\n"}
,{"stream_name":"stdout","time":18197.186781001,"data":"{'loss': '0.9348', 'grad_norm': '0.2081', 'learning_rate': '5.372e-06', 'epoch': '0.8577'}\n"}
,{"stream_name":"stdout","time":18197.186785537,"data":"{'loss': '0.889', 'grad_norm': '0.3062', 'learning_rate': '4.547e-06', 'epoch': '0.8694'}\n"}
,{"stream_name":"stdout","time":18197.186789416,"data":"{'loss': '1.318', 'grad_norm': '0.5901', 'learning_rate': '3.788e-06', 'epoch': '0.8812'}\n"}
,{"stream_name":"stdout","time":18197.186793467,"data":"{'loss': '0.8217', 'grad_norm': '0.1657', 'learning_rate': '3.095e-06', 'epoch': '0.8929'}\n"}
,{"stream_name":"stdout","time":18197.186797278,"data":"{'loss': '0.8289', 'grad_norm': '0.1782', 'learning_rate': '2.471e-06', 'epoch': '0.9047'}\n"}
,{"stream_name":"stdout","time":18197.1868011,"data":"{'loss': '0.8988', 'grad_norm': '0.2284', 'learning_rate': '1.915e-06', 'epoch': '0.9164'}\n"}
,{"stream_name":"stdout","time":18197.186804924,"data":"{'loss': '0.8684', 'grad_norm': '0.3277', 'learning_rate': '1.429e-06', 'epoch': '0.9282'}\n"}
,{"stream_name":"stdout","time":18197.186809272,"data":"{'loss': '1.154', 'grad_norm': '0.5992', 'learning_rate': '1.012e-06', 'epoch': '0.9399'}\n"}
,{"stream_name":"stdout","time":18197.186813233,"data":"{'loss': '0.826', 'grad_norm': '0.1572', 'learning_rate': '6.672e-07', 'epoch': '0.9517'}\n"}
,{"stream_name":"stdout","time":18197.186817226,"data":"{'loss': '0.7795', 'grad_norm': '0.1747', 'learning_rate': '3.933e-07', 'epoch': '0.9634'}\n"}
,{"stream_name":"stdout","time":18197.186821094,"data":"{'loss': '0.8939', 'grad_norm': '0.2211', 'learning_rate': '1.912e-07', 'epoch': '0.9752'}\n"}
,{"stream_name":"stdout","time":18197.186824909,"data":"{'loss': '0.9069', 'grad_norm': '0.2824', 'learning_rate': '6.111e-08', 'epoch': '0.9869'}\n"}
,{"stream_name":"stdout","time":18197.186828769,"data":"{'loss': '1.312', 'grad_norm': '0.5632', 'learning_rate': '3.255e-09', 'epoch': '0.9987'}\n"}
,{"stream_name":"stdout","time":18197.186832703,"data":"{'train_runtime': '1.798e+04', 'train_samples_per_second': '0.757', 'train_steps_per_second': '0.047', 'train_loss': '0.9737', 'epoch': '1'}\n"}
,{"stream_name":"stdout","time":18197.186836751,"data":"saved adapter to outputs/run3\n"}
,{"stream_name":"stdout","time":18197.388830045,"data":"{'loss': '1.035', 'grad_norm': '0.2911', 'learning_rate': '7.308e-05', 'epoch': '0.0235'}\n"}
,{"stream_name":"stdout","time":18197.388861095,"data":"{'loss': '1.047', 'grad_norm': '0.2586', 'learning_rate': '0.0001', 'epoch': '0.03525'}\n"}
,{"stream_name":"stdout","time":18197.388864388,"data":"{'loss': '1.031', 'grad_norm': '0.297', 'learning_rate': '9.994e-05', 'epoch': '0.047'}\n"}
,{"stream_name":"stdout","time":18197.388866918,"data":"{'loss': '1.387', 'grad_norm': '0.7798', 'learning_rate': '9.981e-05', 'epoch': '0.05875'}\n"}
,{"stream_name":"stdout","time":18197.388869365,"data":"{'loss': '0.9447', 'grad_norm': '0.2285', 'learning_rate': '9.961e-05', 'epoch': '0.07049'}\n"}
,{"stream_name":"stdout","time":18197.388872017,"data":"{'loss': '0.9167', 'grad_norm': '0.1684', 'learning_rate': '9.933e-05', 'epoch': '0.08224'}\n"}
,{"stream_name":"stdout","time":18197.388886699,"data":"{'loss': '1.012', 'grad_norm': '0.2014', 'learning_rate': '9.899e-05', 'epoch': '0.09399'}\n"}
,{"stream_name":"stdout","time":18197.388889241,"data":"{'loss': '0.9272', 'grad_norm': '0.3063', 'learning_rate': '9.857e-05', 'epoch': '0.1057'}\n"}
,{"stream_name":"stdout","time":18197.388891491,"data":"{'loss': '1.381', 'grad_norm': '0.6386', 'learning_rate': '9.809e-05', 'epoch': '0.1175'}\n"}
,{"stream_name":"stdout","time":18197.388893832,"data":"{'loss': '0.9135', 'grad_norm': '0.1936', 'learning_rate': '9.753e-05', 'epoch': '0.1292'}\n"}
,{"stream_name":"stdout","time":18197.388896071,"data":"{'loss': '0.8479', 'grad_norm': '0.1679', 'learning_rate': '9.69e-05', 'epoch': '0.141'}\n"}
,{"stream_name":"stdout","time":18197.388898318,"data":"{'loss': '0.9586', 'grad_norm': '0.195', 'learning_rate': '9.621e-05', 'epoch': '0.1527'}\n"}
,{"stream_name":"stdout","time":18197.388900561,"data":"{'loss': '0.925', 'grad_norm': '0.3271', 'learning_rate': '9.545e-05', 'epoch': '0.1645'}\n"}
,{"stream_name":"stdout","time":18197.388903053,"data":"{'loss': '1.342', 'grad_norm': '0.8588', 'learning_rate': '9.463e-05', 'epoch': '0.1762'}\n"}
,{"stream_name":"stdout","time":18197.388905393,"data":"{'loss': '0.888', 'grad_norm': '0.181', 'learning_rate': '9.374e-05', 'epoch': '0.188'}\n"}
,{"stream_name":"stdout","time":18197.388907638,"data":"{'loss': '0.8768', 'grad_norm': '0.1978', 'learning_rate': '9.279e-05', 'epoch': '0.1997'}\n"}
,{"stream_name":"stdout","time":18197.388909957,"data":"{'loss': '0.9548', 'grad_norm': '0.2137', 'learning_rate': '9.177e-05', 'epoch': '0.2115'}\n"}
,{"stream_name":"stdout","time":18197.388912203,"data":"{'loss': '0.9585', 'grad_norm': '0.304', 'learning_rate': '9.07e-05', 'epoch': '0.2232'}\n"}
,{"stream_name":"stdout","time":18197.38891454,"data":"{'loss': '1.187', 'grad_norm': '0.6825', 'learning_rate': '8.956e-05', 'epoch': '0.235'}\n"}
,{"stream_name":"stdout","time":18197.388916781,"data":"{'loss': '0.8975', 'grad_norm': '0.1795', 'learning_rate': '8.837e-05', 'epoch': '0.2467'}\n"}
,{"stream_name":"stdout","time":18197.388919026,"data":"{'loss': '0.8903', 'grad_norm': '0.1676', 'learning_rate': '8.712e-05', 'epoch': '0.2585'}\n"}
,{"stream_name":"stdout","time":18197.388921272,"data":"{'loss': '0.9414', 'grad_norm': '0.1912', 'learning_rate': '8.582e-05', 'epoch': '0.2702'}\n"}
,{"stream_name":"stdout","time":18197.388924464,"data":"{'loss': '0.9471', 'grad_norm': '0.3307', 'learning_rate': '8.447e-05', 'epoch': '0.282'}\n"}
,{"stream_name":"stdout","time":18197.388926781,"data":"{'loss': '1.237', 'grad_norm': '0.6054', 'learning_rate': '8.307e-05', 'epoch': '0.2937'}\n"}
,{"stream_name":"stdout","time":18197.38892906,"data":"{'loss': '0.8703', 'grad_norm': '0.1549', 'learning_rate': '8.162e-05', 'epoch': '0.3055'}\n"}
,{"stream_name":"stdout","time":18197.388931301,"data":"{'loss': '0.8084', 'grad_norm': '0.1618', 'learning_rate': '8.012e-05', 'epoch': '0.3172'}\n"}
,{"stream_name":"stdout","time":18197.388933542,"data":"{'loss': '0.9021', 'grad_norm': '0.2203', 'learning_rate': '7.858e-05', 'epoch': '0.329'}\n"}
,{"stream_name":"stdout","time":18197.388935786,"data":"{'loss': '0.8461', 'grad_norm': '0.3392', 'learning_rate': '7.7e-05', 'epoch': '0.3407'}\n"}
,{"stream_name":"stdout","time":18197.388938022,"data":"{'loss': '1.363', 'grad_norm': '0.6191', 'learning_rate': '7.538e-05', 'epoch': '0.3525'}\n"}
,{"stream_name":"stdout","time":18197.388942293,"data":"{'loss': '0.8623', 'grad_norm': '0.1594', 'learning_rate': '7.373e-05', 'epoch': '0.3642'}\n"}
,{"stream_name":"stdout","time":18197.38894467,"data":"{'loss': '0.8311', 'grad_norm': '0.1659', 'learning_rate': '7.204e-05', 'epoch': '0.376'}\n"}
,{"stream_name":"stdout","time":18197.388949843,"data":"{'loss': '0.9085', 'grad_norm': '0.1996', 'learning_rate': '7.031e-05', 'epoch': '0.3877'}\n"}
,{"stream_name":"stdout","time":18197.388952222,"data":"{'loss': '0.9214', 'grad_norm': '0.3457', 'learning_rate': '6.856e-05', 'epoch': '0.3995'}\n"}
,{"stream_name":"stdout","time":18197.388954556,"data":"{'loss': '1.304', 'grad_norm': '0.7026', 'learning_rate': '6.678e-05', 'epoch': '0.4112'}\n"}
,{"stream_name":"stdout","time":18197.388956875,"data":"{'loss': '0.841', 'grad_norm': '0.1881', 'learning_rate': '6.498e-05', 'epoch': '0.423'}\n"}
,{"stream_name":"stdout","time":18197.388959187,"data":"{'loss': '0.8022', 'grad_norm': '0.1928', 'learning_rate': '6.316e-05', 'epoch': '0.4347'}\n"}
,{"stream_name":"stdout","time":18197.388961518,"data":"{'loss': '0.8914', 'grad_norm': '0.1989', 'learning_rate': '6.131e-05', 'epoch': '0.4465'}\n"}
,{"stream_name":"stdout","time":18197.388964506,"data":"{'loss': '0.9233', 'grad_norm': '0.2724', 'learning_rate': '5.945e-05', 'epoch': '0.4582'}\n"}
,{"stream_name":"stdout","time":18197.388966813,"data":"{'loss': '1.437', 'grad_norm': '0.6748', 'learning_rate': '5.758e-05', 'epoch': '0.47'}\n"}
,{"stream_name":"stdout","time":18197.388969046,"data":"{'loss': '0.8438', 'grad_norm': '0.1853', 'learning_rate': '5.569e-05', 'epoch': '0.4817'}\n"}
,{"stream_name":"stdout","time":18197.388971356,"data":"{'loss': '0.8191', 'grad_norm': '0.1934', 'learning_rate': '5.38e-05', 'epoch': '0.4935'}\n"}
,{"stream_name":"stdout","time":18197.388973647,"data":"{'loss': '0.9068', 'grad_norm': '0.2138', 'learning_rate': '5.19e-05', 'epoch': '0.5052'}\n"}
,{"stream_name":"stdout","time":18197.388975963,"data":"{'loss': '0.9363', 'grad_norm': '0.3278', 'learning_rate': '5e-05', 'epoch': '0.517'}\n"}
,{"stream_name":"stdout","time":18197.388978186,"data":"{'loss': '1.26', 'grad_norm': '0.6149', 'learning_rate': '4.81e-05', 'epoch': '0.5287'}\n"}
,{"stream_name":"stdout","time":18197.388980497,"data":"{'loss': '0.8352', 'grad_norm': '0.1632', 'learning_rate': '4.62e-05', 'epoch': '0.5405'}\n"}
,{"stream_name":"stdout","time":18197.388983132,"data":"{'loss': '0.8496', 'grad_norm': '0.1801', 'learning_rate': '4.431e-05', 'epoch': '0.5522'}\n"}
,{"stream_name":"stdout","time":18197.388985509,"data":"{'loss': '0.8764', 'grad_norm': '0.1938', 'learning_rate': '4.242e-05', 'epoch': '0.564'}\n"}
,{"stream_name":"stdout","time":18197.388987788,"data":"{'loss': '0.8903', 'grad_norm': '0.286', 'learning_rate': '4.055e-05', 'epoch': '0.5757'}\n"}
,{"stream_name":"stdout","time":18197.388990026,"data":"{'loss': '1.389', 'grad_norm': '0.657', 'learning_rate': '3.869e-05', 'epoch': '0.5875'}\n"}
,{"stream_name":"stdout","time":18197.388992257,"data":"{'loss': '0.8382', 'grad_norm': '0.1713', 'learning_rate': '3.684e-05', 'epoch': '0.5992'}\n"}
,{"stream_name":"stdout","time":18197.388994485,"data":"{'loss': '0.8321', 'grad_norm': '0.1839', 'learning_rate': '3.502e-05', 'epoch': '0.611'}\n"}
,{"stream_name":"stdout","time":18197.388996716,"data":"{'loss': '0.8626', 'grad_norm': '0.1962', 'learning_rate': '3.322e-05', 'epoch': '0.6227'}\n"}
,{"stream_name":"stdout","time":18197.388998955,"data":"{'loss': '0.98', 'grad_norm': '0.3318', 'learning_rate': '3.144e-05', 'epoch': '0.6345'}\n"}
,{"stream_name":"stdout","time":18197.389001211,"data":"{'loss': '1.252', 'grad_norm': '0.6071', 'learning_rate': '2.969e-05', 'epoch': '0.6462'}\n"}
,{"stream_name":"stdout","time":18197.389003442,"data":"{'loss': '0.7958', 'grad_norm': '0.1613', 'learning_rate': '2.796e-05', 'epoch': '0.658'}\n"}
,{"stream_name":"stdout","time":18197.389005679,"data":"{'loss': '0.8351', 'grad_norm': '0.201', 'learning_rate': '2.627e-05', 'epoch': '0.6697'}\n"}
,{"stream_name":"stdout","time":18197.389007908,"data":"{'loss': '0.9405', 'grad_norm': '0.2052', 'learning_rate': '2.462e-05', 'epoch': '0.6815'}\n"}
,{"stream_name":"stdout","time":18197.389012088,"data":"{'loss': '0.9511', 'grad_norm': '0.4285', 'learning_rate': '2.3e-05', 'epoch': '0.6932'}\n"}
,{"stream_name":"stdout","time":18197.389014455,"data":"{'loss': '1.304', 'grad_norm': '0.6405', 'learning_rate': '2.142e-05', 'epoch': '0.7049'}\n"}
,{"stream_name":"stdout","time":18197.389016685,"data":"{'loss': '0.8306', 'grad_norm': '0.1602', 'learning_rate': '1.988e-05', 'epoch': '0.7167'}\n"}
,{"stream_name":"stdout","time":18197.38901893,"data":"{'loss': '0.7782', 'grad_norm': '0.1756', 'learning_rate': '1.838e-05', 'epoch': '0.7284'}\n"}
,{"stream_name":"stdout","time":18197.389021198,"data":"{'loss': '0.9209', 'grad_norm': '0.2226', 'learning_rate': '1.693e-05', 'epoch': '0.7402'}\n"}
,{"stream_name":"stdout","time":18197.389023448,"data":"{'loss': '0.9058', 'grad_norm': '0.3063', 'learning_rate': '1.553e-05', 'epoch': '0.7519'}\n"}
,{"stream_name":"stdout","time":18197.389025698,"data":"{'loss': '1.367', 'grad_norm': '0.5636', 'learning_rate': '1.418e-05', 'epoch': '0.7637'}\n"}
,{"stream_name":"stdout","time":18197.389027938,"data":"{'loss': '0.8718', 'grad_norm': '0.1572', 'learning_rate': '1.288e-05', 'epoch': '0.7754'}\n"}
,{"stream_name":"stdout","time":18197.389030195,"data":"{'loss': '0.8118', 'grad_norm': '0.1847', 'learning_rate': '1.163e-05', 'epoch': '0.7872'}\n"}
,{"stream_name":"stdout","time":18197.389032418,"data":"{'loss': '0.8846', 'grad_norm': '0.2101', 'learning_rate': '1.044e-05', 'epoch': '0.7989'}\n"}
,{"stream_name":"stdout","time":18197.38903466,"data":"{'loss': '0.9082', 'grad_norm': '0.2911', 'learning_rate': '9.305e-06', 'epoch': '0.8107'}\n"}
,{"stream_name":"stdout","time":18197.389037193,"data":"{'loss': '1.312', 'grad_norm': '0.6384', 'learning_rate': '8.229e-06', 'epoch': '0.8224'}\n"}
,{"stream_name":"stdout","time":18197.389039527,"data":"{'loss': '0.8273', 'grad_norm': '0.1469', 'learning_rate': '7.215e-06', 'epoch': '0.8342'}\n"}
,{"stream_name":"stdout","time":18197.389041788,"data":"{'loss': '0.7519', 'grad_norm': '0.1703', 'learning_rate': '6.262e-06', 'epoch': '0.8459'}\n"}
,{"stream_name":"stdout","time":18197.389044012,"data":"{'loss': '0.9348', 'grad_norm': '0.2081', 'learning_rate': '5.372e-06', 'epoch': '0.8577'}\n"}
,{"stream_name":"stdout","time":18197.389046253,"data":"{'loss': '0.889', 'grad_norm': '0.3062', 'learning_rate': '4.547e-06', 'epoch': '0.8694'}\n"}
,{"stream_name":"stdout","time":18197.389048502,"data":"{'loss': '1.318', 'grad_norm': '0.5901', 'learning_rate': '3.788e-06', 'epoch': '0.8812'}\n"}
,{"stream_name":"stdout","time":18197.389050738,"data":"{'loss': '0.8217', 'grad_norm': '0.1657', 'learning_rate': '3.095e-06', 'epoch': '0.8929'}\n"}
,{"stream_name":"stdout","time":18197.389052976,"data":"{'loss': '0.8289', 'grad_norm': '0.1782', 'learning_rate': '2.471e-06', 'epoch': '0.9047'}\n"}
,{"stream_name":"stdout","time":18197.389055206,"data":"{'loss': '0.8988', 'grad_norm': '0.2284', 'learning_rate': '1.915e-06', 'epoch': '0.9164'}\n"}
,{"stream_name":"stdout","time":18197.38905748,"data":"{'loss': '0.8684', 'grad_norm': '0.3277', 'learning_rate': '1.429e-06', 'epoch': '0.9282'}\n"}
,{"stream_name":"stdout","time":18197.389059712,"data":"{'loss': '1.154', 'grad_norm': '0.5992', 'learning_rate': '1.012e-06', 'epoch': '0.9399'}\n"}
,{"stream_name":"stdout","time":18197.389061999,"data":"{'loss': '0.826', 'grad_norm': '0.1572', 'learning_rate': '6.672e-07', 'epoch': '0.9517'}\n"}
,{"stream_name":"stdout","time":18197.389064375,"data":"{'loss': '0.7795', 'grad_norm': '0.1747', 'learning_rate': '3.933e-07', 'epoch': '0.9634'}\n"}
,{"stream_name":"stdout","time":18197.389066666,"data":"{'loss': '0.8939', 'grad_norm': '0.2211', 'learning_rate': '1.912e-07', 'epoch': '0.9752'}\n"}
,{"stream_name":"stdout","time":18197.38907109,"data":"{'loss': '0.9069', 'grad_norm': '0.2824', 'learning_rate': '6.111e-08', 'epoch': '0.9869'}\n"}
,{"stream_name":"stdout","time":18197.389073418,"data":"{'loss': '1.312', 'grad_norm': '0.5632', 'learning_rate': '3.255e-09', 'epoch': '0.9987'}\n"}
,{"stream_name":"stdout","time":18197.389075805,"data":"{'train_runtime': '1.798e+04', 'train_samples_per_second': '0.757', 'train_steps_per_second': '0.047', 'train_loss': '0.9737', 'epoch': '1'}\n"}
,{"stream_name":"stdout","time":18197.389078344,"data":"saved adapter to outputs/run3\n"}
,{"stream_name":"stdout","time":18199.612509217,"data":"\n"}
,{"stream_name":"stdout","time":18199.612560661,"data":"ok\n"}
,{"stream_name":"stdout","time":18199.612567809,"data":"\n"}
,{"stream_name":"stdout","time":18199.992511072,"data":"########## Training ##########\n"}
,{"stream_name":"stdout","time":18199.992552342,"data":"  format: v2\n"}
,{"stream_name":"stdout","time":18199.992560596,"data":"  train_runtime_seconds: 17983.8709\n"}
,{"stream_name":"stdout","time":18199.992564666,"data":"  train_loss: 0.9736642501723598\n"}
,{"stream_name":"stdout","time":18199.992568697,"data":"  examples: 13617\n"}
,{"stream_name":"stdout","time":18199.992572234,"data":"  max_seq: 2496\n"}
,{"stream_name":"stdout","time":18199.992575554,"data":"  batch_size: 2\n"}
,{"stream_name":"stdout","time":18199.992578864,"data":"  grad_accum: 8\n"}
,{"stream_name":"stdout","time":18199.992582068,"data":"  rank: 64\n"}
,{"stream_name":"stdout","time":18199.992585471,"data":"  lr: 0.0001\n"}
,{"stream_name":"stdout","time":18199.992588829,"data":"  group_by_length: True\n"}
,{"stream_name":"stdout","time":18199.99259219,"data":"  steps: 852\n"}
,{"stream_name":"stdout","time":18199.992595783,"data":"  max_steps: 852\n"}
,{"stream_name":"stdout","time":18199.992599124,"data":"  stopped_early: False\n"}
,{"stream_name":"stdout","time":18215.14538825,"data":"22:39 answers written: {'tuned': 0, 'base': 0}\n"}
,{"stream_name":"stdout","time":18230.29236762,"data":"22:39 answers written: {'tuned': 0, 'base': 0}\n"}
,{"stream_name":"stdout","time":18245.153753039,"data":"22:39 answers written: {'tuned': 0, 'base': 0}\n"}
,{"stream_name":"stdout","time":18260.151685295,"data":"22:40 answers written: {'tuned': 0, 'base': 0}\n"}
,{"stream_name":"stdout","time":18275.193653097,"data":"22:40 answers written: {'tuned': 0, 'base': 0}\n"}
,{"stream_name":"stdout","time":18290.15356568,"data":"22:40 answers written: {'tuned': 0, 'base': 20}\n"}
,{"stream_name":"stdout","time":18305.15536091,"data":"22:40 answers written: {'tuned': 0, 'base': 24}\n"}
,{"stream_name":"stdout","time":18320.193723717,"data":"22:41 answers written: {'tuned': 0, 'base': 32}\n"}
,{"stream_name":"stdout","time":18320.194702746,"data":"--- tuned log tail ---\n"}
,{"stream_name":"stdout","time":18320.19472631,"data":"  File \"\u003cfrozen runpy\u003e\", line 88, in _run_code\n"}
,{"stream_name":"stdout","time":18320.194733371,"data":"  File \"/kaggle/working/ft/training/eval_worker.py\", line 302, in \u003cmodule\u003e\n"}
,{"stream_name":"stdout","time":18320.194738763,"data":"    main()\n"}
,{"stream_name":"stdout","time":18320.194742901,"data":"  File \"/kaggle/working/ft/training/eval_worker.py\", line 247, in main\n"}
,{"stream_name":"stdout","time":18320.194747416,"data":"    model, tok, choice = load_model(args.base, adapter, device=args.device)\n"}
,{"stream_name":"stdout","time":18320.194751775,"data":"                         ^^^^^^^^^^^^^^^^^^^^^^^^^^^^^^^^^^^^^^^^^^^^^^^^^^\n"}
,{"stream_name":"stdout","time":18320.194756193,"data":"  File \"/kaggle/working/ft/training/modeling.py\", line 57, in load_model\n"}
,{"stream_name":"stdout","time":18320.194772106,"data":"    tok = AutoTokenizer.from_pretrained(base)\n"}
,{"stream_name":"stdout","time":18320.194775774,"data":"          ^^^^^^^^^^^^^^^^^^^^^^^^^^^^^^^^^^^\n"}
,{"stream_name":"stdout","time":18320.194779156,"data":"  File \"/usr/local/lib/python3.12/dist-packages/transformers/models/auto/tokenization_auto.py\", line 793, in from_pretrained\n"}
,{"stream_name":"stdout","time":18320.194791776,"data":"    return tokenizer_class.from_pretrained(pretrained_model_name_or_path, *inputs, **kwargs)\n"}
,{"stream_name":"stdout","time":18320.194795584,"data":"           ^^^^^^^^^^^^^^^^^^^^^^^^^^^^^^^^^^^^^^^^^^^^^^^^^^^^^^^^^^^^^^^^^^^^^^^^^^^^^^^^^\n"}
,{"stream_name":"stdout","time":18320.194799193,"data":"  File \"/usr/local/lib/python3.12/dist-packages/transformers/tokenization_utils_base.py\", line 1709, in from_pretrained\n"}
,{"stream_name":"stdout","time":18320.194802933,"data":"    raise OSError(\n"}
,{"stream_name":"stdout","time":18320.194807043,"data":"OSError: Can't load tokenizer for 'unsloth/Qwen3-4B'. If you were trying to load it from 'https://huggingface.co/models', make sure you don't have a local directory with the same name. Otherwise, make sure 'unsloth/Qwen3-4B' is the correct path to a directory containing all relevant files for a Qwen2Tokenizer tokenizer.\n"}
,{"stream_name":"stdout","time":18320.194812684,"data":"\n"}
,{"stream_name":"stdout","time":18320.194816025,"data":"--- base log tail ---\n"}
,{"stream_name":"stdout","time":18320.194819296,"data":"Loading weights:  95%|█████████▍| 377/398 [00:04\u003c00:00, 87.63it/s]\n"}
,{"stream_name":"stdout","time":18320.194823713,"data":"Loading weights:  97%|█████████▋| 388/398 [00:04\u003c00:00, 91.73it/s]\n"}
,{"stream_name":"stdout","time":18320.194827342,"data":"Loading weights: 100%|██████████| 398/398 [00:04\u003c00:00, 95.32it/s]\n"}
,{"stream_name":"stdout","time":18320.194830971,"data":"base letter:medqa: 4/4 done in 1s\n"}
,{"stream_name":"stdout","time":18320.194834161,"data":"base letter:medmcqa: 4/4 done in 0s\n"}
,{"stream_name":"stdout","time":18320.194837818,"data":"base letter:pubmedqa: 4/4 done in 1s\n"}
,{"stream_name":"stdout","time":18320.194841078,"data":"base letter:mmlu_medical: 4/4 done in 0s\n"}
,{"stream_name":"stdout","time":18320.194844424,"data":"Both `max_new_tokens` (=128) and `max_length`(=40960) seem to have been set. `max_new_tokens` will take precedence. Please refer to the documentation for more information. (https://huggingface.co/docs/transformers/main/en/main_classes/text_generation)\n"}
,{"stream_name":"stdout","time":18320.1948486,"data":"base reasoning:medqa: 4/4 done in 9s\n"}
,{"stream_name":"stdout","time":18320.194853521,"data":"Both `max_new_tokens` (=128) and `max_length`(=40960) seem to have been set. `max_new_tokens` will take precedence. Please refer to the documentation for more information. (https://huggingface.co/docs/transformers/main/en/main_classes/text_generation)\n"}
,{"stream_name":"stdout","time":18320.194857667,"data":"base reasoning:mmlu_medical: 4/4 done in 8s\n"}
,{"stream_name":"stdout","time":18320.1948613,"data":"Both `max_new_tokens` (=128) and `max_length`(=40960) seem to have been set. `max_new_tokens` will take precedence. Please refer to the documentation for more information. (https://huggingface.co/docs/transformers/main/en/main_classes/text_generation)\n"}
,{"stream_name":"stdout","time":18320.194865046,"data":"base reasoning:pubmedqa: 4/4 done in 10s\n"}
,{"stream_name":"stdout","time":18320.194868735,"data":"Both `max_new_tokens` (=128) and `max_length`(=40960) seem to have been set. `max_new_tokens` will take precedence. Please refer to the documentation for more information. (https://huggingface.co/docs/transformers/main/en/main_classes/text_generation)\n"}
,{"stream_name":"stdout","time":18320.194876895,"data":"base reasoning:medmcqa: 4/4 done in 8s\n"}
,{"stream_name":"stdout","time":18320.194880326,"data":"\n"}
,{"stream_name":"stderr","time":18320.196478257,"data":"/usr/local/lib/python3.12/dist-packages/IPython/core/interactiveshell.py:3561: UserWarning: To exit: use 'exit', 'quit', or Ctrl-D.\n"}
,{"stream_name":"stderr","time":18320.196496901,"data":"  warn(\"To exit: use 'exit', 'quit', or Ctrl-D.\", stacklevel=1)\n"}
,{"stream_name":"stderr","time":18320.19650206,"data":"\n"}
,{"stream_name":"stderr","time":18320.196505595,"data":"/usr/local/lib/python3.12/dist-packages/IPython/core/interactiveshell.py:3561: UserWarning: To exit: use 'exit', 'quit', or Ctrl-D.\n"}
,{"stream_name":"stderr","time":18320.196509219,"data":"  warn(\"To exit: use 'exit', 'quit', or Ctrl-D.\", stacklevel=1)\n"}
,{"stream_name":"stderr","time":18321.220795941,"data":"Traceback (most recent call last):\n"}
,{"stream_name":"stderr","time":18321.220817334,"data":"  File \"\u003cstring\u003e\", line 1, in \u003cmodule\u003e\n"}
,{"stream_name":"stderr","time":18321.220822496,"data":"  File \"/usr/local/lib/python3.12/dist-packages/papermill/execute.py\", line 131, in execute_notebook\n"}
,{"stream_name":"stderr","time":18321.221967361,"data":"    raise_for_execution_errors(nb, output_path)\n"}
,{"stream_name":"stderr","time":18321.221988437,"data":"  File \"/usr/local/lib/python3.12/dist-packages/papermill/execute.py\", line 251, in raise_for_execution_errors\n"}
,{"stream_name":"stderr","time":18321.222154908,"data":"    raise error\n"}
,{"stream_name":"stderr","time":18321.222196027,"data":"papermill.exceptions.PapermillExecutionError: \n"}
,{"stream_name":"stderr","time":18321.2222027,"data":"---------------------------------------------------------------------------\n"}
,{"stream_name":"stderr","time":18321.222207323,"data":"Exception encountered at \"In [7]\":\n"}
,{"stream_name":"stderr","time":18321.222211487,"data":"An exception has occurred, use %tb to see the full traceback.\n"}
,{"stream_name":"stderr","time":18321.222215624,"data":"\n"}
,{"stream_name":"stderr","time":18321.222219338,"data":"SystemExit: \n"}
,{"stream_name":"stderr","time":18321.222223175,"data":"STOP. The evaluation smoke run failed: {'tuned': 1, 'base': 0}. The adapter is already in the Output panel; the log tails above say why.\n"}
,{"stream_name":"stderr","time":18321.222226918,"data":"\n"}
,{"stream_name":"stderr","time":18321.22223,"data":"\n"}
,{"stream_name":"stderr","time":18323.452103751,"data":"/usr/local/lib/python3.12/dist-packages/mistune.py:435: SyntaxWarning: invalid escape sequence '\\|'\n"}
,{"stream_name":"stderr","time":18323.452146481,"data":"  cells[i][c] = re.sub('\\\\\\\\\\|', '|', cell)\n"}
,{"stream_name":"stderr","time":18323.631306251,"data":"/usr/local/lib/python3.12/dist-packages/nbconvert/filters/filter_links.py:36: SyntaxWarning: invalid escape sequence '\\_'\n"}
,{"stream_name":"stderr","time":18323.631345288,"data":"  text = re.sub(r'_', '\\_', text) # Escape underscores in display text\n"}
,{"stream_name":"stderr","time":18324.272398633,"data":"[NbConvertApp] Converting notebook __notebook__.ipynb to notebook\n"}
,{"stream_name":"stderr","time":18324.666041045,"data":"[NbConvertApp] Writing 50544 bytes to __notebook__.ipynb\n"}
,{"stream_name":"stderr","time":18326.952604913,"data":"[NbConvertApp] Converting notebook __notebook__.ipynb to html\n"}
,{"stream_name":"stderr","time":18327.80526581,"data":"[NbConvertApp] Writing 379915 bytes to __results__.html\n"}
]